"Path","Hash"
"C:\Users\glenn\Documents\Code Black Telemetry Backups\atlas-production-working-tree-20260729-200938\capacitor.config.ts","6506E6C2C0BD1C91ED20FFB86FBB1680AE5D4B8BC0A0BD0831E78A0B51D8BF48"
"C:\Users\glenn\Documents\Code Black Telemetry Backups\atlas-production-working-tree-20260729-200938\package-lock.json","8FBEC9208C2207B79B1D4009D11705E17B284DF1ABC098D73108AAD521106FB6"
"C:\Users\glenn\Documents\Code Black Telemetry Backups\atlas-production-working-tree-20260729-200938\package.json","12A44CF5FC9DC8C9B501484AAD1638B062A1E6F27D5E1F5C2525B3CBA11639A5"
"C:\Users\glenn\Documents\Code Black Telemetry Backups\atlas-production-working-tree-20260729-200938\android\.gitignore","065E4A92A240FE11A0EA230491AD9DABEF143F5FD5A3E6884AD6F0395666A971"
"C:\Users\glenn\Documents\Code Black Telemetry Backups\atlas-production-working-tree-20260729-200938\android\build.gradle","6A17A12010419CDFFB750A98BB9D3819C2AA1A215C36A5E8C1FF08A371169AD8"
"C:\Users\glenn\Documents\Code Black Telemetry Backups\atlas-production-working-tree-20260729-200938\android\capacitor.settings.gradle","F49E1252723F1CB4C6ACE56D89BDB9B4DDFE4C23B8449BBFF91A590B44C1B3DD"
"C:\Users\glenn\Documents\Code Black Telemetry Backups\atlas-production-working-tree-20260729-200938\android\gradle.properties","3BAB15C5B8BC4C2F4B6CF525497D15AD4ABCA53A460E6DD2EB0F0135817D31E6"
"C:\Users\glenn\Documents\Code Black Telemetry Backups\atlas-production-working-tree-20260729-200938\android\gradlew","B187B4C52E749F5760AFDD6FADC31B2A98AD35FB249BF0DFF03B72650F320409"
"C:\Users\glenn\Documents\Code Black Telemetry Backups\atlas-production-working-tree-20260729-200938\android\gradlew.bat","1D297E00BD21DE3ACE22B4D7F2DE1F9DFA858883D66BBF7C1CCBECCCEC8F4F3B"
"C:\Users\glenn\Documents\Code Black Telemetry Backups\atlas-production-working-tree-20260729-200938\android\settings.gradle","6CE098D15EBD69B44C4ECD786BCA1BDC366340D2459B2AF4D7BB0AB317AA9669"
"C:\Users\glenn\Documents\Code Black Telemetry Backups\atlas-production-working-tree-20260729-200938\android\variables.gradle","83D502C9ED8FCF1DD4791482067ABEEDBEBAE49FAFE9CD14A8A1F5891DEB0D88"
"C:\Users\glenn\Documents\Code Black Telemetry Backups\atlas-production-working-tree-20260729-200938\android\.gradle\file-system.probe","AD86EED0579DA9BC554DE3CB753F3A5B2A46C0B6011025034C83682B753A8D0C"
"C:\Users\glenn\Documents\Code Black Telemetry Backups\atlas-production-working-tree-20260729-200938\android\.gradle\8.14.3\gc.properties","E3B0C44298FC1C149AFBF4C8996FB92427AE41E4649B934CA495991B7852B855"
"C:\Users\glenn\Documents\Code Black Telemetry Backups\atlas-production-working-tree-20260729-200938\android\.gradle\8.14.3\checksums\checksums.lock","AF71199D489FE9C2B7B10CFE7ED8E21E4AC053FC15D36222048DCE4187460B15"
"C:\Users\glenn\Documents\Code Black Telemetry Backups\atlas-production-working-tree-20260729-200938\android\.gradle\8.14.3\checksums\md5-checksums.bin","452A2D7C7C0071CB7ED2C7F3418B60723B00DA7247EA60EC21E1A1AB100F7E2B"
"C:\Users\glenn\Documents\Code Black Telemetry Backups\atlas-production-working-tree-20260729-200938\android\.gradle\8.14.3\checksums\sha1-checksums.bin","10877DAF8DC12E4BA74F7D08BE356D6D55D9AD115C6DE9434F4A139C0D3031B1"
"C:\Users\glenn\Documents\Code Black Telemetry Backups\atlas-production-working-tree-20260729-200938\android\.gradle\8.14.3\executionHistory\executionHistory.bin","63F4B81B20B8B687629A07F7C13C87B9456117113EEC60010B4719A7079D3064"
"C:\Users\glenn\Documents\Code Black Telemetry Backups\atlas-production-working-tree-20260729-200938\android\.gradle\8.14.3\executionHistory\executionHistory.lock","21D03FD048C30FCC6047BFAB92B6D09EC283C71C082876B0854EF2CFC50C86F1"
"C:\Users\glenn\Documents\Code Black Telemetry Backups\atlas-production-working-tree-20260729-200938\android\.gradle\8.14.3\fileChanges\last-build.bin","6E340B9CFFB37A989CA544E6BB780A2C78901D3FB33738768511A30617AFA01D"
"C:\Users\glenn\Documents\Code Black Telemetry Backups\atlas-production-working-tree-20260729-200938\android\.gradle\8.14.3\fileHashes\fileHashes.bin","6103FBEDBC7FF580C88D0F90D3230BA758EDF90C9BC581225DEEE89235F2DDA5"
"C:\Users\glenn\Documents\Code Black Telemetry Backups\atlas-production-working-tree-20260729-200938\android\.gradle\8.14.3\fileHashes\fileHashes.lock","DB1EB9122F5B55C26CF0B8DA7BC773ACE7EB59A6B3D9922A21C3C1E1D099E4AD"
"C:\Users\glenn\Documents\Code Black Telemetry Backups\atlas-production-working-tree-20260729-200938\android\.gradle\8.14.3\fileHashes\resourceHashesCache.bin","82BD92735A2DDAB6C466AA0D12831CFF94508D14611A8C08AAF3587C62FB6F6E"
"C:\Users\glenn\Documents\Code Black Telemetry Backups\atlas-production-working-tree-20260729-200938\android\.gradle\buildOutputCleanup\buildOutputCleanup.lock","C5569E7A4954ACD11F9693EA445B423B8183BF7D949DB846C510B0BD7AB3B214"
"C:\Users\glenn\Documents\Code Black Telemetry Backups\atlas-production-working-tree-20260729-200938\android\.gradle\buildOutputCleanup\cache.properties","E89800F289F6811EDFF0885D09C132B3FEE3144B7903DF862695B777AFC09E39"
"C:\Users\glenn\Documents\Code Black Telemetry Backups\atlas-production-working-tree-20260729-200938\android\.gradle\buildOutputCleanup\outputFiles.bin","577BCC1B9123569279CC259625D36328E16C947DEE1261CD0CE829D714994537"
"C:\Users\glenn\Documents\Code Black Telemetry Backups\atlas-production-working-tree-20260729-200938\android\.gradle\vcs-1\gc.properties","E3B0C44298FC1C149AFBF4C8996FB92427AE41E4649B934CA495991B7852B855"
"C:\Users\glenn\Documents\Code Black Telemetry Backups\atlas-production-working-tree-20260729-200938\android\app\.gitignore","99C54E51EE601A60FBDE8016B2CBF717483BC2E92773BE86C9247D02A7FA6EA4"
"C:\Users\glenn\Documents\Code Black Telemetry Backups\atlas-production-working-tree-20260729-200938\android\app\build.gradle","91C6E3E62ECA9697CD58D5EC3674BA7803445DCF0DC156B3CA966DA0F518520A"
"C:\Users\glenn\Documents\Code Black Telemetry Backups\atlas-production-working-tree-20260729-200938\android\app\capacitor.build.gradle","184831B3750F6909875DFB667F6C6B2787ECE08DC1DC414C59350A5D82C86B66"
"C:\Users\glenn\Documents\Code Black Telemetry Backups\atlas-production-working-tree-20260729-200938\android\app\proguard-rules.pro","1CF8C57E8F79C250B0AF9C1A5A4EDAD71A5C348A79AB70243B6BAE086C150AD2"
"C:\Users\glenn\Documents\Code Black Telemetry Backups\atlas-production-working-tree-20260729-200938\android\app\src\androidTest\java\com\getcapacitor\myapp\ExampleInstrumentedTest.java","FF50B4C110A7434312F9AF54171F9E8523B015836F707C9B387B76D4C38A97F8"
"C:\Users\glenn\Documents\Code Black Telemetry Backups\atlas-production-working-tree-20260729-200938\android\app\src\main\AndroidManifest.xml","14E7681FA3535B3219DE7D3F5BAF39ACCC12E706EF8D05685BACFEBF4C206256"
"C:\Users\glenn\Documents\Code Black Telemetry Backups\atlas-production-working-tree-20260729-200938\android\app\src\main\assets\capacitor.config.json","4F8DC822F08575B6D23EE64AEEB520B9A36FE712FAB99FF4F8B740F0DCF7BD79"
"C:\Users\glenn\Documents\Code Black Telemetry Backups\atlas-production-working-tree-20260729-200938\android\app\src\main\assets\capacitor.plugins.json","753045A76CA71ACCE5E66D98F80531C57969038024207A0395632CC03F3AA699"
"C:\Users\glenn\Documents\Code Black Telemetry Backups\atlas-production-working-tree-20260729-200938\android\app\src\main\assets\recon-ref.png","25392DBEF0859063AAD1715C2E22A8AED554EEE57EFD5EEA67EC0C58B79838CA"
"C:\Users\glenn\Documents\Code Black Telemetry Backups\atlas-production-working-tree-20260729-200938\android\app\src\main\assets\public\atlas-fixture-ref.svg","816BAB6E068328806D8E1E57305D23108F7C9D4871716E1FE8B41F440CBE7FE0"
"C:\Users\glenn\Documents\Code Black Telemetry Backups\atlas-production-working-tree-20260729-200938\android\app\src\main\assets\public\cordova.js","E3B0C44298FC1C149AFBF4C8996FB92427AE41E4649B934CA495991B7852B855"
"C:\Users\glenn\Documents\Code Black Telemetry Backups\atlas-production-working-tree-20260729-200938\android\app\src\main\assets\public\cordova_plugins.js","E3B0C44298FC1C149AFBF4C8996FB92427AE41E4649B934CA495991B7852B855"
"C:\Users\glenn\Documents\Code Black Telemetry Backups\atlas-production-working-tree-20260729-200938\android\app\src\main\assets\public\favicon.svg","61BC9A161DE58248288E6905425D7180F0624C2865007B97D763FDAC12043A66"
"C:\Users\glenn\Documents\Code Black Telemetry Backups\atlas-production-working-tree-20260729-200938\android\app\src\main\assets\public\icons.svg","B45FA506195CFCDEF406BA9F0C77B36DDC1A7C224040926EC70ABC2FDEA7B93A"
"C:\Users\glenn\Documents\Code Black Telemetry Backups\atlas-production-working-tree-20260729-200938\android\app\src\main\assets\public\index.html","30A95BF2829C169BA992652CB25E7ADC3E31762EB98D03F90644633B287533AF"
"C:\Users\glenn\Documents\Code Black Telemetry Backups\atlas-production-working-tree-20260729-200938\android\app\src\main\assets\public\manifest.webmanifest","517ED4C9A3D342720F50E2723C8265CBF883F229D62491D6D408B6FA3F942B0F"
"C:\Users\glenn\Documents\Code Black Telemetry Backups\atlas-production-working-tree-20260729-200938\android\app\src\main\assets\public\sw.js","14E6B9D644A72F7DFA9CC3134A9CBEEDF66B2A106D968FB087283BFE820E67C3"
"C:\Users\glenn\Documents\Code Black Telemetry Backups\atlas-production-working-tree-20260729-200938\android\app\src\main\assets\public\assets\index-D7shlPUf.css","86E7D2E5EA92DEEA1046D0A025E7037FFA34D885F85DF8327A3A8597CA58E56F"
"C:\Users\glenn\Documents\Code Black Telemetry Backups\atlas-production-working-tree-20260729-200938\android\app\src\main\assets\public\assets\index-W6prVSgy.js","2A368DB1F41BEB52D8EA54B9EC16FA18245305DF554276C7CADE594D03AE8E62"
"C:\Users\glenn\Documents\Code Black Telemetry Backups\atlas-production-working-tree-20260729-200938\android\app\src\main\assets\public\assets\web-BvLblpEI.js","13ED59796949DF0D7B6846A28F69BBC0A32F200E7A542F527BCFE8B93FE0F0F5"
"C:\Users\glenn\Documents\Code Black Telemetry Backups\atlas-production-working-tree-20260729-200938\android\app\src\main\assets\public\assets\web-C5MDWA63.js","149920488DD7B5DEF7DC2A557FA4847D1455F0695210F32D9578FDE5292952D0"
"C:\Users\glenn\Documents\Code Black Telemetry Backups\atlas-production-working-tree-20260729-200938\android\app\src\main\assets\public\assets\web-e3rN8A5Q.js","8FD2DD839F86FFA152EC43A21C10A92642E46FAB04CE131BF7DD25CA9FD51EBC"
"C:\Users\glenn\Documents\Code Black Telemetry Backups\atlas-production-working-tree-20260729-200938\android\app\src\main\java\com\codeblackwx\ops\MainActivity.java","D357F3AA5FCF46B636A37E0CF03CA93157FA60FD528CBD39FB1D4F101CBC2C20"
"C:\Users\glenn\Documents\Code Black Telemetry Backups\atlas-production-working-tree-20260729-200938\android\app\src\main\java\com\codeblackwx\ops\radar\RadarForegroundService.java","CDDC07CF2A528C4AE751E7272B3EE1CEC4B3F27642D714213F9248F752CADD0C"
"C:\Users\glenn\Documents\Code Black Telemetry Backups\atlas-production-working-tree-20260729-200938\android\app\src\main\java\com\codeblackwx\ops\radar\RadarNativePlugin.java","37D68DC899EA21A36B3C8B6D27E40F485582A1B13AE4D03FE01034DC20041144"
"C:\Users\glenn\Documents\Code Black Telemetry Backups\atlas-production-working-tree-20260729-200938\android\app\src\main\java\com\codeblackwx\ops\radar\RadarSite.java","5970992C40FE20C644FE98978D914071DA03580C90D014BBBBCA50B7CD647501"
"C:\Users\glenn\Documents\Code Black Telemetry Backups\atlas-production-working-tree-20260729-200938\android\app\src\main\java\com\codeblackwx\ops\radar\RadarSites.java","9308DB9E6D335FC879860944138A63268886285F11F6A7CABB516ADC3E64D9B2"
"C:\Users\glenn\Documents\Code Black Telemetry Backups\atlas-production-working-tree-20260729-200938\android\app\src\main\java\com\codeblackwx\ops\recon\NativeMapboxReconActivity.java","F9E4186E5A0EE305DE8AA718D375A64B600C3A71073EAD6062B4B3E00D1E8FFB"
"C:\Users\glenn\Documents\Code Black Telemetry Backups\atlas-production-working-tree-20260729-200938\android\app\src\main\jniLibs\arm64-v8a\libcodeblack_radar.so","6C435B7AB27C199184B592CF399832AAB6C5A3CE5A0A7DE893681AB57E8B1D27"
"C:\Users\glenn\Documents\Code Black Telemetry Backups\atlas-production-working-tree-20260729-200938\android\app\src\main\res\drawable\ic_launcher_background.xml","718BA51ADF166BB55C3E9936BB8199A0148457F7F0191AAA2F37A94F3159D6EC"
"C:\Users\glenn\Documents\Code Black Telemetry Backups\atlas-production-working-tree-20260729-200938\android\app\src\main\res\drawable\splash.png","5CF98B4451BD99B20DF26F9E608A46946118BE6B0AE90762F9CA1786A30C76FF"
"C:\Users\glenn\Documents\Code Black Telemetry Backups\atlas-production-working-tree-20260729-200938\android\app\src\main\res\drawable-land-hdpi\splash.png","08CC34AD7713FE7ED58BCEAA37B2387B670C53CD60264B4BD6442DB3098E75DC"
"C:\Users\glenn\Documents\Code Black Telemetry Backups\atlas-production-working-tree-20260729-200938\android\app\src\main\res\drawable-land-mdpi\splash.png","5CF98B4451BD99B20DF26F9E608A46946118BE6B0AE90762F9CA1786A30C76FF"
"C:\Users\glenn\Documents\Code Black Telemetry Backups\atlas-production-working-tree-20260729-200938\android\app\src\main\res\drawable-land-xhdpi\splash.png","22F87E1E3BC89AA01A7DBC39C9A4DB058CD0BF4AD3FE9F55712BF69EB997F4BF"
"C:\Users\glenn\Documents\Code Black Telemetry Backups\atlas-production-working-tree-20260729-200938\android\app\src\main\res\drawable-land-xxhdpi\splash.png","42AA26392546FCDEE1B8D3AC6D4B41BFCCEB41DC6A4F3A3C30C24A8A8F4DB862"
"C:\Users\glenn\Documents\Code Black Telemetry Backups\atlas-production-working-tree-20260729-200938\android\app\src\main\res\drawable-land-xxxhdpi\splash.png","60393CE8636FD263E4E1FEA3FD4AB2DE948C6295E898FDA9B50AC4E5283BE809"
"C:\Users\glenn\Documents\Code Black Telemetry Backups\atlas-production-working-tree-20260729-200938\android\app\src\main\res\drawable-port-hdpi\splash.png","C5015F4BA3628392B538386C5E210F0B94F352A3160ADAB934FD0311972137CA"
"C:\Users\glenn\Documents\Code Black Telemetry Backups\atlas-production-working-tree-20260729-200938\android\app\src\main\res\drawable-port-mdpi\splash.png","07FA579E1C83E04BA7F9CBCBFCF41B68E15FE3638F2C44A04E58B809103E6B69"
"C:\Users\glenn\Documents\Code Black Telemetry Backups\atlas-production-working-tree-20260729-200938\android\app\src\main\res\drawable-port-xhdpi\splash.png","B73049CB37FE76D6C11B87A796766BF6AF0C85483B31EB6A921657B0D764A4B9"
"C:\Users\glenn\Documents\Code Black Telemetry Backups\atlas-production-working-tree-20260729-200938\android\app\src\main\res\drawable-port-xxhdpi\splash.png","0C7F1212F25B7B90E9A6E1D320013E4FF3D3E03E634CBB07B7B7981CAC51627F"
"C:\Users\glenn\Documents\Code Black Telemetry Backups\atlas-production-working-tree-20260729-200938\android\app\src\main\res\drawable-port-xxxhdpi\splash.png","3DB071A03B2F8FFE0DFD4170FC59842D53CD15BBA5E88AF59401D58EFABF7827"
"C:\Users\glenn\Documents\Code Black Telemetry Backups\atlas-production-working-tree-20260729-200938\android\app\src\main\res\drawable-v24\ic_launcher_foreground.xml","A8514094F754B099D3E55CE1D6E0B2DE79DB418B2EEACB0FC2A6BB0BFADEF221"
"C:\Users\glenn\Documents\Code Black Telemetry Backups\atlas-production-working-tree-20260729-200938\android\app\src\main\res\layout\activity_main.xml","5D770FEB791313B947020CBFC57E5C733C556DAC5E9E49261A1190E527073253"
"C:\Users\glenn\Documents\Code Black Telemetry Backups\atlas-production-working-tree-20260729-200938\android\app\src\main\res\mipmap-anydpi-v26\ic_launcher.xml","9C3A7E0A6515C6E1A7AE834A9AE430311EBC3241F7B2E5E7F0460AA690709A7C"
"C:\Users\glenn\Documents\Code Black Telemetry Backups\atlas-production-working-tree-20260729-200938\android\app\src\main\res\mipmap-anydpi-v26\ic_launcher_round.xml","9C3A7E0A6515C6E1A7AE834A9AE430311EBC3241F7B2E5E7F0460AA690709A7C"
"C:\Users\glenn\Documents\Code Black Telemetry Backups\atlas-production-working-tree-20260729-200938\android\app\src\main\res\mipmap-hdpi\ic_launcher.png","72B71C3581CA3B5A23B1C168D69B9D855B3F184FA079902A01F088EB4F0607D5"
"C:\Users\glenn\Documents\Code Black Telemetry Backups\atlas-production-working-tree-20260729-200938\android\app\src\main\res\mipmap-hdpi\ic_launcher_foreground.png","32BAA10D2632A4417454A579F992BD640E0A3CEC79321423559B2C9940DE58A9"
"C:\Users\glenn\Documents\Code Black Telemetry Backups\atlas-production-working-tree-20260729-200938\android\app\src\main\res\mipmap-hdpi\ic_launcher_round.png","BFCC1B0FA931B14BB241372C76AB4F04374B67D02363C98D9CB12EDFDACDF5F3"
"C:\Users\glenn\Documents\Code Black Telemetry Backups\atlas-production-working-tree-20260729-200938\android\app\src\main\res\mipmap-mdpi\ic_launcher.png","27ED3603010EBC278F64F8645741AB132FF517ABB5308EB9DF6C8E42A48956B2"
"C:\Users\glenn\Documents\Code Black Telemetry Backups\atlas-production-working-tree-20260729-200938\android\app\src\main\res\mipmap-mdpi\ic_launcher_foreground.png","58E78A618778926B1F6D9472A6468DE878DE8530970934E94AAB5BA4BA08CC00"
"C:\Users\glenn\Documents\Code Black Telemetry Backups\atlas-production-working-tree-20260729-200938\android\app\src\main\res\mipmap-mdpi\ic_launcher_round.png","0166FC333074C373FBD0CE6B5DEFD71552166165AC778121CA9C9DFF6B83F0FC"
"C:\Users\glenn\Documents\Code Black Telemetry Backups\atlas-production-working-tree-20260729-200938\android\app\src\main\res\mipmap-xhdpi\ic_launcher.png","D35DBFFF175B83C13EF59CF924ABFC810F7B6A158595D7417C5498EA8C7C7ED1"
"C:\Users\glenn\Documents\Code Black Telemetry Backups\atlas-production-working-tree-20260729-200938\android\app\src\main\res\mipmap-xhdpi\ic_launcher_foreground.png","6F88083B8166CC559102F7044688DE7525287632EBE09AC45D001AC8BF4B3EAE"
"C:\Users\glenn\Documents\Code Black Telemetry Backups\atlas-production-working-tree-20260729-200938\android\app\src\main\res\mipmap-xhdpi\ic_launcher_round.png","40911A00922868686854A4804B93FD6E56B503664696DE03F450BFF690AFFB6D"
"C:\Users\glenn\Documents\Code Black Telemetry Backups\atlas-production-working-tree-20260729-200938\android\app\src\main\res\mipmap-xxhdpi\ic_launcher.png","ED346EB1E3F0280F15709393705899B3FF55C20B88F4E0308006B3C33CF5FE14"
"C:\Users\glenn\Documents\Code Black Telemetry Backups\atlas-production-working-tree-20260729-200938\android\app\src\main\res\mipmap-xxhdpi\ic_launcher_foreground.png","4A82BC1E9923576275869998925CE0AE021A79AA18B24A0DD87AD6B61CA85053"
"C:\Users\glenn\Documents\Code Black Telemetry Backups\atlas-production-working-tree-20260729-200938\android\app\src\main\res\mipmap-xxhdpi\ic_launcher_round.png","1EE4CD9FF371DCB2E3938097E434F6FB8731688ED7165E61FC63693AD5B2F455"
"C:\Users\glenn\Documents\Code Black Telemetry Backups\atlas-production-working-tree-20260729-200938\android\app\src\main\res\mipmap-xxxhdpi\ic_launcher.png","87CB2F2FFE992652BB4FA768C73719A37B5852AB17FBF8E170E888F7A42B0761"
"C:\Users\glenn\Documents\Code Black Telemetry Backups\atlas-production-working-tree-20260729-200938\android\app\src\main\res\mipmap-xxxhdpi\ic_launcher_foreground.png","BD24FD383253BF8D43F0A81F11C071D76D1D555114376DD647CD9FB38FA0A9DA"
"C:\Users\glenn\Documents\Code Black Telemetry Backups\atlas-production-working-tree-20260729-200938\android\app\src\main\res\mipmap-xxxhdpi\ic_launcher_round.png","AB93096331E7CD8EC379F73F1E9ADCAAA9EE1115C9F4FF10411A811FB9700174"
"C:\Users\glenn\Documents\Code Black Telemetry Backups\atlas-production-working-tree-20260729-200938\android\app\src\main\res\values\ic_launcher_background.xml","CD40BAFE618FF506F4088778B135CB4FAA15F25E0C9B475E22D730C74B7BE115"
"C:\Users\glenn\Documents\Code Black Telemetry Backups\atlas-production-working-tree-20260729-200938\android\app\src\main\res\values\mapbox_access_token.xml","BC014FB82AE1DAABDA5017BB9030BC9ADFA79955A6B8CB215ABF44B906C369C2"
"C:\Users\glenn\Documents\Code Black Telemetry Backups\atlas-production-working-tree-20260729-200938\android\app\src\main\res\values\strings.xml","8EAA08816348B8F3DA889806622AE34E4C6EB27F63A6DDC74024FFA1AB338E0B"
"C:\Users\glenn\Documents\Code Black Telemetry Backups\atlas-production-working-tree-20260729-200938\android\app\src\main\res\values\styles.xml","18EBBA36575E9461347EE67361B23CAF095F158EE85DBEFE1B83A4669BA5BD6C"
"C:\Users\glenn\Documents\Code Black Telemetry Backups\atlas-production-working-tree-20260729-200938\android\app\src\main\res\xml\config.xml","E9DCDA493E663C5C4DB9E3CB3BD968477A6E90AA8840BCBBA40D72ED54B767CE"
"C:\Users\glenn\Documents\Code Black Telemetry Backups\atlas-production-working-tree-20260729-200938\android\app\src\main\res\xml\file_paths.xml","A46ED43EF65C90CB6778F4581DECF3556E3F0055AAD8F36D69DAE16F9A0E99AA"
"C:\Users\glenn\Documents\Code Black Telemetry Backups\atlas-production-working-tree-20260729-200938\android\app\src\main\res\xml\network_security_config.xml","9C91DC28F8D18F442B4F6743708A3EDD2ECBFC7A66F2FFA1AFE94B04F7A2C87A"
"C:\Users\glenn\Documents\Code Black Telemetry Backups\atlas-production-working-tree-20260729-200938\android\app\src\test\java\com\getcapacitor\myapp\ExampleUnitTest.java","D4045AE8FAC1F0807E6B24EB34E68409A9A235DF9D1A3F896FB8C9A49424363D"
"C:\Users\glenn\Documents\Code Black Telemetry Backups\atlas-production-working-tree-20260729-200938\android\capacitor-cordova-android-plugins\build.gradle","28E3FA281F4D1E388BF98ABC7F5BB31E672516E385C165C719D201ED54B8236E"
"C:\Users\glenn\Documents\Code Black Telemetry Backups\atlas-production-working-tree-20260729-200938\android\capacitor-cordova-android-plugins\cordova.variables.gradle","B13104B34F7738ABCEEC358AE8226BA5E64855E97BABDE54A115880E9B9BD47B"
"C:\Users\glenn\Documents\Code Black Telemetry Backups\atlas-production-working-tree-20260729-200938\android\capacitor-cordova-android-plugins\src\main\AndroidManifest.xml","2E3E383475F0E6CB76F0A7B46017A546663FBA8E5BD1EF2A537412AFAC2EE9B5"
"C:\Users\glenn\Documents\Code Black Telemetry Backups\atlas-production-working-tree-20260729-200938\android\capacitor-cordova-android-plugins\src\main\java\.gitkeep","E3B0C44298FC1C149AFBF4C8996FB92427AE41E4649B934CA495991B7852B855"
"C:\Users\glenn\Documents\Code Black Telemetry Backups\atlas-production-working-tree-20260729-200938\android\capacitor-cordova-android-plugins\src\main\res\.gitkeep","01BA4719C80B6FE911B091A7C05124B64EEECE964E09C058EF8F9805DACA546B"
"C:\Users\glenn\Documents\Code Black Telemetry Backups\atlas-production-working-tree-20260729-200938\android\gradle\wrapper\gradle-wrapper.jar","7D3A4AC4DE1C32B59BC6A4EB8ECB8E612CCD0CF1AE1E99F66902DA64DF296172"
"C:\Users\glenn\Documents\Code Black Telemetry Backups\atlas-production-working-tree-20260729-200938\android\gradle\wrapper\gradle-wrapper.properties","9A479A85AA879BB55284FC16D0DE5B81A745C3854F4E2D88C42E7DEBAF007435"
"C:\Users\glenn\Documents\Code Black Telemetry Backups\atlas-production-working-tree-20260729-200938\android\tmp-mapbox-aar\AndroidManifest.xml","1A189A02ACCDF457D2EAFDAC52644F279932E7E58BB290094B9EC6C4122DC35C"
"C:\Users\glenn\Documents\Code Black Telemetry Backups\atlas-production-working-tree-20260729-200938\android\tmp-mapbox-aar\classes.jar","E56DEEFD4255B9C2A9E6E4C20DC9AC3E23C919AC7A77BDEB1B3F269ED71F2414"
"C:\Users\glenn\Documents\Code Black Telemetry Backups\atlas-production-working-tree-20260729-200938\android\tmp-mapbox-aar\proguard.txt","4EE0658A968E028A4BB93646FEA1598BF4A574E36E4319B02BC4956AC2B76C3E"
"C:\Users\glenn\Documents\Code Black Telemetry Backups\atlas-production-working-tree-20260729-200938\android\tmp-mapbox-aar\public.txt","95EDF5C8CA1E6539F859359B356C2E4E1C30D5300331E8E07945DC9EF72E293B"
"C:\Users\glenn\Documents\Code Black Telemetry Backups\atlas-production-working-tree-20260729-200938\android\tmp-mapbox-aar\R.txt","FBA4E688402F3E5514C9C78AC97801FB6627CBD71E7B835C81ED230B939476E6"
"C:\Users\glenn\Documents\Code Black Telemetry Backups\atlas-production-working-tree-20260729-200938\android\tmp-mapbox-aar\sdk.zip","795A81133E1255F3F8FB9C1E15F5CBDB015CBBB120DBE784072ABCC240351E2F"
"C:\Users\glenn\Documents\Code Black Telemetry Backups\atlas-production-working-tree-20260729-200938\android\tmp-mapbox-aar\assets\sdk_versions\com.mapbox.maps","F16D859A3E59FF84F3B46F8E606E5DA45997992E9459D1C361DFF7BB6F845157"
"C:\Users\glenn\Documents\Code Black Telemetry Backups\atlas-production-working-tree-20260729-200938\android\tmp-mapbox-aar\res\drawable\mapbox_logo_helmet.png","FA925409F17C67C14CA51054605D2EA75C6FE48078E745DC618FD7AE7DF4FE5E"
"C:\Users\glenn\Documents\Code Black Telemetry Backups\atlas-production-working-tree-20260729-200938\android\tmp-mapbox-aar\res\drawable\mapbox_logo_icon.png","74BF616CF0961CBC7FA8A61F23FAA1BAD8F6C4A461FA30CF5B08994874485764"
"C:\Users\glenn\Documents\Code Black Telemetry Backups\atlas-production-working-tree-20260729-200938\android\tmp-mapbox-aar\res\drawable\mapbox_rounded_corner.xml","E803DE5F9F05E9D87BC6065ABA202628A910061D56E5F47952747CE13148DD7C"
"C:\Users\glenn\Documents\Code Black Telemetry Backups\atlas-production-working-tree-20260729-200938\android\tmp-mapbox-aar\res\drawable-hdpi-v4\mapbox_logo_helmet.png","438AE726FD8F6B4F2AC3F6C099BEAFDDC4F7C95C7F7B0E4E065391E29664F0D4"
"C:\Users\glenn\Documents\Code Black Telemetry Backups\atlas-production-working-tree-20260729-200938\android\tmp-mapbox-aar\res\drawable-hdpi-v4\mapbox_logo_icon.png","D8824279C7B7C93CB5F178F342F481942C61A2F541D9EF6E80610BDB88224FB5"
"C:\Users\glenn\Documents\Code Black Telemetry Backups\atlas-production-working-tree-20260729-200938\android\tmp-mapbox-aar\res\drawable-mdpi-v4\mapbox_logo_helmet.png","FA925409F17C67C14CA51054605D2EA75C6FE48078E745DC618FD7AE7DF4FE5E"
"C:\Users\glenn\Documents\Code Black Telemetry Backups\atlas-production-working-tree-20260729-200938\android\tmp-mapbox-aar\res\drawable-mdpi-v4\mapbox_logo_icon.png","74BF616CF0961CBC7FA8A61F23FAA1BAD8F6C4A461FA30CF5B08994874485764"
"C:\Users\glenn\Documents\Code Black Telemetry Backups\atlas-production-working-tree-20260729-200938\android\tmp-mapbox-aar\res\drawable-xhdpi-v4\mapbox_logo_helmet.png","84CFD62BF276FD1A01362A2D83C9E4743F3B6630F3628AAFDD2EEBBABC375BAA"
"C:\Users\glenn\Documents\Code Black Telemetry Backups\atlas-production-working-tree-20260729-200938\android\tmp-mapbox-aar\res\drawable-xhdpi-v4\mapbox_logo_icon.png","12343CFB20BCD89AE9A32ADB746FA31376EF6A451FB959C7C1F45C6F5B43E47D"
"C:\Users\glenn\Documents\Code Black Telemetry Backups\atlas-production-working-tree-20260729-200938\android\tmp-mapbox-aar\res\drawable-xxhdpi-v4\mapbox_logo_helmet.png","572A6EDADA2DB55C6A8D70530E4D865C95BEDDDB7C80C8AA9F9377D6AE0666C8"
"C:\Users\glenn\Documents\Code Black Telemetry Backups\atlas-production-working-tree-20260729-200938\android\tmp-mapbox-aar\res\drawable-xxhdpi-v4\mapbox_logo_icon.png","95DB4151FF071B4266853D48E17ED6A3C08B4E934535DB9C0C0AE72B799AE3A8"
"C:\Users\glenn\Documents\Code Black Telemetry Backups\atlas-production-working-tree-20260729-200938\android\tmp-mapbox-aar\res\drawable-xxxhdpi-v4\mapbox_logo_helmet.png","B84D15F22B02DDC4930566C1C5049A64B2F8A5B078F4AB1676F5F034EF4F4719"
"C:\Users\glenn\Documents\Code Black Telemetry Backups\atlas-production-working-tree-20260729-200938\android\tmp-mapbox-aar\res\drawable-xxxhdpi-v4\mapbox_logo_icon.png","6C60834216D18131F4878C280994101D9CDB486B1F4FE5819BFAC5EDCF7BE4AE"
"C:\Users\glenn\Documents\Code Black Telemetry Backups\atlas-production-working-tree-20260729-200938\android\tmp-mapbox-aar\res\values\values.xml","520DD8A2F23745B3798D1E431B6621A270133FB3858C9E86908391EBCCCDB201"
"C:\Users\glenn\Documents\Code Black Telemetry Backups\atlas-production-working-tree-20260729-200938\android\tmp-mapbox-aar\res\values-ar\values-ar.xml","5CFA23CFEA860D6904319B2190B856C2505492D8A3D91700EAB9827580E0DE6C"
"C:\Users\glenn\Documents\Code Black Telemetry Backups\atlas-production-working-tree-20260729-200938\android\tmp-mapbox-aar\res\values-be\values-be.xml","13C1F5833A95AE64C9A48F08E89ADC3DC264EB5AFEB8F77E2B06F5FAF3703B30"
"C:\Users\glenn\Documents\Code Black Telemetry Backups\atlas-production-working-tree-20260729-200938\android\tmp-mapbox-aar\res\values-bg\values-bg.xml","336E783CC355BEDFB7C05F3AC98D65755A5F5CC2A634B461C809C167FED5B424"
"C:\Users\glenn\Documents\Code Black Telemetry Backups\atlas-production-working-tree-20260729-200938\android\tmp-mapbox-aar\res\values-ca\values-ca.xml","D6177AC0997481304A51B5E08ADEE407CA63B101BE6BD59C3EF0EE16BAAE2C77"
"C:\Users\glenn\Documents\Code Black Telemetry Backups\atlas-production-working-tree-20260729-200938\android\tmp-mapbox-aar\res\values-cs\values-cs.xml","F319148AE9EC433BA7609852DC42CD80FE6811213BB3A09E4D3428B51863D348"
"C:\Users\glenn\Documents\Code Black Telemetry Backups\atlas-production-working-tree-20260729-200938\android\tmp-mapbox-aar\res\values-da\values-da.xml","851B9A6EFE8FD904D1CFD6271548196C1ABEB64A632CD3AE0E376B2009A4A905"
"C:\Users\glenn\Documents\Code Black Telemetry Backups\atlas-production-working-tree-20260729-200938\android\tmp-mapbox-aar\res\values-de\values-de.xml","128CA0044C9C3C37B2D09E2DE8D41CC64B43BB68285D70E43DC254A5250545B3"
"C:\Users\glenn\Documents\Code Black Telemetry Backups\atlas-production-working-tree-20260729-200938\android\tmp-mapbox-aar\res\values-es\values-es.xml","C0E43068A6E3AA7E18BF72843574824962F8B32C832E45F5E36B1C8B705D7EC1"
"C:\Users\glenn\Documents\Code Black Telemetry Backups\atlas-production-working-tree-20260729-200938\android\tmp-mapbox-aar\res\values-fr\values-fr.xml","7996FFD12C5F80929A5FF4257E9E293FDACC354774895B408137D2BA8EEB12FA"
"C:\Users\glenn\Documents\Code Black Telemetry Backups\atlas-production-working-tree-20260729-200938\android\tmp-mapbox-aar\res\values-gl\values-gl.xml","E72FB5F8B416AAF358F5904B8646A76BB596B6155947568D231E344FA5AE5D5A"
"C:\Users\glenn\Documents\Code Black Telemetry Backups\atlas-production-working-tree-20260729-200938\android\tmp-mapbox-aar\res\values-it\values-it.xml","1DF181A2D57C96563A4B24CF7CA6849C29E6633D7D5F4E5D118AD52D3BF8C142"
"C:\Users\glenn\Documents\Code Black Telemetry Backups\atlas-production-working-tree-20260729-200938\android\tmp-mapbox-aar\res\values-iw\values-iw.xml","A8F392815009458E9730EDC95B50EC78E886769F8635F66926AA09C8B3BDE250"
"C:\Users\glenn\Documents\Code Black Telemetry Backups\atlas-production-working-tree-20260729-200938\android\tmp-mapbox-aar\res\values-ja\values-ja.xml","D5BD35ECC54E35DF595F29F186F40E28EE82E98714A87B29D1A3BF2C1BD63B65"
"C:\Users\glenn\Documents\Code Black Telemetry Backups\atlas-production-working-tree-20260729-200938\android\tmp-mapbox-aar\res\values-ko\values-ko.xml","DF94E2EA1DD2EA454CFBEA7E168396041BB68AB427B5B01F35A0EF6D7887F02E"
"C:\Users\glenn\Documents\Code Black Telemetry Backups\atlas-production-working-tree-20260729-200938\android\tmp-mapbox-aar\res\values-lt\values-lt.xml","77A1A53F47F75DFD6BAC126E2B25BC4683356BCC70B05A88683299BD0F0DEDCD"
"C:\Users\glenn\Documents\Code Black Telemetry Backups\atlas-production-working-tree-20260729-200938\android\tmp-mapbox-aar\res\values-nl\values-nl.xml","4CCB70431ADB6634C4ABFB6AFE7FE29D6FF4DEA07DC8042F029CBC728125CF04"
"C:\Users\glenn\Documents\Code Black Telemetry Backups\atlas-production-working-tree-20260729-200938\android\tmp-mapbox-aar\res\values-no\values-no.xml","106803C69DCC6B75FF20655984CE1BF87426B8BD68FC825EFAFA803645D190C0"
"C:\Users\glenn\Documents\Code Black Telemetry Backups\atlas-production-working-tree-20260729-200938\android\tmp-mapbox-aar\res\values-pl\values-pl.xml","CF41BB7F2932A0B1ECEA77C04C4E1A15AEC61E3C647D6629654EF45ADFD785D2"
"C:\Users\glenn\Documents\Code Black Telemetry Backups\atlas-production-working-tree-20260729-200938\android\tmp-mapbox-aar\res\values-pt\values-pt.xml","ECB98129E794A4057D3B2B6FA7A6F346F1938E2822A802CD61D0B156B069210B"
"C:\Users\glenn\Documents\Code Black Telemetry Backups\atlas-production-working-tree-20260729-200938\android\tmp-mapbox-aar\res\values-ru\values-ru.xml","FAB1207F3996F1675F5B7344667FEA92F0EE723450EBA5BCE98DC8AA59D8F165"
"C:\Users\glenn\Documents\Code Black Telemetry Backups\atlas-production-working-tree-20260729-200938\android\tmp-mapbox-aar\res\values-sv\values-sv.xml","837178DF718EA79B12874AF5593F558A190F359840CCB7636B0F0C0F6471A70E"
"C:\Users\glenn\Documents\Code Black Telemetry Backups\atlas-production-working-tree-20260729-200938\android\tmp-mapbox-aar\res\values-uk\values-uk.xml","B51B4ED9AA476240527CD21CC0CC65411346C108A2B4ACC6C3DA92D5979E9044"
"C:\Users\glenn\Documents\Code Black Telemetry Backups\atlas-production-working-tree-20260729-200938\android\tmp-mapbox-aar\res\values-vi\values-vi.xml","98544812F388D5D3793DB3B533989061E9C62F885D255FFBA9B071B6B685EB7D"
"C:\Users\glenn\Documents\Code Black Telemetry Backups\atlas-production-working-tree-20260729-200938\android\tmp-mapbox-aar\res\values-zh\values-zh.xml","2AF112112D58F8FBAE789D3BE8CDEF7228FE4EBB1E8D21E650BFEEF7752AAF52"
"C:\Users\glenn\Documents\Code Black Telemetry Backups\atlas-production-working-tree-20260729-200938\android\tmp-mapbox-aar\res\values-zh-rCN\values-zh-rCN.xml","AE4A10282C7C6E589A16C3A44622DF267512704F74B4E168303C3525B55A726C"
"C:\Users\glenn\Documents\Code Black Telemetry Backups\atlas-production-working-tree-20260729-200938\android\tmp-mapbox-aar\res\values-zh-rHK\values-zh-rHK.xml","72C1EA963EFAAFB4C74146B2734ADB5832FE6675D324508AD03D8E22938EA467"
"C:\Users\glenn\Documents\Code Black Telemetry Backups\atlas-production-working-tree-20260729-200938\android\tmp-mapbox-aar\res\values-zh-rTW\values-zh-rTW.xml","72C1EA963EFAAFB4C74146B2734ADB5832FE6675D324508AD03D8E22938EA467"
"C:\Users\glenn\Documents\Code Black Telemetry Backups\atlas-production-working-tree-20260729-200938\android\tmp-mapbox-common\AndroidManifest.xml","955A68CFFC68A54532B4EF84A770F96A147022062826BCBA827BF6451D838073"
"C:\Users\glenn\Documents\Code Black Telemetry Backups\atlas-production-working-tree-20260729-200938\android\tmp-mapbox-common\classes.jar","4B18C032308993A0FEBEA44F88BE03654C21A28E470624D432F6E593B5B76E2F"
"C:\Users\glenn\Documents\Code Black Telemetry Backups\atlas-production-working-tree-20260729-200938\android\tmp-mapbox-common\common.zip","23D32CCFB07F2433E997F8A2CFBCB22B5D3B4DF38E27C1A9E5F4F9CE36BA7A3E"
"C:\Users\glenn\Documents\Code Black Telemetry Backups\atlas-production-working-tree-20260729-200938\android\tmp-mapbox-common\proguard.txt","5A48B802B87336F603887A410F8152378C6A600E2F08ECB582E46690AB3E6F84"
"C:\Users\glenn\Documents\Code Black Telemetry Backups\atlas-production-working-tree-20260729-200938\android\tmp-mapbox-common\R.txt","99FB7B8EA3EAC2E74E0EDC90FD3D01CBE47EE9C8F3AF61F2397B66CDA3D804BE"
"C:\Users\glenn\Documents\Code Black Telemetry Backups\atlas-production-working-tree-20260729-200938\android\tmp-mapbox-common\assets\sdk_versions\com.mapbox.common.core","BDCFA542A049291423FF4C8261E9ECA55C9DCDA1FD55E0C8317A661A7A5DDA92"
"C:\Users\glenn\Documents\Code Black Telemetry Backups\atlas-production-working-tree-20260729-200938\android\tmp-mapbox-common\jni\arm64-v8a\libc++_shared.so","92EE8DA641B969254CC8723F64AA115D36C8FFA87115E38BC9CB89E3EEFEE839"
"C:\Users\glenn\Documents\Code Black Telemetry Backups\atlas-production-working-tree-20260729-200938\android\tmp-mapbox-common\jni\arm64-v8a\libmapbox-common.so","3D71E292474AC58321D40C59EC533265331D4D158F5259E78EFFB110F7FF1A24"
"C:\Users\glenn\Documents\Code Black Telemetry Backups\atlas-production-working-tree-20260729-200938\android\tmp-mapbox-common\jni\armeabi-v7a\libc++_shared.so","37D4FFC8C166BD8E670971985BC888E89279C771FCBF90EC70A592AD9645C9D7"
"C:\Users\glenn\Documents\Code Black Telemetry Backups\atlas-production-working-tree-20260729-200938\android\tmp-mapbox-common\jni\armeabi-v7a\libmapbox-common.so","76F161C2FE8C93624E31BA33BC0260657B2B87A31CB0C3A55B2FE17B17B1F55D"
"C:\Users\glenn\Documents\Code Black Telemetry Backups\atlas-production-working-tree-20260729-200938\android\tmp-mapbox-common\jni\x86\libc++_shared.so","649CF75DEDA40F5985F316D1CC63CBA59466DB453E610A14E983E36BE0CAAA94"
"C:\Users\glenn\Documents\Code Black Telemetry Backups\atlas-production-working-tree-20260729-200938\android\tmp-mapbox-common\jni\x86\libmapbox-common.so","95ED8D083E66524F19F8D1032A784508B1BEB167B46368B6DB29BA6E59DEBF39"
"C:\Users\glenn\Documents\Code Black Telemetry Backups\atlas-production-working-tree-20260729-200938\android\tmp-mapbox-common\jni\x86_64\libc++_shared.so","128BB6E63A08BBD21FBA7128223FB6E1016AFD76DAB9CBC09D9AAF4B0400F4E2"
"C:\Users\glenn\Documents\Code Black Telemetry Backups\atlas-production-working-tree-20260729-200938\android\tmp-mapbox-common\jni\x86_64\libmapbox-common.so","A96A9927302A9A300A05A61F67240DCF7E855F01FA43D7E15125E015B921A4E1"
"C:\Users\glenn\Documents\Code Black Telemetry Backups\atlas-production-working-tree-20260729-200938\android\tmp-mapbox-common\res\layout\activity_dummy.xml","E80D79B30B5CC0D425F76E9808ADE4419AC072931239D105F1E39CED379D2B9E"
"C:\Users\glenn\Documents\Code Black Telemetry Backups\atlas-production-working-tree-20260729-200938\android\tmp-search-aar\a.zip","E0FCD2BE7E8CDA5F5EB2DAE7822A0CDB6D07033B409E70A059FF0A69083612CC"
"C:\Users\glenn\Documents\Code Black Telemetry Backups\atlas-production-working-tree-20260729-200938\android\tmp-search-aar\AndroidManifest.xml","5B77972C68AC5E39EFCF30F0A890EB6D8E92549C5FE278EC70F4A1879486CA43"
"C:\Users\glenn\Documents\Code Black Telemetry Backups\atlas-production-working-tree-20260729-200938\android\tmp-search-aar\classes.jar","C057DF072323E05EBCC33B547C55B3E39335889728679A2424A4291F2EDEA66A"
"C:\Users\glenn\Documents\Code Black Telemetry Backups\atlas-production-working-tree-20260729-200938\android\tmp-search-aar\R.txt","E3B0C44298FC1C149AFBF4C8996FB92427AE41E4649B934CA495991B7852B855"
"C:\Users\glenn\Documents\Code Black Telemetry Backups\atlas-production-working-tree-20260729-200938\android\tmp-search-aar\assets\sdk_versions\com.mapbox.maps.core","D596F0EC142011D41FF6C22105CE9DADD6FEA260DC672975A101FEC936B83CE1"
"C:\Users\glenn\Documents\Code Black Telemetry Backups\atlas-production-working-tree-20260729-200938\android\tmp-search-aar\jni\arm64-v8a\libmapbox-maps.so","082885A3E1745E13E5B02F41298F2B2ED78E0B66C28FA8CAC62727CEEC8F8C29"
"C:\Users\glenn\Documents\Code Black Telemetry Backups\atlas-production-working-tree-20260729-200938\android\tmp-search-aar\jni\armeabi-v7a\libmapbox-maps.so","FACE8032FEA02AE3E42012B4BD21BFAD326D53923908B0C83DE109EDB355B569"
"C:\Users\glenn\Documents\Code Black Telemetry Backups\atlas-production-working-tree-20260729-200938\android\tmp-search-aar\jni\x86\libmapbox-maps.so","7B5473C36AA2A145F3DB92B5C714E616E3E6EEA03E68BF090AB4AEFBB212BC60"
"C:\Users\glenn\Documents\Code Black Telemetry Backups\atlas-production-working-tree-20260729-200938\android\tmp-search-aar\jni\x86_64\libmapbox-maps.so","65036CAF6E00AF6E6B850F8B6A73C6D45EDD3D135CF408977FB7726C858F51FC"
"C:\Users\glenn\Documents\Code Black Telemetry Backups\atlas-production-working-tree-20260729-200938\docs\on-device-radar-architecture.md","D644EED8FCDF707823305EDB864E9E61790BAB61A057AA520D0A313F77360CC5"
"C:\Users\glenn\Documents\Code Black Telemetry Backups\atlas-production-working-tree-20260729-200938\native\radar-ref\src\lib.rs","5AC1552655C5E1F93339C37405F441AA78443A8EAB8B96C22196EE38DE408D25"
"C:\Users\glenn\Documents\Code Black Telemetry Backups\atlas-production-working-tree-20260729-200938\qa-screenshots\codeblack-before-expanded-base.png","A3B4110FA07F18A4CB05943761040AB9655F931CE6FF361F941298373A871CB9"
"C:\Users\glenn\Documents\Code Black Telemetry Backups\atlas-production-working-tree-20260729-200938\qa-screenshots\codeblack-before-expanded-radar.png","FEA7E2E26FBE3EB4B089767B012637862FA6CAB40AED7B874FEB701F815C3B54"
"C:\Users\glenn\Documents\Code Black Telemetry Backups\atlas-production-working-tree-20260729-200938\qa-screenshots\codeblack-final-integration-page1-final.png","5E1D751A8B91433EAECA4FA209CE9F7171D7AD662A7BD88DA163CADAAAC5EA30"
"C:\Users\glenn\Documents\Code Black Telemetry Backups\atlas-production-working-tree-20260729-200938\qa-screenshots\codeblack-final-integration-page1.png","9D48BD1C8AE18EB64C8E83D9C0F65724685B241D5187C09306AD011576FD1F7D"
"C:\Users\glenn\Documents\Code Black Telemetry Backups\atlas-production-working-tree-20260729-200938\qa-screenshots\codeblack-final-integration-page1b.png","7CE4424AFC2B4318193920FB473C38596C397F65342164CB5EE616299CCA1E36"
"C:\Users\glenn\Documents\Code Black Telemetry Backups\atlas-production-working-tree-20260729-200938\qa-screenshots\codeblack-final-integration-page2-final.png","AC381233212FF9B5A5A80F8A70ECC64FEBFB7F81C051845A28B1B27DFE938A27"
"C:\Users\glenn\Documents\Code Black Telemetry Backups\atlas-production-working-tree-20260729-200938\qa-screenshots\codeblack-final-integration-page2.png","AD04DBFB30F1392CA366D500B437BA9D8CD29BC7DDB336FF05FB030D633E5705"
"C:\Users\glenn\Documents\Code Black Telemetry Backups\atlas-production-working-tree-20260729-200938\qa-screenshots\codeblack-final-integration-page2b.png","6035625781853320E5ED959BD0D4EF1255B686E10202AAC58C6B4053CD8D0339"
"C:\Users\glenn\Documents\Code Black Telemetry Backups\atlas-production-working-tree-20260729-200938\qa-screenshots\codeblack-final-page1.png","69470537231D8910E9BD0C69429653F3F118AA2E4189AC603D0DB404E04CC151"
"C:\Users\glenn\Documents\Code Black Telemetry Backups\atlas-production-working-tree-20260729-200938\qa-screenshots\codeblack-final-page2.png","A64AA9AEECB63A7397B507D0758107AAB0DCFE67F9B9800D39A6DD24B3CD6E62"
"C:\Users\glenn\Documents\Code Black Telemetry Backups\atlas-production-working-tree-20260729-200938\qa-screenshots\codeblack-ondevice-page1-final.png","4513107E7BEB66A9D3E27F261DCFFDE326CC0AFB51ED3C991AC66A1B1CFD98A5"
"C:\Users\glenn\Documents\Code Black Telemetry Backups\atlas-production-working-tree-20260729-200938\qa-screenshots\codeblack-ondevice-page1.png","1CB9585829805CDA3C8B17B72F695357F6A69E4ADAD78BE79CB88F04A184681E"
"C:\Users\glenn\Documents\Code Black Telemetry Backups\atlas-production-working-tree-20260729-200938\qa-screenshots\codeblack-ondevice-page2-final.png","C2B9F8657B4F8C3A0AD0D2967D6D5D11C7A48CD479442315C0DA0250CDB97FD2"
"C:\Users\glenn\Documents\Code Black Telemetry Backups\atlas-production-working-tree-20260729-200938\qa-screenshots\codeblack-ondevice-page2.png","DF90B8F270F111F544948CC1EF0394403514ECE1537E5FB0768482C365588AD3"
"C:\Users\glenn\Documents\Code Black Telemetry Backups\atlas-production-working-tree-20260729-200938\qa-screenshots\codeblack-radar-rescue-after-back.png","3BD2B1230529F384D7BC711CE28D44ABF9D8A10482A472AB72FF7FF8679F30FC"
"C:\Users\glenn\Documents\Code Black Telemetry Backups\atlas-production-working-tree-20260729-200938\qa-screenshots\codeblack-radar-rescue-back-final.png","ED8C9A5B7648A8AC4D3B8C58EEC16E49ADB024E80297052A13141FB4D6BEE3A8"
"C:\Users\glenn\Documents\Code Black Telemetry Backups\atlas-production-working-tree-20260729-200938\qa-screenshots\codeblack-radar-rescue-expanded-final-warm.png","F66BA7A17F1F3BA256F2EF61DD7809822478E7FC55D25A2618CD89DBDE42A3ED"
"C:\Users\glenn\Documents\Code Black Telemetry Backups\atlas-production-working-tree-20260729-200938\qa-screenshots\codeblack-radar-rescue-expanded-final.png","64D78D465BB6F83C273C60190033E16AD7BC69CBA64A6705819F8FE738F7FB3A"
"C:\Users\glenn\Documents\Code Black Telemetry Backups\atlas-production-working-tree-20260729-200938\qa-screenshots\codeblack-radar-rescue-expanded-ref.png","07F167EFF7BBBC6F5541A95203FBAD8EDF21466A87E793A723CE7269883240E6"
"C:\Users\glenn\Documents\Code Black Telemetry Backups\atlas-production-working-tree-20260729-200938\qa-screenshots\codeblack-radar-rescue-page1.png","EAEA6EA21D4A3462EAA38EF194E4684ACC64DA860DB0A4B37B47C9BC752A83AC"
"C:\Users\glenn\Documents\Code Black Telemetry Backups\atlas-production-working-tree-20260729-200938\qa-screenshots\expanded-ref-2.png","BC6B59725B9D7635C2642AA4D768C40D4F7132826C968FA29D51FAAF29A886DD"
"C:\Users\glenn\Documents\Code Black Telemetry Backups\atlas-production-working-tree-20260729-200938\qa-screenshots\expanded-ref-final.png","83A73C25FE3843623212DF8ED6ACCDA8CD19777CA8D484D3B2F26CAC83414581"
"C:\Users\glenn\Documents\Code Black Telemetry Backups\atlas-production-working-tree-20260729-200938\qa-screenshots\expanded-ref.png","09117FE77BCE9071DD54E35F2F4D8C6465BCC336A8DD5BE112E2D0AD70FA31CC"
"C:\Users\glenn\Documents\Code Black Telemetry Backups\atlas-production-working-tree-20260729-200938\qa-screenshots\final-expanded.png","3B1CBB4A3EADD8D2707AF16017519E828452499B34FF147934A964A50692E267"
"C:\Users\glenn\Documents\Code Black Telemetry Backups\atlas-production-working-tree-20260729-200938\qa-screenshots\final-page1.png","7EAD62E64AC88F72694F9C914E51F3BE1E650A29493E0FABA30F0A6A802B5136"
"C:\Users\glenn\Documents\Code Black Telemetry Backups\atlas-production-working-tree-20260729-200938\qa-screenshots\final-page2.png","7D26585D4582B445F5992EACB270816FD738DA8E2B7B7E1EDB40932B9A9332B9"
"C:\Users\glenn\Documents\Code Black Telemetry Backups\atlas-production-working-tree-20260729-200938\qa-screenshots\page1-ref-after-endpoint.png","126EE6DDF2688C6CC34D61C7E4211E45DA8E6EE461DD21579727AFBAEB0B3F08"
"C:\Users\glenn\Documents\Code Black Telemetry Backups\atlas-production-working-tree-20260729-200938\qa-screenshots\page1-ref-live.png","8D834174400374BEE7499F81BEE2680D1AEE3AF895E664D9837CE7C701517162"
"C:\Users\glenn\Documents\Code Black Telemetry Backups\atlas-production-working-tree-20260729-200938\qa-screenshots\page1-ref-worker-ready.png","D661B30C868DE59C1DF8616A0EA9B7BEB849B773947496488CD7ECCC9808850B"
"C:\Users\glenn\Documents\Code Black Telemetry Backups\atlas-production-working-tree-20260729-200938\qa-screenshots\page1-ref-worker.png","81C3C58CEA7AF279A105E2DF49998182A822C6E2816D2F1991B3406CB21F344C"
"C:\Users\glenn\Documents\Code Black Telemetry Backups\atlas-production-working-tree-20260729-200938\qa-screenshots\page1-ref.png","450423D2EF1004FFCA9DBA73133F053FD0EC24E5E257702EF721A3D4D3A78D9F"
"C:\Users\glenn\Documents\Code Black Telemetry Backups\atlas-production-working-tree-20260729-200938\qa-screenshots\tablet-current.png","18909FE0A2EFF74E24395FFC50120D77165EC688F4C7710CDB5BA882D0CEB291"
"C:\Users\glenn\Documents\Code Black Telemetry Backups\atlas-production-working-tree-20260729-200938\qa-screenshots\tablet-logcat-tail.txt","F5E2A4785C730EFF71D7BB000641E7D49C8337E2DFCE979D00C295C0E129356F"
"C:\Users\glenn\Documents\Code Black Telemetry Backups\atlas-production-working-tree-20260729-200938\qa-screenshots\tablet-meminfo.txt","D10B45314ABC025858D78D62FAE3CC19314F238A6E318F7B10C79D2AC3AF1AED"
"C:\Users\glenn\Documents\Code Black Telemetry Backups\atlas-production-working-tree-20260729-200938\qa-screenshots\beta1\ksgf-sn-last-p41et.bin","38067B027F0C4A922F13BE8F439C111B9D124C9C0B37C42DBE7B018B81497DF7"
"C:\Users\glenn\Documents\Code Black Telemetry Backups\atlas-production-working-tree-20260729-200938\qa-screenshots\beta1\tablet-current.png","2ED3C49EEB0DBA07C3CFFBF874ABAEB29E6031F5905F3DEA3EF43F67F94F6CD6"
"C:\Users\glenn\Documents\Code Black Telemetry Backups\atlas-production-working-tree-20260729-200938\qa-screenshots\beta1\tablet-expanded-cc.png","E090625A45CC5656E5B7B6E752D6B9D1CB73881088FAEC05B1A254AEB54A3440"
"C:\Users\glenn\Documents\Code Black Telemetry Backups\atlas-production-working-tree-20260729-200938\qa-screenshots\beta1\tablet-expanded-et.png","4C9B69D6F71043626B797CA331964784ACF7A999F9007BF5F596DCC66C09E022"
"C:\Users\glenn\Documents\Code Black Telemetry Backups\atlas-production-working-tree-20260729-200938\qa-screenshots\beta1\tablet-expanded-srv.png","C86DF2843094654B7A60485435CD620D9B197475D93E535F557E645DF11EB34D"
"C:\Users\glenn\Documents\Code Black Telemetry Backups\atlas-production-working-tree-20260729-200938\qa-screenshots\beta1\tablet-map-area.png","D7E09B84232A8A8B2404B1699E64E2DC2F52EB173E4C1827614E95474D878E4E"
"C:\Users\glenn\Documents\Code Black Telemetry Backups\atlas-production-working-tree-20260729-200938\qa-screenshots\beta1\tablet-page1-vel.png","3301A6CA8D57B6DFA9464F26E72AD14E556F4B20470211A798F43ADD2E6A101C"
"C:\Users\glenn\Documents\Code Black Telemetry Backups\atlas-production-working-tree-20260729-200938\qa-screenshots\beta1\tablet-page2-diagnostics.png","EF4291495C97F73FF5125FB8E65161B5FEF6B7C277C3E5BD235C84E9D53D1F41"
"C:\Users\glenn\Documents\Code Black Telemetry Backups\atlas-production-working-tree-20260729-200938\qa-screenshots\beta1-close\expanded-cc.png","C80F577149A3775074FA93BC67A4D352BF36D8490F7168C6F81B49A1712FD359"
"C:\Users\glenn\Documents\Code Black Telemetry Backups\atlas-production-working-tree-20260729-200938\qa-screenshots\beta1-close\expanded-ref.png","25392DBEF0859063AAD1715C2E22A8AED554EEE57EFD5EEA67EC0C58B79838CA"
"C:\Users\glenn\Documents\Code Black Telemetry Backups\atlas-production-working-tree-20260729-200938\qa-screenshots\beta1-close\expanded-srv.png","59DF61923A4FFE3200DC191F0F4B07E820A536CE241DE15AE4AA67CD077F3ED0"
"C:\Users\glenn\Documents\Code Black Telemetry Backups\atlas-production-working-tree-20260729-200938\qa-screenshots\beta1-close\expanded-vel.png","BA83B2C46B673073ED9F253FAEF53627A0BC195131FE264248DFBCA995F53CF0"
"C:\Users\glenn\Documents\Code Black Telemetry Backups\atlas-production-working-tree-20260729-200938\qa-screenshots\beta1-close\offline-cached-frame.png","1FAD75FB4695A06541D8ED90AEC95E66D9A08B2D02BA1E48A9160B1CC2E2CFFB"
"C:\Users\glenn\Documents\Code Black Telemetry Backups\atlas-production-working-tree-20260729-200938\qa-screenshots\beta1-close\page1-radar.png","5A673A9A0A3DA1B307EB67609FB4584C3123522AAC40C087D9BD04827A7F1AFA"
"C:\Users\glenn\Documents\Code Black Telemetry Backups\atlas-production-working-tree-20260729-200938\qa-screenshots\beta1-close\page2-diagnostics.png","CA5EB10C765229DBED4892DE2B50D5EA4E14BAEB8FDD5590C855A1564741D746"
"C:\Users\glenn\Documents\Code Black Telemetry Backups\atlas-production-working-tree-20260729-200938\qa-screenshots\beta1-close\product-switch-final.png","F0C17D88301260037BDB9F397BE5329282734E344276F89063ADB4EC3D343615"
"C:\Users\glenn\Documents\Code Black Telemetry Backups\atlas-production-working-tree-20260729-200938\qa-screenshots\beta1-close\short-logcat.txt","E0063661A02F3B0037E355FAFFCC79728DA9E43409E31DC0C6E072B0C74230EB"
"C:\Users\glenn\Documents\Code Black Telemetry Backups\atlas-production-working-tree-20260729-200938\qa-screenshots\beta1-close\short-stability.txt","D8D44D863123EAC770ECEEBBC07DACC3BAB0DD865F717A88AE577C61C8967160"
"C:\Users\glenn\Documents\Code Black Telemetry Backups\atlas-production-working-tree-20260729-200938\qa-screenshots\beta1-close\soak-mem.txt","87F8CFA1D52328CA479031D8760877342518019E6420ADE2B3986EAADF065C08"
"C:\Users\glenn\Documents\Code Black Telemetry Backups\atlas-production-working-tree-20260729-200938\qa-screenshots\beta1-close\soak-start.png","FF1BC66E2DED0F8BBB5E0AFB2B3E881D76B38E714F6EDAEF7AC7D7936F879EE8"
"C:\Users\glenn\Documents\Code Black Telemetry Backups\atlas-production-working-tree-20260729-200938\qa-screenshots\map-polish\back-page1-after.png","87927D9270820FB4992649DBC9DD690DB7502DF0BA5E9FC8C04A3C29DE1F875B"
"C:\Users\glenn\Documents\Code Black Telemetry Backups\atlas-production-working-tree-20260729-200938\qa-screenshots\map-polish\expanded-cc-after.png","B722CCC86F770E72737EE9E4AD17629692255244FC8D823964E255EBAD26FFEF"
"C:\Users\glenn\Documents\Code Black Telemetry Backups\atlas-production-working-tree-20260729-200938\qa-screenshots\map-polish\expanded-ref-after.png","009D2955B3CF153A69247B516B4D66C39BF8C65C1A093E92DC87284B6F21B128"
"C:\Users\glenn\Documents\Code Black Telemetry Backups\atlas-production-working-tree-20260729-200938\qa-screenshots\map-polish\expanded-srv-after.png","4305DD667CD2CC6D604BA6FA6924BF96B3989EE545ED103F975B6A140591F2FF"
"C:\Users\glenn\Documents\Code Black Telemetry Backups\atlas-production-working-tree-20260729-200938\qa-screenshots\map-polish\expanded-vel-after.png","7529E70D708B03FCF6F833D4E7EEF34D89CB1961067F667C8AE5C0E34AB60CB1"
"C:\Users\glenn\Documents\Code Black Telemetry Backups\atlas-production-working-tree-20260729-200938\qa-screenshots\map-polish\page1-after.png","E0888A379A0150A1DA7DD547D91B6CF3153CA6F8E31DEC08EA96DB0FF3FC6D5E"
"C:\Users\glenn\Documents\Code Black Telemetry Backups\atlas-production-working-tree-20260729-200938\qa-screenshots\map-polish\page1-landscape-after.png","9C3DF796F1D5A3120DDFFADBBABC715DF30C5E8321A0E297E26DDABCEC665919"
"C:\Users\glenn\Documents\Code Black Telemetry Backups\atlas-production-working-tree-20260729-200938\qa-screenshots\map-polish\page1-map-after.png","6ABB8BB30C79193E50465D08132346711A5A968A2F1653A55CD552D6F901E3D6"
"C:\Users\glenn\Documents\Code Black Telemetry Backups\atlas-production-working-tree-20260729-200938\qa-screenshots\map-polish\page2-map-diagnostics.png","74DED0F226A80098C878D7DCD1E17E3E0676D3B51D9F7FCCEA02D0A5A4028425"
"C:\Users\glenn\Documents\Code Black Telemetry Backups\atlas-production-working-tree-20260729-200938\qa-screenshots\operation-atlas\atlas-after-back-active.png","71B98A341791F6255357381E877F63D5C4A7CAE394D22EA5028F75593366E0CB"
"C:\Users\glenn\Documents\Code Black Telemetry Backups\atlas-production-working-tree-20260729-200938\qa-screenshots\operation-atlas\atlas-back-page1.png","25FEBC3DAFDE06281B6F46D5157F83D233155990B39F7A846BAA39C98DAB3B64"
"C:\Users\glenn\Documents\Code Black Telemetry Backups\atlas-production-working-tree-20260729-200938\qa-screenshots\operation-atlas\atlas-expanded-cc-active.png","3F0ACED5E73CD2129ABFEC97D6C48A929595EAA05A31F2C41AAB04C682A44FA4"
"C:\Users\glenn\Documents\Code Black Telemetry Backups\atlas-production-working-tree-20260729-200938\qa-screenshots\operation-atlas\atlas-expanded-cc.png","1B65B34AB950302C3D82F2F4C3F78B5E3068EFFB1E93B4BB96B8D978AF542EDC"
"C:\Users\glenn\Documents\Code Black Telemetry Backups\atlas-production-working-tree-20260729-200938\qa-screenshots\operation-atlas\atlas-expanded-ref-active.png","7E65C7958EE841CDC60E2EC069FF7DB8F1A61A7F7727C8CF9D17B766E3B3C697"
"C:\Users\glenn\Documents\Code Black Telemetry Backups\atlas-production-working-tree-20260729-200938\qa-screenshots\operation-atlas\atlas-expanded-ref.png","4BFB2E73CAF3AEB11ECEC5DD47DF55311E0C46FCEA63B01C25C77C4762B92EF3"
"C:\Users\glenn\Documents\Code Black Telemetry Backups\atlas-production-working-tree-20260729-200938\qa-screenshots\operation-atlas\atlas-expanded-srv.png","7A57841D3CA13C2553C42F3B752DDDE315161DBD9A78B81C53A0565EF2C9B2CC"
"C:\Users\glenn\Documents\Code Black Telemetry Backups\atlas-production-working-tree-20260729-200938\qa-screenshots\operation-atlas\atlas-expanded-vel.png","50CA3E0B40B4332C0C56F71BCF499E9020DB34F959B066AE9BF9DCC34BDB616B"
"C:\Users\glenn\Documents\Code Black Telemetry Backups\atlas-production-working-tree-20260729-200938\qa-screenshots\operation-atlas\atlas-logcat-filtered.txt","1E6770078373FD3B23221CFB46267462A25DC6CAB340DE1DAC9EC8F2364FAC99"
"C:\Users\glenn\Documents\Code Black Telemetry Backups\atlas-production-working-tree-20260729-200938\qa-screenshots\operation-atlas\atlas-meminfo-final.txt","D6C19AC2E8DC7142CCA4D2F027F70D3A5F4506D4C4D07BA2518827A2BAF39C82"
"C:\Users\glenn\Documents\Code Black Telemetry Backups\atlas-production-working-tree-20260729-200938\qa-screenshots\operation-atlas\atlas-page1-ref-active.png","62D7CE1E67DE344C93CD303F199A7B37DCA92D44652625865D786873E2F1CEE4"
"C:\Users\glenn\Documents\Code Black Telemetry Backups\atlas-production-working-tree-20260729-200938\qa-screenshots\operation-atlas\atlas-page1-ref-after-wait.png","83DAAB3BED5307C00DC6511E932B33D1C0A992062AC5E5FB6A55DD3F6EF733B5"
"C:\Users\glenn\Documents\Code Black Telemetry Backups\atlas-production-working-tree-20260729-200938\qa-screenshots\operation-atlas\atlas-page1-ref.png","E10E9572A54439702CC7516821030769057F23C1D225A03D8F3845661FAF308E"
"C:\Users\glenn\Documents\Code Black Telemetry Backups\atlas-production-working-tree-20260729-200938\qa-screenshots\operation-atlas\atlas-page2-diagnostics-active.png","9B16B63A03F1D0AA65597C48371E4C6425954568A4500CED4CD9C48CE6E6FE15"
"C:\Users\glenn\Documents\Code Black Telemetry Backups\atlas-production-working-tree-20260729-200938\qa-screenshots\operation-atlas\atlas-page2-diagnostics.png","30BD03807E979DD5BDD6A849B00E63A94939AB4ECC7FF552DA3684E6932113D9"
"C:\Users\glenn\Documents\Code Black Telemetry Backups\atlas-production-working-tree-20260729-200938\qa-screenshots\operation-atlas\atlas-page2-scrolled.png","9EAF4289C24920CEB7FE0EE7B418DC67AF74B2ADA732CA2D3C168A3038ED0186"
"C:\Users\glenn\Documents\Code Black Telemetry Backups\atlas-production-working-tree-20260729-200938\qa-screenshots\operation-atlas\initial-after-install.png","3689EB60C22A0F88FE61CB58016214D33940B6B5214511E54365E0A476DE578A"
"C:\Users\glenn\Documents\Code Black Telemetry Backups\atlas-production-working-tree-20260729-200938\qa-screenshots\operation-atlas\legacy-restored-page1.png","1224C4FE25137A4FB4064CFBF6F06A5C92240840762F8B142914AD7B7DF2FE4F"
"C:\Users\glenn\Documents\Code Black Telemetry Backups\atlas-production-working-tree-20260729-200938\qa-screenshots\operation-atlas-lock-in\01-atlas-page1-start.png","42365526B4132C6359B3077F6D1D74C670DBFE2CDEE8CCAF119D5A0F61DD8545"
"C:\Users\glenn\Documents\Code Black Telemetry Backups\atlas-production-working-tree-20260729-200938\qa-screenshots\operation-atlas-lock-in\02-atlas-page1-rebuilt.png","2D44CF61199CA4EFE3CA1EFD27A05475729618C22DBC181E071AF2C97D8E399B"
"C:\Users\glenn\Documents\Code Black Telemetry Backups\atlas-production-working-tree-20260729-200938\qa-screenshots\operation-atlas-lock-in\atlas-after-corrected-expanded-back-20260729-171053-devtools.json","AA165F340981BD6D2AF5893896966B39832C202A5BF7509ECCEB12CDD3CC3E5B"
"C:\Users\glenn\Documents\Code Black Telemetry Backups\atlas-production-working-tree-20260729-200938\qa-screenshots\operation-atlas-lock-in\atlas-after-corrected-expanded-back-20260729-171053-logcat.txt","E3B0C44298FC1C149AFBF4C8996FB92427AE41E4649B934CA495991B7852B855"
"C:\Users\glenn\Documents\Code Black Telemetry Backups\atlas-production-working-tree-20260729-200938\qa-screenshots\operation-atlas-lock-in\atlas-after-corrected-expanded-back-20260729-171053-meminfo.txt","65BDC3CDBD625DEA351FCFFE38A9809C1F19BBB273A7784270B74D08EE791DF2"
"C:\Users\glenn\Documents\Code Black Telemetry Backups\atlas-production-working-tree-20260729-200938\qa-screenshots\operation-atlas-lock-in\atlas-after-corrected-expanded-back.png","BE2017981FA52E6A6F717B6984717331CE56CD16CB273ED8D4502687E758DAF6"
"C:\Users\glenn\Documents\Code Black Telemetry Backups\atlas-production-working-tree-20260729-200938\qa-screenshots\operation-atlas-lock-in\atlas-after-expanded-back-final.png","9CCFCBE6E09F1F8013AC09ED4BE37C99F70237F4E745BD0F09745AA7E9DF43CA"
"C:\Users\glenn\Documents\Code Black Telemetry Backups\atlas-production-working-tree-20260729-200938\qa-screenshots\operation-atlas-lock-in\atlas-after-expanded-back.png","A6560FAD48766369F38E034CC074D70BC22C74EE2E10F4FE54756887F7F3F01D"
"C:\Users\glenn\Documents\Code Black Telemetry Backups\atlas-production-working-tree-20260729-200938\qa-screenshots\operation-atlas-lock-in\atlas-baseline-after-legacy-20260729-163238-devtools.json","853C06A33669CDB6C118036EA38E0C26867E3831F8710FC75ED2AF629602EDAF"
"C:\Users\glenn\Documents\Code Black Telemetry Backups\atlas-production-working-tree-20260729-200938\qa-screenshots\operation-atlas-lock-in\atlas-baseline-after-legacy-20260729-163238-logcat.txt","25DE37303F6D342AC76A3111ACF36ED138BCBE447B74562E31F4F3A20F7F55CE"
"C:\Users\glenn\Documents\Code Black Telemetry Backups\atlas-production-working-tree-20260729-200938\qa-screenshots\operation-atlas-lock-in\atlas-baseline-after-legacy-20260729-163238-meminfo.txt","1F50494137CBB7D8298F80255321DEE8A9C869F079EBEE4141FD71347E843EAD"
"C:\Users\glenn\Documents\Code Black Telemetry Backups\atlas-production-working-tree-20260729-200938\qa-screenshots\operation-atlas-lock-in\atlas-baseline-after-legacy-20260729-163238.png","175083B5E989609A3114CB98EFDDAEBE4BDA70BAB0C89FA2515C8380062D895D"
"C:\Users\glenn\Documents\Code Black Telemetry Backups\atlas-production-working-tree-20260729-200938\qa-screenshots\operation-atlas-lock-in\atlas-deadband-page1-20260729-163148-devtools.json","8A93FD5814EB7907B3A78B5C9696F449906E2B342F27B988D0F045833DD3685B"
"C:\Users\glenn\Documents\Code Black Telemetry Backups\atlas-production-working-tree-20260729-200938\qa-screenshots\operation-atlas-lock-in\atlas-deadband-page1-20260729-163148-logcat.txt","25DE37303F6D342AC76A3111ACF36ED138BCBE447B74562E31F4F3A20F7F55CE"
"C:\Users\glenn\Documents\Code Black Telemetry Backups\atlas-production-working-tree-20260729-200938\qa-screenshots\operation-atlas-lock-in\atlas-deadband-page1-20260729-163148-meminfo.txt","7DBDF0ABBA148EBE1007A66F6BCCF020D1EA2191D4B8C9C78DD463EAA001B3DE"
"C:\Users\glenn\Documents\Code Black Telemetry Backups\atlas-production-working-tree-20260729-200938\qa-screenshots\operation-atlas-lock-in\atlas-deadband-page1-20260729-163148.png","7AF86B5CFAB62A68A802210012F1B6DF141A2B5F9953E736B86595CE25FFB6AA"
"C:\Users\glenn\Documents\Code Black Telemetry Backups\atlas-production-working-tree-20260729-200938\qa-screenshots\operation-atlas-lock-in\atlas-expanded-after-product-captures-20260729-171045-devtools.json","EDCD54CA19CB7824C7C3D31922680241B17B7F1A8C8446E4D1B92A3C0CB2BAD0"
"C:\Users\glenn\Documents\Code Black Telemetry Backups\atlas-production-working-tree-20260729-200938\qa-screenshots\operation-atlas-lock-in\atlas-expanded-after-product-captures-20260729-171045-logcat.txt","E3B0C44298FC1C149AFBF4C8996FB92427AE41E4649B934CA495991B7852B855"
"C:\Users\glenn\Documents\Code Black Telemetry Backups\atlas-production-working-tree-20260729-200938\qa-screenshots\operation-atlas-lock-in\atlas-expanded-after-product-captures-20260729-171045-meminfo.txt","220EC0A6EF5DECF4F516BE2ECC41D47209F36F6DAB2CDB45785ED1A4E72919E7"
"C:\Users\glenn\Documents\Code Black Telemetry Backups\atlas-production-working-tree-20260729-200938\qa-screenshots\operation-atlas-lock-in\atlas-expanded-cc-corrected.png","94CFADD92547161452DDB35C69404E7E62A4F1A925C212E362EEF8E310E243D8"
"C:\Users\glenn\Documents\Code Black Telemetry Backups\atlas-production-working-tree-20260729-200938\qa-screenshots\operation-atlas-lock-in\atlas-expanded-cc-final.png","426B3EAE61C3C4EC06636A3667A37E2234DDA9EB3713B7512A08E0E4E3E86A41"
"C:\Users\glenn\Documents\Code Black Telemetry Backups\atlas-production-working-tree-20260729-200938\qa-screenshots\operation-atlas-lock-in\atlas-expanded-cc.png","3DE07F2793659E3010311403DB6248317E06AF5EADC494DB9695DDC4FC759108"
"C:\Users\glenn\Documents\Code Black Telemetry Backups\atlas-production-working-tree-20260729-200938\qa-screenshots\operation-atlas-lock-in\atlas-expanded-initial.png","084CE35D55378F60C4FF4E57232788DF39CD6652A5A4100268081F694156252E"
"C:\Users\glenn\Documents\Code Black Telemetry Backups\atlas-production-working-tree-20260729-200938\qa-screenshots\operation-atlas-lock-in\atlas-expanded-open-corrected-20260729-171009-devtools.json","A744CA140AB542F5CDA22519D1172354D9BA3C02D29DC9E701733F015174156E"
"C:\Users\glenn\Documents\Code Black Telemetry Backups\atlas-production-working-tree-20260729-200938\qa-screenshots\operation-atlas-lock-in\atlas-expanded-open-corrected-20260729-171009-logcat.txt","E3B0C44298FC1C149AFBF4C8996FB92427AE41E4649B934CA495991B7852B855"
"C:\Users\glenn\Documents\Code Black Telemetry Backups\atlas-production-working-tree-20260729-200938\qa-screenshots\operation-atlas-lock-in\atlas-expanded-open-corrected-20260729-171009-meminfo.txt","3DC01223AF54C4179394E746FD129456F6C23EFEF811A2BA1D2E0B8EB9DA4446"
"C:\Users\glenn\Documents\Code Black Telemetry Backups\atlas-production-working-tree-20260729-200938\qa-screenshots\operation-atlas-lock-in\atlas-expanded-open-corrected.png","C40B382D21F2348924F990DC1135583DEBA5E64A1F983C3727CEF8E4931200A8"
"C:\Users\glenn\Documents\Code Black Telemetry Backups\atlas-production-working-tree-20260729-200938\qa-screenshots\operation-atlas-lock-in\atlas-expanded-ref-corrected.png","D1BFC98693130E019DDFA21B3BF6DCCFF6B63B2F5A2BA064B40143FD8D6039CC"
"C:\Users\glenn\Documents\Code Black Telemetry Backups\atlas-production-working-tree-20260729-200938\qa-screenshots\operation-atlas-lock-in\atlas-expanded-ref-final.png","6D8259E3BD9DFD4511E34C67606868D5FD0B87DE920FB0BF16757628EBE9A85E"
"C:\Users\glenn\Documents\Code Black Telemetry Backups\atlas-production-working-tree-20260729-200938\qa-screenshots\operation-atlas-lock-in\atlas-expanded-ref.png","A186325B0F5E4A75BDD71403D5A465ED0746B1D5BDA570BECA4AA80BC999CD9F"
"C:\Users\glenn\Documents\Code Black Telemetry Backups\atlas-production-working-tree-20260729-200938\qa-screenshots\operation-atlas-lock-in\atlas-expanded-srv-corrected.png","2E54B3847C4753ABC7ABBCD0F4570B54517C672F28D8D49F8C7374E29EE431F0"
"C:\Users\glenn\Documents\Code Black Telemetry Backups\atlas-production-working-tree-20260729-200938\qa-screenshots\operation-atlas-lock-in\atlas-expanded-srv-final.png","CCA7B7307B2F154158B57F044E09942F538E4D7C3800FF7B69F2639E3A906EC5"
"C:\Users\glenn\Documents\Code Black Telemetry Backups\atlas-production-working-tree-20260729-200938\qa-screenshots\operation-atlas-lock-in\atlas-expanded-srv.png","0EAF766079A109C6C05AD8CB7F45FEF76822E5F3F651BE5A6B5DFEC8D8E0D914"
"C:\Users\glenn\Documents\Code Black Telemetry Backups\atlas-production-working-tree-20260729-200938\qa-screenshots\operation-atlas-lock-in\atlas-expanded-vel-corrected.png","7E607D408109F9F0442BA1A7EFD3CE4C50E7E871F8F23A099CD4EC7FB368A648"
"C:\Users\glenn\Documents\Code Black Telemetry Backups\atlas-production-working-tree-20260729-200938\qa-screenshots\operation-atlas-lock-in\atlas-expanded-vel-final.png","E6F1D4396FB8B5C5B02AF3883F1C3944FBAC969497B87879424805649F781183"
"C:\Users\glenn\Documents\Code Black Telemetry Backups\atlas-production-working-tree-20260729-200938\qa-screenshots\operation-atlas-lock-in\atlas-expanded-vel.png","30298003A424A66165852492F96ED4306F40ACEF6614807D2875DF5E64D81CE4"
"C:\Users\glenn\Documents\Code Black Telemetry Backups\atlas-production-working-tree-20260729-200938\qa-screenshots\operation-atlas-lock-in\atlas-final-approved-20260729-174559-devtools.json","372E47328BD61DA50EE4008D57B6FD27919DFC415E042C601628599784371552"
"C:\Users\glenn\Documents\Code Black Telemetry Backups\atlas-production-working-tree-20260729-200938\qa-screenshots\operation-atlas-lock-in\atlas-final-approved-20260729-174559-logcat.txt","EB3FF8014897888D4F07D27E7E971B73608605B887D5A74BD5C15F7EFC461A6B"
"C:\Users\glenn\Documents\Code Black Telemetry Backups\atlas-production-working-tree-20260729-200938\qa-screenshots\operation-atlas-lock-in\atlas-final-approved-20260729-174559-meminfo.txt","F61ECD00EA3DCA5F82F8AF11E1E9532AEF9477F2B173A90E7D5104353F0033F9"
"C:\Users\glenn\Documents\Code Black Telemetry Backups\atlas-production-working-tree-20260729-200938\qa-screenshots\operation-atlas-lock-in\atlas-final-approved-page1.png","21B5B3BAB5FB274EF5774E75453D93CAB202320FFFAC7AC0CA59CC58D7E2A6AC"
"C:\Users\glenn\Documents\Code Black Telemetry Backups\atlas-production-working-tree-20260729-200938\qa-screenshots\operation-atlas-lock-in\atlas-final-page1-weather-fixed.png","E5ED121B6F05B2A804E161A6913B1F5094BA3F8227795F8132F9BC303CC88A40"
"C:\Users\glenn\Documents\Code Black Telemetry Backups\atlas-production-working-tree-20260729-200938\qa-screenshots\operation-atlas-lock-in\atlas-final-page2-diagnostics-20260729-170847-devtools.json","D7F90681F3D417D47935EF4465F24A9A84FB8926FBD981C870C02C68BC30787B"
"C:\Users\glenn\Documents\Code Black Telemetry Backups\atlas-production-working-tree-20260729-200938\qa-screenshots\operation-atlas-lock-in\atlas-final-page2-diagnostics-20260729-170847-logcat.txt","E3B0C44298FC1C149AFBF4C8996FB92427AE41E4649B934CA495991B7852B855"
"C:\Users\glenn\Documents\Code Black Telemetry Backups\atlas-production-working-tree-20260729-200938\qa-screenshots\operation-atlas-lock-in\atlas-final-page2-diagnostics-20260729-170847-meminfo.txt","613D77AD8665D28BBF891DAE07DB72960F27377B2873A8209CB4B519BA7B7F34"
"C:\Users\glenn\Documents\Code Black Telemetry Backups\atlas-production-working-tree-20260729-200938\qa-screenshots\operation-atlas-lock-in\atlas-free-pan-mode.png","5C3110C49AA12CFB6202EE2A322B25C8552F50B5897074A223676BF3821D1459"
"C:\Users\glenn\Documents\Code Black Telemetry Backups\atlas-production-working-tree-20260729-200938\qa-screenshots\operation-atlas-lock-in\atlas-heading-follow-mode.png","143AD63C800E5CC74B3141D52C9F5ECF1D85D822C232AECFB0EC557954D2D66B"
"C:\Users\glenn\Documents\Code Black Telemetry Backups\atlas-production-working-tree-20260729-200938\qa-screenshots\operation-atlas-lock-in\atlas-lifecycle-results.md","58A3D046D1CB0DBBEB209E2090DD8C4E6C062AEDC5ECF7BAEAC2C98705B60A4E"
"C:\Users\glenn\Documents\Code Black Telemetry Backups\atlas-production-working-tree-20260729-200938\qa-screenshots\operation-atlas-lock-in\atlas-lock-in-report.md","B0D1731F2087EF807AE106276C0BC9ADB2912ACC7E690EEE3C307A50F7922D09"
"C:\Users\glenn\Documents\Code Black Telemetry Backups\atlas-production-working-tree-20260729-200938\qa-screenshots\operation-atlas-lock-in\atlas-logcat-filtered-expanded-corrected.txt","E3B0C44298FC1C149AFBF4C8996FB92427AE41E4649B934CA495991B7852B855"
"C:\Users\glenn\Documents\Code Black Telemetry Backups\atlas-production-working-tree-20260729-200938\qa-screenshots\operation-atlas-lock-in\atlas-logcat-filtered.txt","E3B0C44298FC1C149AFBF4C8996FB92427AE41E4649B934CA495991B7852B855"
"C:\Users\glenn\Documents\Code Black Telemetry Backups\atlas-production-working-tree-20260729-200938\qa-screenshots\operation-atlas-lock-in\atlas-memory-summary.txt","96AA66431113D3B902D1BB19BC3FD77F564D4359F0211F0FA33E5FE1543EB995"
"C:\Users\glenn\Documents\Code Black Telemetry Backups\atlas-production-working-tree-20260729-200938\qa-screenshots\operation-atlas-lock-in\atlas-memory-timeline-expanded-corrected.csv","66FFC83A881AD0776153D0423F4881DDB696CCF769DB32EB8EF5EEE4F657C0B9"
"C:\Users\glenn\Documents\Code Black Telemetry Backups\atlas-production-working-tree-20260729-200938\qa-screenshots\operation-atlas-lock-in\atlas-memory-timeline-page1-first-run.csv","22AB8B7541D9F2E705F96AE300650C34621C594D586CB73793C7164EA971CD52"
"C:\Users\glenn\Documents\Code Black Telemetry Backups\atlas-production-working-tree-20260729-200938\qa-screenshots\operation-atlas-lock-in\atlas-memory-timeline.csv","66FFC83A881AD0776153D0423F4881DDB696CCF769DB32EB8EF5EEE4F657C0B9"
"C:\Users\glenn\Documents\Code Black Telemetry Backups\atlas-production-working-tree-20260729-200938\qa-screenshots\operation-atlas-lock-in\atlas-north-or-recenter-mode.png","F4E8C1C8D9C1A4B678E8C5838CE0B8438CF9BB59BE4E71CFEC6818E83048BF8F"
"C:\Users\glenn\Documents\Code Black Telemetry Backups\atlas-production-working-tree-20260729-200938\qa-screenshots\operation-atlas-lock-in\atlas-page1-basemap-only-no-radar.png","97AE5FBEACDAB44B1CF6DD1666A321F3710418584DBD911F9A2EFE74AA3F341C"
"C:\Users\glenn\Documents\Code Black Telemetry Backups\atlas-production-working-tree-20260729-200938\qa-screenshots\operation-atlas-lock-in\atlas-page1-cc.png","89B3C0CAFBE98D5841B7E81F486886FE5F0DE0CBD5D8DC4CCD3573DD9BB31533"
"C:\Users\glenn\Documents\Code Black Telemetry Backups\atlas-production-working-tree-20260729-200938\qa-screenshots\operation-atlas-lock-in\atlas-page1-ref-final.png","7A3712E844BF99E22F64A65D119716AC166BE79EB36EA5DDBE1875B0A4C251FF"
"C:\Users\glenn\Documents\Code Black Telemetry Backups\atlas-production-working-tree-20260729-200938\qa-screenshots\operation-atlas-lock-in\atlas-page1-ref.png","9C769834EC585ED2014087914978E7C4D9C34F7C0DE8F146BF227687F95BBC09"
"C:\Users\glenn\Documents\Code Black Telemetry Backups\atlas-production-working-tree-20260729-200938\qa-screenshots\operation-atlas-lock-in\atlas-page1-srv.png","C917634CFA43EF8E145695FD526FE86D33579621EB5BA2B148FD8B625D3355AA"
"C:\Users\glenn\Documents\Code Black Telemetry Backups\atlas-production-working-tree-20260729-200938\qa-screenshots\operation-atlas-lock-in\atlas-page1-vel.png","348C25FFB667348759ED8507FEB34399F3876CDF577BCFDDC2777A64E1630DAC"
"C:\Users\glenn\Documents\Code Black Telemetry Backups\atlas-production-working-tree-20260729-200938\qa-screenshots\operation-atlas-lock-in\atlas-page2-diagnostics.png","9AD13013595AAE878892E22B9B9EA6F5974846A52B1C20A8B294F3441B3C5A92"
"C:\Users\glenn\Documents\Code Black Telemetry Backups\atlas-production-working-tree-20260729-200938\qa-screenshots\operation-atlas-lock-in\atlas-product-switch-results.md","152E985587EE9EAA5E39947E13CC775E86A3E9FF06331AB7223483E0CD437A79"
"C:\Users\glenn\Documents\Code Black Telemetry Backups\atlas-production-working-tree-20260729-200938\qa-screenshots\operation-atlas-lock-in\atlas-production-gate.md","A88C5A17144B1C4AFF87A9CF823505A11FA920ECA9FD92BC42F7F7111878DE8E"
"C:\Users\glenn\Documents\Code Black Telemetry Backups\atlas-production-working-tree-20260729-200938\qa-screenshots\operation-atlas-lock-in\atlas-rebuilt-page1-20260729-163015-devtools.json","B625BCD3B0130A516C286E9113219D4B3BEE3F96A65DB106D2C37E0FD62F9B4F"
"C:\Users\glenn\Documents\Code Black Telemetry Backups\atlas-production-working-tree-20260729-200938\qa-screenshots\operation-atlas-lock-in\atlas-rebuilt-page1-20260729-163015-logcat.txt","E34A38AE40997FC7207C1666522CCACB1F4BFBE9B8E4F35A8DE0DDB5D337F975"
"C:\Users\glenn\Documents\Code Black Telemetry Backups\atlas-production-working-tree-20260729-200938\qa-screenshots\operation-atlas-lock-in\atlas-rebuilt-page1-20260729-163015-meminfo.txt","9CFB25958741DF4D305167AED921AE784A18D6C0B70761DB393AF0DE93504AB7"
"C:\Users\glenn\Documents\Code Black Telemetry Backups\atlas-production-working-tree-20260729-200938\qa-screenshots\operation-atlas-lock-in\atlas-rebuilt-page1-20260729-163015.png","712F8CEF855FDA47682D2503875C7EF8B044C5E98897C838C70F0FC85E4E40BA"
"C:\Users\glenn\Documents\Code Black Telemetry Backups\atlas-production-working-tree-20260729-200938\qa-screenshots\operation-atlas-lock-in\atlas-recentered-mode.png","42377643871BE3538ABF4FC579EBE0E2E2B662819A17D5FFC824DD0A72785EBC"
"C:\Users\glenn\Documents\Code Black Telemetry Backups\atlas-production-working-tree-20260729-200938\qa-screenshots\operation-atlas-lock-in\atlas-runtime-counters.json","DCE3B1AB0CEC24E6F47672AD460F78BD85D74DC55E522CE7E372DEFD06037BC8"
"C:\Users\glenn\Documents\Code Black Telemetry Backups\atlas-production-working-tree-20260729-200938\qa-screenshots\operation-atlas-lock-in\atlas-stress-expanded-corrected.pid","244F53F55A30A98EC969B1D9B2115B201018AF46F4277EF996EC4ABAA510A5D2"
"C:\Users\glenn\Documents\Code Black Telemetry Backups\atlas-production-working-tree-20260729-200938\qa-screenshots\operation-atlas-lock-in\atlas-stress-status-expanded-corrected.json","4F218A6CE30FC8615EAC3C6829D4D81CA199EDE5D116ADBA05F3EAA2F6494D34"
"C:\Users\glenn\Documents\Code Black Telemetry Backups\atlas-production-working-tree-20260729-200938\qa-screenshots\operation-atlas-lock-in\atlas-stress-status.json","1215C7826DBD28A7D9A8E2DD32F4F0551B8E5B73FB2237F5EDACB7973F0917F5"
"C:\Users\glenn\Documents\Code Black Telemetry Backups\atlas-production-working-tree-20260729-200938\qa-screenshots\operation-atlas-lock-in\atlas-stress.pid","1BFC2B01020AC19FBA415484FB62471F6B662BBBB06BC3331B1B6FF62FF0DF63"
"C:\Users\glenn\Documents\Code Black Telemetry Backups\atlas-production-working-tree-20260729-200938\qa-screenshots\operation-atlas-lock-in\capture-device-snapshot.ps1","260F1CE7F192C8FFDCD0C2F36680226D1320F3A2CAA9ABDB756DD66C8628EB10"
"C:\Users\glenn\Documents\Code Black Telemetry Backups\atlas-production-working-tree-20260729-200938\qa-screenshots\operation-atlas-lock-in\devtools-dump.cjs","90F93D5811D39378CECAF7C8232D08ED7B41362E4C13D784CF7A0EAA9856ADF3"
"C:\Users\glenn\Documents\Code Black Telemetry Backups\atlas-production-working-tree-20260729-200938\qa-screenshots\operation-atlas-lock-in\devtools-eval.cjs","9473E7FF5ACDE6BF28032935DB1CFA3F0AC6A17C75FCDA5D32C750926C15F9E5"
"C:\Users\glenn\Documents\Code Black Telemetry Backups\atlas-production-working-tree-20260729-200938\qa-screenshots\operation-atlas-lock-in\ending-checkpoint.txt","95EB67BA0FD78552779B4F6A9B49B0FB30CC080626260E84AB30F5E4D0A6D84F"
"C:\Users\glenn\Documents\Code Black Telemetry Backups\atlas-production-working-tree-20260729-200938\qa-screenshots\operation-atlas-lock-in\legacy-baseline-20260729-163228-devtools.json","74265F2DA982175A055BE2F6D942365674FC534F7586EE97F00AC4CFCE682E8A"
"C:\Users\glenn\Documents\Code Black Telemetry Backups\atlas-production-working-tree-20260729-200938\qa-screenshots\operation-atlas-lock-in\legacy-baseline-20260729-163228-logcat.txt","25DE37303F6D342AC76A3111ACF36ED138BCBE447B74562E31F4F3A20F7F55CE"
"C:\Users\glenn\Documents\Code Black Telemetry Backups\atlas-production-working-tree-20260729-200938\qa-screenshots\operation-atlas-lock-in\legacy-baseline-20260729-163228-meminfo.txt","83B00EC30C6E189DCB72AC575482D54DBAA0BFFEAB6F8434C121B0AB80DAAEC3"
"C:\Users\glenn\Documents\Code Black Telemetry Backups\atlas-production-working-tree-20260729-200938\qa-screenshots\operation-atlas-lock-in\legacy-baseline-20260729-163228.png","C202FB29842328F16D2052C521D6CB1B5AE5312EAA265714328CFE38ABC0172E"
"C:\Users\glenn\Documents\Code Black Telemetry Backups\atlas-production-working-tree-20260729-200938\qa-screenshots\operation-atlas-lock-in\logcat-01-atlas-start.txt","E390786E1176284D19AB4BD757A497F3BDAC0447505175BF5943E0B29267D583"
"C:\Users\glenn\Documents\Code Black Telemetry Backups\atlas-production-working-tree-20260729-200938\qa-screenshots\operation-atlas-lock-in\memory-01-atlas-start.txt","C43285B2C9552C71915F4FA14B15F0780628E29DD4B197333179C8D78509FE1E"
"C:\Users\glenn\Documents\Code Black Telemetry Backups\atlas-production-working-tree-20260729-200938\qa-screenshots\operation-atlas-lock-in\memory-02-atlas-rebuilt.txt","98BF59785EEF1F0D13ABC8975CE422637F90F08C88CB3CDCA2305A3F1BD24402"
"C:\Users\glenn\Documents\Code Black Telemetry Backups\atlas-production-working-tree-20260729-200938\qa-screenshots\operation-atlas-lock-in\run-atlas-stress-expanded-corrected.ps1","9CE437F929FFB642EC4D0166A702930E5C92561214A2F2419084F7ED7F64F512"
"C:\Users\glenn\Documents\Code Black Telemetry Backups\atlas-production-working-tree-20260729-200938\qa-screenshots\operation-atlas-lock-in\run-atlas-stress.ps1","4DDA26CECAA3EF0DF47521B150B79726837A79A6429D51720F124948DA5D8A43"
"C:\Users\glenn\Documents\Code Black Telemetry Backups\atlas-production-working-tree-20260729-200938\qa-screenshots\operation-atlas-lock-in\start-apk-sha256.txt","0C4DBDCB0D66222FC1CF7B3DB9D279363B314D6A9BB15B47CFA2EFFF661F594C"
"C:\Users\glenn\Documents\Code Black Telemetry Backups\atlas-production-working-tree-20260729-200938\qa-screenshots\operation-atlas-lock-in\start-checkpoint.txt","07036C255BBB2B64219C272E45D288451EC9AB32E5A062A2F3F26048E013E94D"
"C:\Users\glenn\Documents\Code Black Telemetry Backups\atlas-production-working-tree-20260729-200938\qa-screenshots\operation-atlas-lock-in\start-commit.txt","46AE8E37487E6619C79897876A7135EEC3E32AE353796846234BF3F2A04B4B49"
"C:\Users\glenn\Documents\Code Black Telemetry Backups\atlas-production-working-tree-20260729-200938\qa-screenshots\operation-atlas-lock-in\start-git-status.txt","9FA4F452B0597B4D5849F3D2279F8365964FF46EE322981E656C642694F6B43F"
"C:\Users\glenn\Documents\Code Black Telemetry Backups\atlas-production-working-tree-20260729-200938\qa-screenshots\operation-atlas-lock-in\stress-idle-plus-120s-devtools.json","0067DB29C5847EDD074C71B723EE41CADC88988B9F02AF64D82BDD3EC6D288C2"
"C:\Users\glenn\Documents\Code Black Telemetry Backups\atlas-production-working-tree-20260729-200938\qa-screenshots\operation-atlas-lock-in\stress-idle-plus-120s-meminfo.txt","3C14DCAF12239B4BFC703DFB3C627C10DAA719D34E325F7AB6CE385B9B306D37"
"C:\Users\glenn\Documents\Code Black Telemetry Backups\atlas-production-working-tree-20260729-200938\qa-screenshots\operation-atlas-lock-in\stress-start-devtools.json","A7498A083440833D6EA16B7998EA70A51334A6AECF4D041ABD6498BE23F52015"
"C:\Users\glenn\Documents\Code Black Telemetry Backups\atlas-production-working-tree-20260729-200938\qa-screenshots\operation-atlas-lock-in\stress-start-meminfo.txt","E9D75E0A00A0901A218A02EB3A78C453E23981CED5BE4B4DA9A1866585B6E717"
"C:\Users\glenn\Documents\Code Black Telemetry Backups\atlas-production-working-tree-20260729-200938\qa-screenshots\operation-atlas-lock-in\stress-t0-devtools.json","8DBE2248FCD5D9076D7A56526418283AF5CCF03216BC2BED9A26022201D50560"
"C:\Users\glenn\Documents\Code Black Telemetry Backups\atlas-production-working-tree-20260729-200938\qa-screenshots\operation-atlas-lock-in\stress-t0-meminfo.txt","24F9A2E189BE3994CC98D9F64EF00A4B56BA06CD581B72B6DCC6C46A0F6C6ED6"
"C:\Users\glenn\Documents\Code Black Telemetry Backups\atlas-production-working-tree-20260729-200938\qa-screenshots\operation-atlas-lock-in\stress-t1200-devtools.json","F24C8A71E361CE48AE8BC8AA93B5EA2F68C0515FEBEF03B8271087FF3FB620CD"
"C:\Users\glenn\Documents\Code Black Telemetry Backups\atlas-production-working-tree-20260729-200938\qa-screenshots\operation-atlas-lock-in\stress-t1200-meminfo.txt","EC5784B4DD86A56391B2B90C7491CD1A4B3CC074C2B8191926D89B0175852363"
"C:\Users\glenn\Documents\Code Black Telemetry Backups\atlas-production-working-tree-20260729-200938\qa-screenshots\operation-atlas-lock-in\stress-t1500-devtools.json","493E71B829437C2CE69537624A144A59C20A1AD29A1AD533E6EE406CC19BC925"
"C:\Users\glenn\Documents\Code Black Telemetry Backups\atlas-production-working-tree-20260729-200938\qa-screenshots\operation-atlas-lock-in\stress-t1500-meminfo.txt","AD305EBB0397DA59CF9222801A4D5628BA5DFB32BECF50F1F10747719A9108BC"
"C:\Users\glenn\Documents\Code Black Telemetry Backups\atlas-production-working-tree-20260729-200938\qa-screenshots\operation-atlas-lock-in\stress-t1800-devtools.json","DB0C19737DC6703658465153778AD6F46C7557170002A08D92659F844DFD4AD5"
"C:\Users\glenn\Documents\Code Black Telemetry Backups\atlas-production-working-tree-20260729-200938\qa-screenshots\operation-atlas-lock-in\stress-t1800-final-devtools.json","D5C79BC13A50827FC3B0644D3FF030DEB7A051164D93ECF1BF72E8DD670E61E7"
"C:\Users\glenn\Documents\Code Black Telemetry Backups\atlas-production-working-tree-20260729-200938\qa-screenshots\operation-atlas-lock-in\stress-t1800-final-meminfo.txt","BFC9580B9E5AF82D6CB83B370B3A096AFB00CBE1BD9123296FB78E89A6AE6971"
"C:\Users\glenn\Documents\Code Black Telemetry Backups\atlas-production-working-tree-20260729-200938\qa-screenshots\operation-atlas-lock-in\stress-t1800-meminfo.txt","A54D402E241CD65949A4FBA2245FAE91FEBD4A10826B9310D4034DADCCFEB800"
"C:\Users\glenn\Documents\Code Black Telemetry Backups\atlas-production-working-tree-20260729-200938\qa-screenshots\operation-atlas-lock-in\stress-t300-devtools.json","C4312F4F2C58E308C363BB10DDB4480FB2B8A410F627B0CD560D64027CBE6182"
"C:\Users\glenn\Documents\Code Black Telemetry Backups\atlas-production-working-tree-20260729-200938\qa-screenshots\operation-atlas-lock-in\stress-t300-meminfo.txt","5EBD6849CA7C5449FDE949912BD2687AF4E5EB7D5F92221725EFC3D8FB69F75A"
"C:\Users\glenn\Documents\Code Black Telemetry Backups\atlas-production-working-tree-20260729-200938\qa-screenshots\operation-atlas-lock-in\stress-t600-devtools.json","2EDF20730B58B5F7B2AE187B88B74FCE1E2F8315F60A2E0058484D3084C9E2EE"
"C:\Users\glenn\Documents\Code Black Telemetry Backups\atlas-production-working-tree-20260729-200938\qa-screenshots\operation-atlas-lock-in\stress-t600-meminfo.txt","4C89287703019013992FBAC255128EA3E4A62DA0EB8EFFDB094DBE74EFE4F948"
"C:\Users\glenn\Documents\Code Black Telemetry Backups\atlas-production-working-tree-20260729-200938\qa-screenshots\operation-atlas-lock-in\stress-t900-devtools.json","8C3A6193DC3A9AB6572C98221FD828AE5BD7D44B372311CB46BE2013A9017C66"
"C:\Users\glenn\Documents\Code Black Telemetry Backups\atlas-production-working-tree-20260729-200938\qa-screenshots\operation-atlas-lock-in\stress-t900-meminfo.txt","B50AD8723DCB1CDAE982E0D94670AC577D4DE6495F6D9075915D4B72BFD640AD"
"C:\Users\glenn\Documents\Code Black Telemetry Backups\atlas-production-working-tree-20260729-200938\qa-screenshots\operation-atlas-recon\01-gljs-minimal-night.png","51F9DE91356A16E7C27E123A9A388816A79B5D444D2F8EFB488D7D5DE4692084"
"C:\Users\glenn\Documents\Code Black Telemetry Backups\atlas-production-working-tree-20260729-200938\qa-screenshots\operation-atlas-recon\02-gljs-minimal-bright.png","931FF6F27BE0478CF4B35517CF577C547FA1FDE4BF26D721876230706F2F88B6"
"C:\Users\glenn\Documents\Code Black Telemetry Backups\atlas-production-working-tree-20260729-200938\qa-screenshots\operation-atlas-recon\03-full-atlas-page1.png","428EE6A7CE3B9A9A5DE38E2EEA6EA6033D4673DE2DDCCA51A6D02CC3E60169B8"
"C:\Users\glenn\Documents\Code Black Telemetry Backups\atlas-production-working-tree-20260729-200938\qa-screenshots\operation-atlas-recon\07-native-night-basemap.png","1CA456BFAD1833D5A72A898289E5E7FBE77BA320AC4FED1EC5B5EA51A9BC5399"
"C:\Users\glenn\Documents\Code Black Telemetry Backups\atlas-production-working-tree-20260729-200938\qa-screenshots\operation-atlas-recon\08-native-bright-basemap.png","EE34577C536C82202D0E3A2AA1AF45D3A4CBD22F0E5C52FAC13D1C687C718E00"
"C:\Users\glenn\Documents\Code Black Telemetry Backups\atlas-production-working-tree-20260729-200938\qa-screenshots\operation-atlas-recon\14-native-heading-up.png","91A6C94DC4C960A4D564B1834E0E0C07687DB7131CBF138AAB6CF151E99D1C0E"
"C:\Users\glenn\Documents\Code Black Telemetry Backups\atlas-production-working-tree-20260729-200938\qa-screenshots\operation-atlas-recon\17-legacy-page1.png","776C6433065EED2A5E1DAC155BD8B63F9E74A9894341CBF595F865A7E79F604C"
"C:\Users\glenn\Documents\Code Black Telemetry Backups\atlas-production-working-tree-20260729-200938\qa-screenshots\operation-atlas-recon\19-native-poc-clean.png","E98FACCAE04C995512F95B839A2C9B9DDCE18853CFFC9F1A693C367C1C765687"
"C:\Users\glenn\Documents\Code Black Telemetry Backups\atlas-production-working-tree-20260729-200938\qa-screenshots\operation-atlas-recon\final-installed-legacy.png","85FA2CF15EE569BC47E31AFFC273766F73E311E8E301D52195CD87F3FB57DC8E"
"C:\Users\glenn\Documents\Code Black Telemetry Backups\atlas-production-working-tree-20260729-200938\qa-screenshots\operation-atlas-recon\final-main-after-recon.png","56CC1878CE34C5F1D9B01870E2215F8A0E5A335382744FEEC3B492B8A288875B"
"C:\Users\glenn\Documents\Code Black Telemetry Backups\atlas-production-working-tree-20260729-200938\qa-screenshots\operation-atlas-recon\logcat-final-errors.txt","AD0F0C436C460B6BD9D7C8C550105F6C7321084C1DD8A166D739857C6F1B30F8"
"C:\Users\glenn\Documents\Code Black Telemetry Backups\atlas-production-working-tree-20260729-200938\qa-screenshots\operation-atlas-recon\logcat-full-atlas-page1.txt","D5F0B6DDA6CD588C87C3D0295C87426809A849A43D435F91EC0E583FC4949E36"
"C:\Users\glenn\Documents\Code Black Telemetry Backups\atlas-production-working-tree-20260729-200938\qa-screenshots\operation-atlas-recon\logcat-gljs-minimal-bright.txt","BB1855AF8FEF38C798788DA66662719D0D3AC50C3F143C0687FEF5AFC1FCB9E7"
"C:\Users\glenn\Documents\Code Black Telemetry Backups\atlas-production-working-tree-20260729-200938\qa-screenshots\operation-atlas-recon\logcat-gljs-minimal-night.txt","E0D32DFC8D61E688325F18CD109D9A43965647C0ED55D885B3A5592C7EEE4EAC"
"C:\Users\glenn\Documents\Code Black Telemetry Backups\atlas-production-working-tree-20260729-200938\qa-screenshots\operation-atlas-recon\logcat-native-20-open-close.txt","E3B0C44298FC1C149AFBF4C8996FB92427AE41E4649B934CA495991B7852B855"
"C:\Users\glenn\Documents\Code Black Telemetry Backups\atlas-production-working-tree-20260729-200938\qa-screenshots\operation-atlas-recon\logcat-native-night.txt","05305F43A254D09834CC886E6E586835B34903BF76740276AEBE2ADD01D7ACEE"
"C:\Users\glenn\Documents\Code Black Telemetry Backups\atlas-production-working-tree-20260729-200938\qa-screenshots\operation-atlas-recon\memory-full-atlas-page1.txt","A3ED3CF4F3C02AC898FC9154EDC978D0490CD844B3BEB2A0BC96821E8E33F4E2"
"C:\Users\glenn\Documents\Code Black Telemetry Backups\atlas-production-working-tree-20260729-200938\qa-screenshots\operation-atlas-recon\memory-gljs-minimal-bright.txt","DBF1EF9662002A6A4314DF8C4BC313EA0126622BD35758367DE08546C05F24CB"
"C:\Users\glenn\Documents\Code Black Telemetry Backups\atlas-production-working-tree-20260729-200938\qa-screenshots\operation-atlas-recon\memory-gljs-minimal-night.txt","7E8B0177D36C63347DC7E135D64913D3269EB7E14AB1CDA6AF75D7012459C366"
"C:\Users\glenn\Documents\Code Black Telemetry Backups\atlas-production-working-tree-20260729-200938\qa-screenshots\operation-atlas-recon\memory-legacy-page1.txt","FA9A722335FFABD6A931A54F115BEEB9C96895D2FD005BE74442A362A638B88F"
"C:\Users\glenn\Documents\Code Black Telemetry Backups\atlas-production-working-tree-20260729-200938\qa-screenshots\operation-atlas-recon\memory-native-20-open-close.txt","2C0916BE57BDC41B16525993BBF41B25AD90E25E981D7036C5E63E205CB82390"
"C:\Users\glenn\Documents\Code Black Telemetry Backups\atlas-production-working-tree-20260729-200938\qa-screenshots\operation-atlas-recon\memory-native-bright.txt","71A92ED0C4EBDFD9F3ED2931B18A80F4343CDB1D8A7A8C0238BBB5D644701D59"
"C:\Users\glenn\Documents\Code Black Telemetry Backups\atlas-production-working-tree-20260729-200938\qa-screenshots\operation-atlas-recon\memory-native-night-clean.txt","9F81868F35C50B69C54FB8A3DDFEED41C284C09B51292184AD7C5452F17D06F3"
"C:\Users\glenn\Documents\Code Black Telemetry Backups\atlas-production-working-tree-20260729-200938\qa-screenshots\operation-atlas-recon\memory-native-night.txt","9F21C8F75E7DC019655DEE2314406F04F748498F3452337E846B9EE35FCADE52"
"C:\Users\glenn\Documents\Code Black Telemetry Backups\atlas-production-working-tree-20260729-200938\qa-screenshots\operation-atlas-recon\renderer-comparison.md","C48C56A52A5C2B3FA842CFFD8D2275255B908048EE3FA967EC07C1EDE3601D40"
"C:\Users\glenn\Documents\Code Black Telemetry Backups\atlas-production-working-tree-20260729-200938\qa-screenshots\operation-atlas-recovery\01-atlas-page1-no-radar.png","1F48D07E9FED3498D946A11D55B7FA29A1ABF69C980FC55F4C5FE2093872251D"
"C:\Users\glenn\Documents\Code Black Telemetry Backups\atlas-production-working-tree-20260729-200938\qa-screenshots\operation-atlas-recovery\02-atlas-page1-no-radar-fixed.png","F3561BB8A1D3F6A6577839E9EB1D1AB96329FD75736C8AA1E7CF9E7E5D6DF99B"
"C:\Users\glenn\Documents\Code Black Telemetry Backups\atlas-production-working-tree-20260729-200938\qa-screenshots\operation-atlas-recovery\03-atlas-page1-visible-counters.png","9D053479F957A4B38C5C4588577A2B38A084E8EFCB18FD8F0F622CDEFB042419"
"C:\Users\glenn\Documents\Code Black Telemetry Backups\atlas-production-working-tree-20260729-200938\qa-screenshots\operation-atlas-recovery\04-atlas-css-pixel.png","16859058B5D14F65D11B9243E2CF3175070B945442AE00D67243DB906FE9CAA7"
"C:\Users\glenn\Documents\Code Black Telemetry Backups\atlas-production-working-tree-20260729-200938\qa-screenshots\operation-atlas-recovery\05-atlas-streets-no-tune.png","5665D9C89DA33A8D294B82E48F075804A1DF63DA007E9E60EDDC960B0C6A8FDC"
"C:\Users\glenn\Documents\Code Black Telemetry Backups\atlas-production-working-tree-20260729-200938\qa-screenshots\operation-atlas-recovery\06-atlas-expanded-streets-no-tune.png","2F319B682F4FCE3DBDA2E3384CD9EB4165BAF1551BDF5D6ECF9C14C95ADD0F4F"
"C:\Users\glenn\Documents\Code Black Telemetry Backups\atlas-production-working-tree-20260729-200938\qa-screenshots\operation-atlas-recovery\07-atlas-single-map-navnight.png","B2D54157A47066C21D95C0CF15E2BBCA3ED3670095CC64042F349D985068D5A3"
"C:\Users\glenn\Documents\Code Black Telemetry Backups\atlas-production-working-tree-20260729-200938\qa-screenshots\operation-atlas-recovery\08-atlas-sized-navnight.png","26BE56D8EF4DAB0CCFDE3BECFD0A44D7DA79563999AC028B26D0A38BDF90CA26"
"C:\Users\glenn\Documents\Code Black Telemetry Backups\atlas-production-working-tree-20260729-200938\qa-screenshots\operation-atlas-recovery\09-atlas-sized-radar-off.png","3BEE95AB56474A8778FBDB643F24FCF98887E007A4252245DCCDC3ED6AD6A76B"
"C:\Users\glenn\Documents\Code Black Telemetry Backups\atlas-production-working-tree-20260729-200938\qa-screenshots\operation-atlas-recovery\10-atlas-gps-centered.png","554CD81922C47AED7893915F776EF5A31285B5540F63C9E24ABFDEF60A5AD294"
"C:\Users\glenn\Documents\Code Black Telemetry Backups\atlas-production-working-tree-20260729-200938\qa-screenshots\operation-atlas-recovery\11-atlas-expanded-ref.png","34EA73F091C07203C0766D9691ABB0FCE292F520E1C36768EF376982CABEFD7B"
"C:\Users\glenn\Documents\Code Black Telemetry Backups\atlas-production-working-tree-20260729-200938\qa-screenshots\operation-atlas-recovery\12-atlas-expanded-vel.png","544891F3A6E37A48CA5FB3AB3A7DF5DFEA3E252CAFB99947050E13671FB96BBD"
"C:\Users\glenn\Documents\Code Black Telemetry Backups\atlas-production-working-tree-20260729-200938\qa-screenshots\operation-atlas-recovery\13-atlas-expanded-srv.png","62C5EFD73B09CE9E402538B1601C6CBC8DC255C9C58B9FA22D9C5A815BA187B1"
"C:\Users\glenn\Documents\Code Black Telemetry Backups\atlas-production-working-tree-20260729-200938\qa-screenshots\operation-atlas-recovery\14-atlas-expanded-cc.png","329985CB5EFA7B607E36B08545A5CFA0D09DDD69553CCE34F593576868D9B459"
"C:\Users\glenn\Documents\Code Black Telemetry Backups\atlas-production-working-tree-20260729-200938\qa-screenshots\operation-atlas-recovery\15-atlas-after-back.png","692F2E5681407A0FD2B0C74C998E24551D09BE37F516ECC7A419730644EECFE4"
"C:\Users\glenn\Documents\Code Black Telemetry Backups\atlas-production-working-tree-20260729-200938\qa-screenshots\operation-atlas-recovery\16-legacy-restored-final.png","6C248E5B208A7F96B6B9D6D312FED65C2AD73707DD3F33D06491564A706B0F64"
"C:\Users\glenn\Documents\Code Black Telemetry Backups\atlas-production-working-tree-20260729-200938\qa-screenshots\operation-atlas-recovery\devtools-atlas-after-back.json","B0364B3DDFDE595DACD922428AD74DD2F5B60FA11FDF442484700B5AE2A657E2"
"C:\Users\glenn\Documents\Code Black Telemetry Backups\atlas-production-working-tree-20260729-200938\qa-screenshots\operation-atlas-recovery\devtools-atlas-dom.json","76578B895A929B96B401796290F4A85F5DD1F78CE54A9DCBDF51B8CDDD08B39D"
"C:\Users\glenn\Documents\Code Black Telemetry Backups\atlas-production-working-tree-20260729-200938\qa-screenshots\operation-atlas-recovery\devtools-atlas-expanded-cc.json","302121CD47D0C472884C07FB22A5FB3D30353BEE92C9399F87B281365B80DD65"
"C:\Users\glenn\Documents\Code Black Telemetry Backups\atlas-production-working-tree-20260729-200938\qa-screenshots\operation-atlas-recovery\devtools-atlas-short-stress.json","7E80C7361135451637D5C56B47FF4E264BDA6753CB6598C75FBBE7847E296D72"
"C:\Users\glenn\Documents\Code Black Telemetry Backups\atlas-production-working-tree-20260729-200938\qa-screenshots\operation-atlas-recovery\devtools-atlas-single-map.json","B58C629B5D24A544DCF5B183DFDC8C245570CA243FAAAE3BB3F02A3D75EAE682"
"C:\Users\glenn\Documents\Code Black Telemetry Backups\atlas-production-working-tree-20260729-200938\qa-screenshots\operation-atlas-recovery\devtools-atlas-sized.json","2D20205E0230829EA26B1FD88D9BFEF5BEA02128E8CA970C1040F4003BE82DDA"
"C:\Users\glenn\Documents\Code Black Telemetry Backups\atlas-production-working-tree-20260729-200938\qa-screenshots\operation-atlas-recovery\logcat-atlas-css-pixel.txt","7B2BFBFDE84D18AC48E324CCED9B6F4462BBE1991A3CBE6C473F296F9176BC5F"
"C:\Users\glenn\Documents\Code Black Telemetry Backups\atlas-production-working-tree-20260729-200938\qa-screenshots\operation-atlas-recovery\logcat-atlas-gps-centered.txt","D9708C617660D72BE0F0C62B2DC3F3575EE1B159A8740DA8FA5BF731EB05B2D3"
"C:\Users\glenn\Documents\Code Black Telemetry Backups\atlas-production-working-tree-20260729-200938\qa-screenshots\operation-atlas-recovery\logcat-atlas-noframe.txt","3812A0A35DBE4BF670561FF0044B76677E94AA5F7C02AEC72848BAC70DCD1A9F"
"C:\Users\glenn\Documents\Code Black Telemetry Backups\atlas-production-working-tree-20260729-200938\qa-screenshots\operation-atlas-recovery\logcat-atlas-short-stress.txt","D9708C617660D72BE0F0C62B2DC3F3575EE1B159A8740DA8FA5BF731EB05B2D3"
"C:\Users\glenn\Documents\Code Black Telemetry Backups\atlas-production-working-tree-20260729-200938\qa-screenshots\operation-atlas-recovery\logcat-atlas-single-map-navnight.txt","D98ACA95703CC9D523A5E9C9B23D70EF136A2B1205FFBAF541B78191B52C6DEC"
"C:\Users\glenn\Documents\Code Black Telemetry Backups\atlas-production-working-tree-20260729-200938\qa-screenshots\operation-atlas-recovery\logcat-atlas-sized-navnight.txt","F252799838ED1FE449CC1C7B0944D445F64895C71180EE445B115A5FBC05336C"
"C:\Users\glenn\Documents\Code Black Telemetry Backups\atlas-production-working-tree-20260729-200938\qa-screenshots\operation-atlas-recovery\logcat-atlas-streets-no-tune.txt","18D8C7D3F3AA32D1612ACD0992AC49D4BA9E3D83EEECCE1EFBDBA0D589AB85D5"
"C:\Users\glenn\Documents\Code Black Telemetry Backups\atlas-production-working-tree-20260729-200938\qa-screenshots\operation-atlas-recovery\logcat-atlas-visible-counters.txt","D41504730F426A6E45450B7D8D71A265FE9A86A4A4084B1B33EE6689D6027879"
"C:\Users\glenn\Documents\Code Black Telemetry Backups\atlas-production-working-tree-20260729-200938\qa-screenshots\operation-atlas-recovery\memory-atlas-after-back.txt","F8129DE2CC71A3AA4515C5F3A7DB7F4C2FA3EE3375D4B67CB06D02F5E128F2F8"
"C:\Users\glenn\Documents\Code Black Telemetry Backups\atlas-production-working-tree-20260729-200938\qa-screenshots\operation-atlas-recovery\memory-atlas-css-pixel.txt","F83ED768AA0CD281D20CB0DAFA5F3F54BAC624010E3488B12BB3FBA80AEB4A4D"
"C:\Users\glenn\Documents\Code Black Telemetry Backups\atlas-production-working-tree-20260729-200938\qa-screenshots\operation-atlas-recovery\memory-atlas-expanded-ref.txt","96BB96CBA864461DFBF41E10D018D6C5E09FFAE2749ABB24B7873BD7CA04057E"
"C:\Users\glenn\Documents\Code Black Telemetry Backups\atlas-production-working-tree-20260729-200938\qa-screenshots\operation-atlas-recovery\memory-atlas-expanded-streets-no-tune.txt","444FE086EE009A02911E4F48A0C747AADC49C5C9802028A6B0CD3D0A15E06B30"
"C:\Users\glenn\Documents\Code Black Telemetry Backups\atlas-production-working-tree-20260729-200938\qa-screenshots\operation-atlas-recovery\memory-atlas-gps-centered.txt","7363DCB4D262A879AE1D553DEE6A0F4BFF8AFB080E3A6B229DC418355C3F6756"
"C:\Users\glenn\Documents\Code Black Telemetry Backups\atlas-production-working-tree-20260729-200938\qa-screenshots\operation-atlas-recovery\memory-atlas-noframe-fixed.txt","82EC99105B547A1CFE0F76A8D87694E596C23968239A18964AE1463180CB4878"
"C:\Users\glenn\Documents\Code Black Telemetry Backups\atlas-production-working-tree-20260729-200938\qa-screenshots\operation-atlas-recovery\memory-atlas-noframe.txt","50FAC2C63B1A8DA16C443B2C2543959FC2A506ABA207C254EC811CC6D31D6F82"
"C:\Users\glenn\Documents\Code Black Telemetry Backups\atlas-production-working-tree-20260729-200938\qa-screenshots\operation-atlas-recovery\memory-atlas-short-stress.txt","A70BCC94D90D7B3D2CAE7E59598562C6404FBBB56508E710B04010C1FA38121A"
"C:\Users\glenn\Documents\Code Black Telemetry Backups\atlas-production-working-tree-20260729-200938\qa-screenshots\operation-atlas-recovery\memory-atlas-single-map-navnight.txt","04C3F62EF992C67487C458365C0DCC3049479AFAC47FB7ADBFAA8D3E6C29232E"
"C:\Users\glenn\Documents\Code Black Telemetry Backups\atlas-production-working-tree-20260729-200938\qa-screenshots\operation-atlas-recovery\memory-atlas-sized-navnight.txt","E67FBD0252E585AC48F4507F241EADE7114DCFF6A744AD3D72908B4ED34C2DEA"
"C:\Users\glenn\Documents\Code Black Telemetry Backups\atlas-production-working-tree-20260729-200938\qa-screenshots\operation-atlas-recovery\memory-atlas-streets-no-tune.txt","24BCC8876035BC1CB181E3E199711A33E6E338D9CCDE62C92CA430946175FAE4"
"C:\Users\glenn\Documents\Code Black Telemetry Backups\atlas-production-working-tree-20260729-200938\qa-screenshots\operation-atlas-recovery\memory-legacy-restored-final.txt","B0EEB1875E7DE4B33D1BFF3E7A68C0F8441F6700BECED08E9763381138CAA400"
"C:\Users\glenn\Documents\Code Black Telemetry Backups\atlas-production-working-tree-20260729-200938\qa-screenshots\operation-radar-loop\atlas-production-working-tree-20260729-200938.patch","B13351453CAD6C3C9E8E9E0EB774E7D79B3380AD51F191C2B9AD3528CA64643E"
"C:\Users\glenn\Documents\Code Black Telemetry Backups\atlas-production-working-tree-20260729-200938\qa-screenshots\operation-radar-loop\git-diff-stat-20260729-200938.txt","5F75710097E0817473EAB6B3F16B1DB6D97F95741752CB2AA26C908D50951ACA"
"C:\Users\glenn\Documents\Code Black Telemetry Backups\atlas-production-working-tree-20260729-200938\qa-screenshots\operation-radar-loop\git-status-20260729-200938.txt","B480D353B9EFF03F2FBB860EDA88F87C01744D29C26FB855BCC37C6D217F5C37"
"C:\Users\glenn\Documents\Code Black Telemetry Backups\atlas-production-working-tree-20260729-200938\qa-screenshots\operation-radar-loop\git-status-short-20260729-200938.txt","FFEBF70EF8C0E8635D88825156905EDA7A175A86EB2E3BDB42D4D98548A293EB"
"C:\Users\glenn\Documents\Code Black Telemetry Backups\atlas-production-working-tree-20260729-200938\qa-screenshots\operation-radar-loop\git-untracked-20260729-200938.txt","9AE78C99C0FF3D854E4E2EBC50B9D4707443286365900E48FD453754169F4DBC"
"C:\Users\glenn\Documents\Code Black Telemetry Backups\atlas-production-working-tree-20260729-200938\qa-screenshots\operation-radar-loop\phase0-timestamp.txt","BA8C352D9BD35A39C98FB41ED21498D222B1EE4B065D9905E8EA7F19B31344BD"
"C:\Users\glenn\Documents\Code Black Telemetry Backups\atlas-production-working-tree-20260729-200938\qa-screenshots\ref-mvp-20260728\tablet-expanded-ref-final.png","D5DD2F7C63803188E8D915AD13C05E5784E4E3802E6DB5297105A4B857EBBDAA"
"C:\Users\glenn\Documents\Code Black Telemetry Backups\atlas-production-working-tree-20260729-200938\qa-screenshots\ref-mvp-20260728\tablet-expanded-ref.png","38CDA56EF9AF5AFA3381A3928F1B4E706E0804F8D2A99EE8BCBFB1DB7F17360E"
"C:\Users\glenn\Documents\Code Black Telemetry Backups\atlas-production-working-tree-20260729-200938\qa-screenshots\ref-mvp-20260728\tablet-landscape-ref-final.png","320681CDE8B50310D2F322519147CD41C4E3272F7706A8E82201420206D5F3F8"
"C:\Users\glenn\Documents\Code Black Telemetry Backups\atlas-production-working-tree-20260729-200938\qa-screenshots\ref-mvp-20260728\tablet-page-current-pulled.png","AF4C0E4C80F4281D0933D7B7C18BB668BB9C99CD50D41234852A3941256EFCAB"
"C:\Users\glenn\Documents\Code Black Telemetry Backups\atlas-production-working-tree-20260729-200938\qa-screenshots\ref-mvp-20260728\tablet-page-current.png","9BC7F0E8CF212BEC062D85D25550280C7E39B9E4C46B2F9774F28BAD22678655"
"C:\Users\glenn\Documents\Code Black Telemetry Backups\atlas-production-working-tree-20260729-200938\qa-screenshots\ref-mvp-20260728\tablet-page1-georef-ref.png","B22F0955ED6C275468ED61E3A51F7650EC38A498CD0745A18B76FB1E92C678CA"
"C:\Users\glenn\Documents\Code Black Telemetry Backups\atlas-production-working-tree-20260729-200938\qa-screenshots\ref-mvp-20260728\tablet-page2-diagnostics.png","080B23F18A50873C7A4CD3A690689911665C40370A89F938139163BE2A2BD8B1"
"C:\Users\glenn\Documents\Code Black Telemetry Backups\atlas-production-working-tree-20260729-200938\src\App.css","6E25A776D3E8102DA5BACB3CB99F4A5FC662A2E01E6143140671A556D28C3D5C"
"C:\Users\glenn\Documents\Code Black Telemetry Backups\atlas-production-working-tree-20260729-200938\src\App.tsx","B6227E0CA1310A7EE2F112535936CF99E86F23D7EFFF3E2A56B16F612B691D62"
"C:\Users\glenn\Documents\Code Black Telemetry Backups\atlas-production-working-tree-20260729-200938\src\index.css","94179A63EECB197C75200EB5A01066C8503BC1387278B4B13C801A9B5ED6A17F"
"C:\Users\glenn\Documents\Code Black Telemetry Backups\atlas-production-working-tree-20260729-200938\src\main.tsx","24DB9970ADBACD647EBE870A9015A53C94609DAB0A4C9A466BA6B107F1114FB0"
"C:\Users\glenn\Documents\Code Black Telemetry Backups\atlas-production-working-tree-20260729-200938\src\assets\hero.png","881FFBCAAFC212E49ADDAD08846A5B82761355FA20624253AF3477BA33262C5C"
"C:\Users\glenn\Documents\Code Black Telemetry Backups\atlas-production-working-tree-20260729-200938\src\assets\react.svg","35EF61ED53B323AE94A16A8EC659B3D0AF3880698791133F23B084085AB1C2E5"
"C:\Users\glenn\Documents\Code Black Telemetry Backups\atlas-production-working-tree-20260729-200938\src\assets\vite.svg","5BE21ACD42EB7B896E517F4E0F0F11EB5C5D9E54FBBCEBE9453F033008FCCA6F"
"C:\Users\glenn\Documents\Code Black Telemetry Backups\atlas-production-working-tree-20260729-200938\src\components\cards\EventsCard.tsx","A484AAFC01C01AD1D0DCBBA07B7BDAC15F7D5E52E22C93825BE3C367E5670119"
"C:\Users\glenn\Documents\Code Black Telemetry Backups\atlas-production-working-tree-20260729-200938\src\components\cards\GpsCard.tsx","710BEB1DBD48D8E3231CE2D6BE6580EA759C22CB24912FE5B25ED493414187FB"
"C:\Users\glenn\Documents\Code Black Telemetry Backups\atlas-production-working-tree-20260729-200938\src\components\cards\PowerCard.tsx","CC3CF79017F2C9E5B7487095E6FD03398CD347A9C3113088F1DD61A0486B2A71"
"C:\Users\glenn\Documents\Code Black Telemetry Backups\atlas-production-working-tree-20260729-200938\src\components\cards\SensorHealthCard.tsx","2957651C73A4E9F4A2B97F5D575BEE57DFAA978DDE8D587CCF90E27BEB119E0E"
"C:\Users\glenn\Documents\Code Black Telemetry Backups\atlas-production-working-tree-20260729-200938\src\components\cards\SystemCard.tsx","47CBA9E1A380C3B0603F88EFD96BB65099E591CD056E231F2F4253B0B43C2201"
"C:\Users\glenn\Documents\Code Black Telemetry Backups\atlas-production-working-tree-20260729-200938\src\components\cards\WeatherCard.tsx","7CE54205427ACCE6629CF9FF6B7DD360268B2491990D88007AE020E132198492"
"C:\Users\glenn\Documents\Code Black Telemetry Backups\atlas-production-working-tree-20260729-200938\src\components\cards\WindCard.tsx","4BD48CADEAE798020D417B4034404557FA0CF3B189B16CEF1EC245018E59F221"
"C:\Users\glenn\Documents\Code Black Telemetry Backups\atlas-production-working-tree-20260729-200938\src\components\layout\BottomNav.tsx","880F7CBFAF64C5DDC69272094BAE770CE964CEDC8C3F9368495ACB513F6B51F1"
"C:\Users\glenn\Documents\Code Black Telemetry Backups\atlas-production-working-tree-20260729-200938\src\components\layout\StatusStrip.tsx","AD43D4DA06EF46173159657FF6FCEB7681C39E8D63FDC4CB8F5F8314E20E477F"
"C:\Users\glenn\Documents\Code Black Telemetry Backups\atlas-production-working-tree-20260729-200938\src\components\layout\TopBar.tsx","E7730120849B631CFFEAB32FB162290FB0C830CD3F1CB91E74A4BB976058C09E"
"C:\Users\glenn\Documents\Code Black Telemetry Backups\atlas-production-working-tree-20260729-200938\src\components\operations\PiEndpointPanel.tsx","21B281D5621A18BEE4C99C4A5DB7320301447A21745D2564661162B270DCC327"
"C:\Users\glenn\Documents\Code Black Telemetry Backups\atlas-production-working-tree-20260729-200938\src\components\operations\RadarEndpointPanel.tsx","E78803E59ABA1EE7D14475B6E46C4A4FF41D548A7FE54BFD154A1931D56144EE"
"C:\Users\glenn\Documents\Code Black Telemetry Backups\atlas-production-working-tree-20260729-200938\src\components\situational\Panels.tsx","4B0C81926B0F1FEF72CA7C0353087C8CBADFDF04E9C4B726AD6B5111471FA30B"
"C:\Users\glenn\Documents\Code Black Telemetry Backups\atlas-production-working-tree-20260729-200938\src\components\ui\DashCard.tsx","7D51B38D102092F6231B19425FAB60A6C4E4CBA67906C38F085EB6FC27D4C96C"
"C:\Users\glenn\Documents\Code Black Telemetry Backups\atlas-production-working-tree-20260729-200938\src\components\ui\MetricRow.tsx","80EBD093F13DCA44F8569FE43A673C4BD37B95BA7D98C6527062AB272C88945C"
"C:\Users\glenn\Documents\Code Black Telemetry Backups\atlas-production-working-tree-20260729-200938\src\components\ui\StatusBadge.tsx","D52ED293983962DC4A3B2908EEE60400E695D32D0ECA4C90A41658151CAB209E"
"C:\Users\glenn\Documents\Code Black Telemetry Backups\atlas-production-working-tree-20260729-200938\src\hooks\useAlertProducts.ts","522F97ACCA09A8A24990818C8387AAD547141F280C94A99A5F8D6711EAF991EA"
"C:\Users\glenn\Documents\Code Black Telemetry Backups\atlas-production-working-tree-20260729-200938\src\hooks\useSituationalData.ts","2A115E7778A3183005B0CD88735626D276B79814753C61F7CAB813E599C06C18"
"C:\Users\glenn\Documents\Code Black Telemetry Backups\atlas-production-working-tree-20260729-200938\src\hooks\useTabletLocation.ts","CBF0C8C8D09497FEC20DF75EEDFC48B1E98F10F8B52A7BBDDC8703B62EFEC830"
"C:\Users\glenn\Documents\Code Black Telemetry Backups\atlas-production-working-tree-20260729-200938\src\hooks\useTelemetry.ts","B075F301321909FE2BCF2D3C764929CA0B18B7F66B1C85D6CF2E2B047BF1740D"
"C:\Users\glenn\Documents\Code Black Telemetry Backups\atlas-production-working-tree-20260729-200938\src\map\AtlasCameraController.ts","3231016F4BA53C40A415D46A1986FA3F340BE61CC94977D49CEA3EBE0A8EAAC9"
"C:\Users\glenn\Documents\Code Black Telemetry Backups\atlas-production-working-tree-20260729-200938\src\map\AtlasDiagnostics.ts","8311D2A6B57B78ECF79F3BC2981FA8A276089375658404895088CBFBC93F460E"
"C:\Users\glenn\Documents\Code Black Telemetry Backups\atlas-production-working-tree-20260729-200938\src\map\AtlasMap.tsx","5EC5DB3748254E76FDABFA9137B9501CAEC5C2B0FDD5DAC48887064C735C3F52"
"C:\Users\glenn\Documents\Code Black Telemetry Backups\atlas-production-working-tree-20260729-200938\src\map\AtlasRadarLayer.ts","F6983BC14F1CC316F40D8B1A984B0670B7F15BF74B48FA6FB19BFEB18E950C7F"
"C:\Users\glenn\Documents\Code Black Telemetry Backups\atlas-production-working-tree-20260729-200938\src\map\AtlasRangeRingLayer.ts","B3544665318CFE8560E446B6E2756A7F0EA12745537C4AC2584430BFA863DB18"
"C:\Users\glenn\Documents\Code Black Telemetry Backups\atlas-production-working-tree-20260729-200938\src\map\AtlasReconGlPage.tsx","20E670046443C3E4A3BBE982C6F4139247F6A510123E2A030E74F2E76D3A58E3"
"C:\Users\glenn\Documents\Code Black Telemetry Backups\atlas-production-working-tree-20260729-200938\src\map\AtlasStyleManager.ts","ED01BF625CE9DBDEBBC31C95EB15583367EE1EBB703B7B72A29F96AF3814D755"
"C:\Users\glenn\Documents\Code Black Telemetry Backups\atlas-production-working-tree-20260729-200938\src\map\AtlasVehicleLayer.ts","488361376E1F0B31E9F68CABA925FCC79849707EDD3FEF17EFA0DCCE89EB8BE7"
"C:\Users\glenn\Documents\Code Black Telemetry Backups\atlas-production-working-tree-20260729-200938\src\map\types.ts","AE53F82F47459DC9B3C8A7E5D3F878310C0E8971982B0D7D7854FCA47E6940C9"
"C:\Users\glenn\Documents\Code Black Telemetry Backups\atlas-production-working-tree-20260729-200938\src\pages\Dashboard.tsx","617E5DEFD057BA92473287CD5104A3D9B9470E17424B4C2DA7785BE8F9A4642F"
"C:\Users\glenn\Documents\Code Black Telemetry Backups\atlas-production-working-tree-20260729-200938\src\pages\GPS.tsx","53737F663C7F7C697B520F238872D30E79239DCF89779AB346E2F6013BC94F5C"
"C:\Users\glenn\Documents\Code Black Telemetry Backups\atlas-production-working-tree-20260729-200938\src\pages\Settings.tsx","D30FBEFB6ADA7A2BFFD48AC093FAE388079BDABD77C0961A92F0B98F809AA7A2"
"C:\Users\glenn\Documents\Code Black Telemetry Backups\atlas-production-working-tree-20260729-200938\src\pages\System.tsx","429328F9DDF8E87285B6BC643934F1216D5E6AE3B65F0F031ACF7FBA55A4266F"
"C:\Users\glenn\Documents\Code Black Telemetry Backups\atlas-production-working-tree-20260729-200938\src\pages\Weather.tsx","EBFB5EEE49DDF90D0E81B05A4A33670A1A71610F4B5622D84D78AFE0B05049FB"
"C:\Users\glenn\Documents\Code Black Telemetry Backups\atlas-production-working-tree-20260729-200938\src\pages\Wind.tsx","17A7AA6E7A270BC3AAD964DB251F9A0A2AC1B450AA9E1CB0451936FE6200B463"
"C:\Users\glenn\Documents\Code Black Telemetry Backups\atlas-production-working-tree-20260729-200938\src\services\mapTiles.ts","95FD9D7A40F3FB5EA6C697857891827049E2C0F8F6477E2D945A0A304F2E3281"
"C:\Users\glenn\Documents\Code Black Telemetry Backups\atlas-production-working-tree-20260729-200938\src\services\radar.ts","5A0D95E232182B196F0338E2A0EAAF426B5F00C064D5EC7CC59DD32CE6EDE606"
"C:\Users\glenn\Documents\Code Black Telemetry Backups\atlas-production-working-tree-20260729-200938\src\services\settings.ts","7B67EE24044CF24A389559B1724477F3F3B93E1BC4E6B31E4C775269B2A35695"
"C:\Users\glenn\Documents\Code Black Telemetry Backups\atlas-production-working-tree-20260729-200938\src\services\situational.ts","4C9E8717D2863AB87DEA1F117B09D28029CB97573F2869363F92BA4137ED5772"
"C:\Users\glenn\Documents\Code Black Telemetry Backups\atlas-production-working-tree-20260729-200938\src\services\sound.ts","FDB48A314AE9A8B64387EEC737839D534991205AF38C28A6AFD228FB5966AC89"
"C:\Users\glenn\Documents\Code Black Telemetry Backups\atlas-production-working-tree-20260729-200938\src\services\telemetry\api-provider.ts","0DE260954999C5AF24268032EE1D65453FDD3D3E83ED8B0C222BD70BEA2C0468"
"C:\Users\glenn\Documents\Code Black Telemetry Backups\atlas-production-working-tree-20260729-200938\src\services\telemetry\index.ts","ACAAEA587C06C62A3E02B1676060CDFA0107CA14B6C4F68259B081BBF4F5E35E"
"C:\Users\glenn\Documents\Code Black Telemetry Backups\atlas-production-working-tree-20260729-200938\src\services\telemetry\quality.ts","B8408F196CFF8001800F2EA636D5FB1FEFEF7019C798E4ACE2197D8136D21FB7"
"C:\Users\glenn\Documents\Code Black Telemetry Backups\atlas-production-working-tree-20260729-200938\src\services\telemetry\simulator.ts","93CD6FA4C9F3C6DCF08B3D0730F85C431165EDA966E997BC61DD1A589C3479F1"
"C:\Users\glenn\Documents\Code Black Telemetry Backups\atlas-production-working-tree-20260729-200938\src\services\telemetry\types.ts","8F2ABD9D70306E3CE74794B40C4688D4F388305BDA7757601867486D75EBD212"
