"FullName","Length","LastWriteTime"
"C:\Users\glenn\Documents\Code Black Telemetry Backups\atlas-production-working-tree-20260729-200938\.atlas-vite.err","6793","7/29/2026 11:59:41 AM"
"C:\Users\glenn\Documents\Code Black Telemetry Backups\atlas-production-working-tree-20260729-200938\.atlas-vite.out","8350","7/29/2026 5:45:33 PM"
"C:\Users\glenn\Documents\Code Black Telemetry Backups\atlas-production-working-tree-20260729-200938\.atlas-vite.pid","7","7/29/2026 11:59:15 AM"
"C:\Users\glenn\Documents\Code Black Telemetry Backups\atlas-production-working-tree-20260729-200938\.env.local","277","7/29/2026 12:04:18 PM"
"C:\Users\glenn\Documents\Code Black Telemetry Backups\atlas-production-working-tree-20260729-200938\.gitignore","309","7/29/2026 12:24:56 PM"
"C:\Users\glenn\Documents\Code Black Telemetry Backups\atlas-production-working-tree-20260729-200938\.oxlintrc.json","245","6/27/2026 10:38:16 AM"
"C:\Users\glenn\Documents\Code Black Telemetry Backups\atlas-production-working-tree-20260729-200938\ARCHITECTURE.md","3160","6/27/2026 10:44:01 AM"
"C:\Users\glenn\Documents\Code Black Telemetry Backups\atlas-production-working-tree-20260729-200938\capacitor.config.ts","647","7/28/2026 1:59:05 PM"
"C:\Users\glenn\Documents\Code Black Telemetry Backups\atlas-production-working-tree-20260729-200938\CHANGELOG.md","2492","6/27/2026 10:44:18 AM"
"C:\Users\glenn\Documents\Code Black Telemetry Backups\atlas-production-working-tree-20260729-200938\index.html","697","7/28/2026 1:08:37 PM"
"C:\Users\glenn\Documents\Code Black Telemetry Backups\atlas-production-working-tree-20260729-200938\install-codeblack-ops.ps1","235","7/28/2026 4:28:27 PM"
"C:\Users\glenn\Documents\Code Black Telemetry Backups\atlas-production-working-tree-20260729-200938\package-lock.json","127136","7/29/2026 11:45:00 AM"
"C:\Users\glenn\Documents\Code Black Telemetry Backups\atlas-production-working-tree-20260729-200938\package.json","1370","7/29/2026 11:45:00 AM"
"C:\Users\glenn\Documents\Code Black Telemetry Backups\atlas-production-working-tree-20260729-200938\postcss.config.js","80","6/27/2026 10:38:58 AM"
"C:\Users\glenn\Documents\Code Black Telemetry Backups\atlas-production-working-tree-20260729-200938\qa-atlas-recon-tag.txt","40","7/29/2026 12:18:56 PM"
"C:\Users\glenn\Documents\Code Black Telemetry Backups\atlas-production-working-tree-20260729-200938\qa-atlas-recovery-apk-hash.txt","219","7/29/2026 1:40:28 PM"
"C:\Users\glenn\Documents\Code Black Telemetry Backups\atlas-production-working-tree-20260729-200938\qa-atlas-recovery-commit.txt","42","7/29/2026 1:40:28 PM"
"C:\Users\glenn\Documents\Code Black Telemetry Backups\atlas-production-working-tree-20260729-200938\qa-atlas-recovery-tag.txt","43","7/29/2026 1:40:28 PM"
"C:\Users\glenn\Documents\Code Black Telemetry Backups\atlas-production-working-tree-20260729-200938\README.md","1278","6/27/2026 10:38:16 AM"
"C:\Users\glenn\Documents\Code Black Telemetry Backups\atlas-production-working-tree-20260729-200938\start-radar-worker.ps1","180","7/28/2026 4:28:27 PM"
"C:\Users\glenn\Documents\Code Black Telemetry Backups\atlas-production-working-tree-20260729-200938\start-radar-worker.sh","138","7/28/2026 4:28:27 PM"
"C:\Users\glenn\Documents\Code Black Telemetry Backups\atlas-production-working-tree-20260729-200938\tailwind.config.js","701","6/27/2026 10:39:12 AM"
"C:\Users\glenn\Documents\Code Black Telemetry Backups\atlas-production-working-tree-20260729-200938\tsconfig.app.json","617","6/27/2026 10:38:16 AM"
"C:\Users\glenn\Documents\Code Black Telemetry Backups\atlas-production-working-tree-20260729-200938\tsconfig.json","119","6/27/2026 10:38:16 AM"
"C:\Users\glenn\Documents\Code Black Telemetry Backups\atlas-production-working-tree-20260729-200938\tsconfig.node.json","558","6/27/2026 10:38:16 AM"
"C:\Users\glenn\Documents\Code Black Telemetry Backups\atlas-production-working-tree-20260729-200938\vite.config.ts","161","6/27/2026 10:38:17 AM"
"C:\Users\glenn\Documents\Code Black Telemetry Backups\atlas-production-working-tree-20260729-200938\android\.gitignore","1824","7/14/2026 12:31:34 PM"
"C:\Users\glenn\Documents\Code Black Telemetry Backups\atlas-production-working-tree-20260729-200938\android\build.gradle","739","7/29/2026 12:25:01 PM"
"C:\Users\glenn\Documents\Code Black Telemetry Backups\atlas-production-working-tree-20260729-200938\android\capacitor.settings.gradle","886","7/29/2026 5:45:31 PM"
"C:\Users\glenn\Documents\Code Black Telemetry Backups\atlas-production-working-tree-20260729-200938\android\gradle.properties","987","7/14/2026 12:31:34 PM"
"C:\Users\glenn\Documents\Code Black Telemetry Backups\atlas-production-working-tree-20260729-200938\android\gradlew","8733","7/14/2026 12:31:34 PM"
"C:\Users\glenn\Documents\Code Black Telemetry Backups\atlas-production-working-tree-20260729-200938\android\gradlew.bat","2937","7/14/2026 12:31:34 PM"
"C:\Users\glenn\Documents\Code Black Telemetry Backups\atlas-production-working-tree-20260729-200938\android\settings.gradle","208","7/14/2026 12:31:34 PM"
"C:\Users\glenn\Documents\Code Black Telemetry Backups\atlas-production-working-tree-20260729-200938\android\variables.gradle","498","7/14/2026 12:31:34 PM"
"C:\Users\glenn\Documents\Code Black Telemetry Backups\atlas-production-working-tree-20260729-200938\android\.gradle\file-system.probe","8","7/29/2026 7:54:06 AM"
"C:\Users\glenn\Documents\Code Black Telemetry Backups\atlas-production-working-tree-20260729-200938\android\.gradle\8.14.3\gc.properties","0","7/29/2026 1:44:55 PM"
"C:\Users\glenn\Documents\Code Black Telemetry Backups\atlas-production-working-tree-20260729-200938\android\.gradle\8.14.3\checksums\checksums.lock","17","7/29/2026 5:45:34 PM"
"C:\Users\glenn\Documents\Code Black Telemetry Backups\atlas-production-working-tree-20260729-200938\android\.gradle\8.14.3\checksums\md5-checksums.bin","28747","7/29/2026 12:27:46 PM"
"C:\Users\glenn\Documents\Code Black Telemetry Backups\atlas-production-working-tree-20260729-200938\android\.gradle\8.14.3\checksums\sha1-checksums.bin","71897","7/29/2026 12:27:52 PM"
"C:\Users\glenn\Documents\Code Black Telemetry Backups\atlas-production-working-tree-20260729-200938\android\.gradle\8.14.3\executionHistory\executionHistory.bin","2977040","7/29/2026 5:45:33 PM"
"C:\Users\glenn\Documents\Code Black Telemetry Backups\atlas-production-working-tree-20260729-200938\android\.gradle\8.14.3\executionHistory\executionHistory.lock","17","7/29/2026 5:45:34 PM"
"C:\Users\glenn\Documents\Code Black Telemetry Backups\atlas-production-working-tree-20260729-200938\android\.gradle\8.14.3\fileChanges\last-build.bin","1","7/29/2026 5:45:34 PM"
"C:\Users\glenn\Documents\Code Black Telemetry Backups\atlas-production-working-tree-20260729-200938\android\.gradle\8.14.3\fileHashes\fileHashes.bin","227319","7/29/2026 5:45:33 PM"
"C:\Users\glenn\Documents\Code Black Telemetry Backups\atlas-production-working-tree-20260729-200938\android\.gradle\8.14.3\fileHashes\fileHashes.lock","17","7/29/2026 5:45:34 PM"
"C:\Users\glenn\Documents\Code Black Telemetry Backups\atlas-production-working-tree-20260729-200938\android\.gradle\8.14.3\fileHashes\resourceHashesCache.bin","23257","7/29/2026 12:29:38 PM"
"C:\Users\glenn\Documents\Code Black Telemetry Backups\atlas-production-working-tree-20260729-200938\android\.gradle\buildOutputCleanup\buildOutputCleanup.lock","17","7/29/2026 5:45:34 PM"
"C:\Users\glenn\Documents\Code Black Telemetry Backups\atlas-production-working-tree-20260729-200938\android\.gradle\buildOutputCleanup\cache.properties","54","7/28/2026 1:39:42 PM"
"C:\Users\glenn\Documents\Code Black Telemetry Backups\atlas-production-working-tree-20260729-200938\android\.gradle\buildOutputCleanup\outputFiles.bin","89711","7/29/2026 5:45:33 PM"
"C:\Users\glenn\Documents\Code Black Telemetry Backups\atlas-production-working-tree-20260729-200938\android\.gradle\vcs-1\gc.properties","0","7/29/2026 1:44:55 PM"
"C:\Users\glenn\Documents\Code Black Telemetry Backups\atlas-production-working-tree-20260729-200938\android\app\.gitignore","26","7/14/2026 12:31:34 PM"
"C:\Users\glenn\Documents\Code Black Telemetry Backups\atlas-production-working-tree-20260729-200938\android\app\build.gradle","2195","7/29/2026 12:25:06 PM"
"C:\Users\glenn\Documents\Code Black Telemetry Backups\atlas-production-working-tree-20260729-200938\android\app\capacitor.build.gradle","627","7/29/2026 5:45:31 PM"
"C:\Users\glenn\Documents\Code Black Telemetry Backups\atlas-production-working-tree-20260729-200938\android\app\proguard-rules.pro","751","7/14/2026 12:31:34 PM"
"C:\Users\glenn\Documents\Code Black Telemetry Backups\atlas-production-working-tree-20260729-200938\android\app\src\androidTest\java\com\getcapacitor\myapp\ExampleInstrumentedTest.java","774","7/14/2026 12:31:34 PM"
"C:\Users\glenn\Documents\Code Black Telemetry Backups\atlas-production-working-tree-20260729-200938\android\app\src\main\AndroidManifest.xml","2606","7/29/2026 12:27:32 PM"
"C:\Users\glenn\Documents\Code Black Telemetry Backups\atlas-production-working-tree-20260729-200938\android\app\src\main\assets\capacitor.config.json","515","7/29/2026 5:45:31 PM"
"C:\Users\glenn\Documents\Code Black Telemetry Backups\atlas-production-working-tree-20260729-200938\android\app\src\main\assets\capacitor.plugins.json","543","7/29/2026 5:45:31 PM"
"C:\Users\glenn\Documents\Code Black Telemetry Backups\atlas-production-working-tree-20260729-200938\android\app\src\main\assets\recon-ref.png","1403801","7/29/2026 7:55:11 AM"
"C:\Users\glenn\Documents\Code Black Telemetry Backups\atlas-production-working-tree-20260729-200938\android\app\src\main\assets\public\atlas-fixture-ref.svg","1705","7/29/2026 1:43:53 PM"
"C:\Users\glenn\Documents\Code Black Telemetry Backups\atlas-production-working-tree-20260729-200938\android\app\src\main\assets\public\cordova.js","0","7/29/2026 5:45:31 PM"
"C:\Users\glenn\Documents\Code Black Telemetry Backups\atlas-production-working-tree-20260729-200938\android\app\src\main\assets\public\cordova_plugins.js","0","7/29/2026 5:45:31 PM"
"C:\Users\glenn\Documents\Code Black Telemetry Backups\atlas-production-working-tree-20260729-200938\android\app\src\main\assets\public\favicon.svg","9522","6/27/2026 10:38:16 AM"
"C:\Users\glenn\Documents\Code Black Telemetry Backups\atlas-production-working-tree-20260729-200938\android\app\src\main\assets\public\icons.svg","5031","6/27/2026 10:38:16 AM"
"C:\Users\glenn\Documents\Code Black Telemetry Backups\atlas-production-working-tree-20260729-200938\android\app\src\main\assets\public\index.html","795","7/29/2026 5:45:30 PM"
"C:\Users\glenn\Documents\Code Black Telemetry Backups\atlas-production-working-tree-20260729-200938\android\app\src\main\assets\public\manifest.webmanifest","353","7/28/2026 1:08:50 PM"
"C:\Users\glenn\Documents\Code Black Telemetry Backups\atlas-production-working-tree-20260729-200938\android\app\src\main\assets\public\sw.js","1259","7/28/2026 2:34:59 PM"
"C:\Users\glenn\Documents\Code Black Telemetry Backups\atlas-production-working-tree-20260729-200938\android\app\src\main\assets\public\assets\index-D7shlPUf.css","111377","7/29/2026 5:45:30 PM"
"C:\Users\glenn\Documents\Code Black Telemetry Backups\atlas-production-working-tree-20260729-200938\android\app\src\main\assets\public\assets\index-W6prVSgy.js","2117927","7/29/2026 5:45:30 PM"
"C:\Users\glenn\Documents\Code Black Telemetry Backups\atlas-production-working-tree-20260729-200938\android\app\src\main\assets\public\assets\web-BvLblpEI.js","2087","7/29/2026 5:45:30 PM"
"C:\Users\glenn\Documents\Code Black Telemetry Backups\atlas-production-working-tree-20260729-200938\android\app\src\main\assets\public\assets\web-C5MDWA63.js","1192","7/29/2026 5:45:30 PM"
"C:\Users\glenn\Documents\Code Black Telemetry Backups\atlas-production-working-tree-20260729-200938\android\app\src\main\assets\public\assets\web-e3rN8A5Q.js","844","7/29/2026 5:45:30 PM"
"C:\Users\glenn\Documents\Code Black Telemetry Backups\atlas-production-working-tree-20260729-200938\android\app\src\main\java\com\codeblackwx\ops\MainActivity.java","1682","7/28/2026 5:57:28 PM"
"C:\Users\glenn\Documents\Code Black Telemetry Backups\atlas-production-working-tree-20260729-200938\android\app\src\main\java\com\codeblackwx\ops\radar\RadarForegroundService.java","263","7/28/2026 5:57:28 PM"
"C:\Users\glenn\Documents\Code Black Telemetry Backups\atlas-production-working-tree-20260729-200938\android\app\src\main\java\com\codeblackwx\ops\radar\RadarNativePlugin.java","27642","7/29/2026 7:51:09 AM"
"C:\Users\glenn\Documents\Code Black Telemetry Backups\atlas-production-working-tree-20260729-200938\android\app\src\main\java\com\codeblackwx\ops\radar\RadarSite.java","886","7/28/2026 5:57:28 PM"
"C:\Users\glenn\Documents\Code Black Telemetry Backups\atlas-production-working-tree-20260729-200938\android\app\src\main\java\com\codeblackwx\ops\radar\RadarSites.java","1010","7/28/2026 5:57:28 PM"
"C:\Users\glenn\Documents\Code Black Telemetry Backups\atlas-production-working-tree-20260729-200938\android\app\src\main\java\com\codeblackwx\ops\recon\NativeMapboxReconActivity.java","7470","7/29/2026 12:29:29 PM"
"C:\Users\glenn\Documents\Code Black Telemetry Backups\atlas-production-working-tree-20260729-200938\android\app\src\main\jniLibs\arm64-v8a\libcodeblack_radar.so","4077896","7/29/2026 7:53:29 AM"
"C:\Users\glenn\Documents\Code Black Telemetry Backups\atlas-production-working-tree-20260729-200938\android\app\src\main\res\drawable\ic_launcher_background.xml","5606","7/14/2026 12:31:34 PM"
"C:\Users\glenn\Documents\Code Black Telemetry Backups\atlas-production-working-tree-20260729-200938\android\app\src\main\res\drawable\splash.png","4040","7/14/2026 12:31:34 PM"
"C:\Users\glenn\Documents\Code Black Telemetry Backups\atlas-production-working-tree-20260729-200938\android\app\src\main\res\drawable-land-hdpi\splash.png","7705","7/14/2026 12:31:34 PM"
"C:\Users\glenn\Documents\Code Black Telemetry Backups\atlas-production-working-tree-20260729-200938\android\app\src\main\res\drawable-land-mdpi\splash.png","4040","7/14/2026 12:31:34 PM"
"C:\Users\glenn\Documents\Code Black Telemetry Backups\atlas-production-working-tree-20260729-200938\android\app\src\main\res\drawable-land-xhdpi\splash.png","9251","7/14/2026 12:31:34 PM"
"C:\Users\glenn\Documents\Code Black Telemetry Backups\atlas-production-working-tree-20260729-200938\android\app\src\main\res\drawable-land-xxhdpi\splash.png","13984","7/14/2026 12:31:34 PM"
"C:\Users\glenn\Documents\Code Black Telemetry Backups\atlas-production-working-tree-20260729-200938\android\app\src\main\res\drawable-land-xxxhdpi\splash.png","17683","7/14/2026 12:31:34 PM"
"C:\Users\glenn\Documents\Code Black Telemetry Backups\atlas-production-working-tree-20260729-200938\android\app\src\main\res\drawable-port-hdpi\splash.png","7934","7/14/2026 12:31:34 PM"
"C:\Users\glenn\Documents\Code Black Telemetry Backups\atlas-production-working-tree-20260729-200938\android\app\src\main\res\drawable-port-mdpi\splash.png","4096","7/14/2026 12:31:34 PM"
"C:\Users\glenn\Documents\Code Black Telemetry Backups\atlas-production-working-tree-20260729-200938\android\app\src\main\res\drawable-port-xhdpi\splash.png","9875","7/14/2026 12:31:34 PM"
"C:\Users\glenn\Documents\Code Black Telemetry Backups\atlas-production-working-tree-20260729-200938\android\app\src\main\res\drawable-port-xxhdpi\splash.png","13346","7/14/2026 12:31:34 PM"
"C:\Users\glenn\Documents\Code Black Telemetry Backups\atlas-production-working-tree-20260729-200938\android\app\src\main\res\drawable-port-xxxhdpi\splash.png","17489","7/14/2026 12:31:34 PM"
"C:\Users\glenn\Documents\Code Black Telemetry Backups\atlas-production-working-tree-20260729-200938\android\app\src\main\res\drawable-v24\ic_launcher_foreground.xml","1880","7/14/2026 12:31:34 PM"
"C:\Users\glenn\Documents\Code Black Telemetry Backups\atlas-production-working-tree-20260729-200938\android\app\src\main\res\layout\activity_main.xml","535","7/14/2026 12:31:34 PM"
"C:\Users\glenn\Documents\Code Black Telemetry Backups\atlas-production-working-tree-20260729-200938\android\app\src\main\res\mipmap-anydpi-v26\ic_launcher.xml","265","7/14/2026 12:31:34 PM"
"C:\Users\glenn\Documents\Code Black Telemetry Backups\atlas-production-working-tree-20260729-200938\android\app\src\main\res\mipmap-anydpi-v26\ic_launcher_round.xml","265","7/14/2026 12:31:34 PM"
"C:\Users\glenn\Documents\Code Black Telemetry Backups\atlas-production-working-tree-20260729-200938\android\app\src\main\res\mipmap-hdpi\ic_launcher.png","2786","7/14/2026 12:31:34 PM"
"C:\Users\glenn\Documents\Code Black Telemetry Backups\atlas-production-working-tree-20260729-200938\android\app\src\main\res\mipmap-hdpi\ic_launcher_foreground.png","3450","7/14/2026 12:31:34 PM"
"C:\Users\glenn\Documents\Code Black Telemetry Backups\atlas-production-working-tree-20260729-200938\android\app\src\main\res\mipmap-hdpi\ic_launcher_round.png","4341","7/14/2026 12:31:34 PM"
"C:\Users\glenn\Documents\Code Black Telemetry Backups\atlas-production-working-tree-20260729-200938\android\app\src\main\res\mipmap-mdpi\ic_launcher.png","1869","7/14/2026 12:31:34 PM"
"C:\Users\glenn\Documents\Code Black Telemetry Backups\atlas-production-working-tree-20260729-200938\android\app\src\main\res\mipmap-mdpi\ic_launcher_foreground.png","2110","7/14/2026 12:31:34 PM"
"C:\Users\glenn\Documents\Code Black Telemetry Backups\atlas-production-working-tree-20260729-200938\android\app\src\main\res\mipmap-mdpi\ic_launcher_round.png","2725","7/14/2026 12:31:34 PM"
"C:\Users\glenn\Documents\Code Black Telemetry Backups\atlas-production-working-tree-20260729-200938\android\app\src\main\res\mipmap-xhdpi\ic_launcher.png","3981","7/14/2026 12:31:34 PM"
"C:\Users\glenn\Documents\Code Black Telemetry Backups\atlas-production-working-tree-20260729-200938\android\app\src\main\res\mipmap-xhdpi\ic_launcher_foreground.png","5036","7/14/2026 12:31:34 PM"
"C:\Users\glenn\Documents\Code Black Telemetry Backups\atlas-production-working-tree-20260729-200938\android\app\src\main\res\mipmap-xhdpi\ic_launcher_round.png","6593","7/14/2026 12:31:34 PM"
"C:\Users\glenn\Documents\Code Black Telemetry Backups\atlas-production-working-tree-20260729-200938\android\app\src\main\res\mipmap-xxhdpi\ic_launcher.png","6644","7/14/2026 12:31:34 PM"
"C:\Users\glenn\Documents\Code Black Telemetry Backups\atlas-production-working-tree-20260729-200938\android\app\src\main\res\mipmap-xxhdpi\ic_launcher_foreground.png","9793","7/14/2026 12:31:34 PM"
"C:\Users\glenn\Documents\Code Black Telemetry Backups\atlas-production-working-tree-20260729-200938\android\app\src\main\res\mipmap-xxhdpi\ic_launcher_round.png","10455","7/14/2026 12:31:34 PM"
"C:\Users\glenn\Documents\Code Black Telemetry Backups\atlas-production-working-tree-20260729-200938\android\app\src\main\res\mipmap-xxxhdpi\ic_launcher.png","9441","7/14/2026 12:31:34 PM"
"C:\Users\glenn\Documents\Code Black Telemetry Backups\atlas-production-working-tree-20260729-200938\android\app\src\main\res\mipmap-xxxhdpi\ic_launcher_foreground.png","15529","7/14/2026 12:31:34 PM"
"C:\Users\glenn\Documents\Code Black Telemetry Backups\atlas-production-working-tree-20260729-200938\android\app\src\main\res\mipmap-xxxhdpi\ic_launcher_round.png","15916","7/14/2026 12:31:34 PM"
"C:\Users\glenn\Documents\Code Black Telemetry Backups\atlas-production-working-tree-20260729-200938\android\app\src\main\res\values\ic_launcher_background.xml","120","7/14/2026 12:31:34 PM"
"C:\Users\glenn\Documents\Code Black Telemetry Backups\atlas-production-working-tree-20260729-200938\android\app\src\main\res\values\mapbox_access_token.xml","230","7/29/2026 12:25:36 PM"
"C:\Users\glenn\Documents\Code Black Telemetry Backups\atlas-production-working-tree-20260729-200938\android\app\src\main\res\values\strings.xml","306","7/28/2026 1:35:40 PM"
"C:\Users\glenn\Documents\Code Black Telemetry Backups\atlas-production-working-tree-20260729-200938\android\app\src\main\res\values\styles.xml","823","7/14/2026 12:31:34 PM"
"C:\Users\glenn\Documents\Code Black Telemetry Backups\atlas-production-working-tree-20260729-200938\android\app\src\main\res\xml\config.xml","185","7/29/2026 5:45:31 PM"
"C:\Users\glenn\Documents\Code Black Telemetry Backups\atlas-production-working-tree-20260729-200938\android\app\src\main\res\xml\file_paths.xml","213","7/14/2026 12:31:34 PM"
"C:\Users\glenn\Documents\Code Black Telemetry Backups\atlas-production-working-tree-20260729-200938\android\app\src\main\res\xml\network_security_config.xml","475","7/28/2026 1:37:42 PM"
"C:\Users\glenn\Documents\Code Black Telemetry Backups\atlas-production-working-tree-20260729-200938\android\app\src\test\java\com\getcapacitor\myapp\ExampleUnitTest.java","402","7/14/2026 12:31:34 PM"
"C:\Users\glenn\Documents\Code Black Telemetry Backups\atlas-production-working-tree-20260729-200938\android\capacitor-cordova-android-plugins\build.gradle","1668","7/29/2026 5:45:31 PM"
"C:\Users\glenn\Documents\Code Black Telemetry Backups\atlas-production-working-tree-20260729-200938\android\capacitor-cordova-android-plugins\cordova.variables.gradle","312","7/29/2026 5:45:31 PM"
"C:\Users\glenn\Documents\Code Black Telemetry Backups\atlas-production-working-tree-20260729-200938\android\capacitor-cordova-android-plugins\src\main\AndroidManifest.xml","210","7/29/2026 5:45:31 PM"
"C:\Users\glenn\Documents\Code Black Telemetry Backups\atlas-production-working-tree-20260729-200938\android\capacitor-cordova-android-plugins\src\main\java\.gitkeep","0","7/14/2026 12:31:34 PM"
"C:\Users\glenn\Documents\Code Black Telemetry Backups\atlas-production-working-tree-20260729-200938\android\capacitor-cordova-android-plugins\src\main\res\.gitkeep","1","7/14/2026 12:31:34 PM"
"C:\Users\glenn\Documents\Code Black Telemetry Backups\atlas-production-working-tree-20260729-200938\android\gradle\wrapper\gradle-wrapper.jar","43764","7/14/2026 12:31:34 PM"
"C:\Users\glenn\Documents\Code Black Telemetry Backups\atlas-production-working-tree-20260729-200938\android\gradle\wrapper\gradle-wrapper.properties","253","7/14/2026 12:31:34 PM"
"C:\Users\glenn\Documents\Code Black Telemetry Backups\atlas-production-working-tree-20260729-200938\android\tmp-mapbox-aar\AndroidManifest.xml","197","2/1/1980 12:00:00 AM"
"C:\Users\glenn\Documents\Code Black Telemetry Backups\atlas-production-working-tree-20260729-200938\android\tmp-mapbox-aar\classes.jar","569150","2/1/1980 12:00:00 AM"
"C:\Users\glenn\Documents\Code Black Telemetry Backups\atlas-production-working-tree-20260729-200938\android\tmp-mapbox-aar\proguard.txt","335","2/1/1980 12:00:00 AM"
"C:\Users\glenn\Documents\Code Black Telemetry Backups\atlas-production-working-tree-20260729-200938\android\tmp-mapbox-aar\public.txt","653","2/1/1980 12:00:00 AM"
"C:\Users\glenn\Documents\Code Black Telemetry Backups\atlas-production-working-tree-20260729-200938\android\tmp-mapbox-aar\R.txt","99573","2/1/1980 12:00:00 AM"
"C:\Users\glenn\Documents\Code Black Telemetry Backups\atlas-production-working-tree-20260729-200938\android\tmp-mapbox-aar\sdk.zip","616396","7/29/2026 12:27:47 PM"
"C:\Users\glenn\Documents\Code Black Telemetry Backups\atlas-production-working-tree-20260729-200938\android\tmp-mapbox-aar\assets\sdk_versions\com.mapbox.maps","17","2/1/1980 12:00:00 AM"
"C:\Users\glenn\Documents\Code Black Telemetry Backups\atlas-production-working-tree-20260729-200938\android\tmp-mapbox-aar\res\drawable\mapbox_logo_helmet.png","950","2/1/1980 12:00:00 AM"
"C:\Users\glenn\Documents\Code Black Telemetry Backups\atlas-production-working-tree-20260729-200938\android\tmp-mapbox-aar\res\drawable\mapbox_logo_icon.png","2622","2/1/1980 12:00:00 AM"
"C:\Users\glenn\Documents\Code Black Telemetry Backups\atlas-production-working-tree-20260729-200938\android\tmp-mapbox-aar\res\drawable\mapbox_rounded_corner.xml","336","2/1/1980 12:00:00 AM"
"C:\Users\glenn\Documents\Code Black Telemetry Backups\atlas-production-working-tree-20260729-200938\android\tmp-mapbox-aar\res\drawable-hdpi-v4\mapbox_logo_helmet.png","1650","2/1/1980 12:00:00 AM"
"C:\Users\glenn\Documents\Code Black Telemetry Backups\atlas-production-working-tree-20260729-200938\android\tmp-mapbox-aar\res\drawable-hdpi-v4\mapbox_logo_icon.png","4778","2/1/1980 12:00:00 AM"
"C:\Users\glenn\Documents\Code Black Telemetry Backups\atlas-production-working-tree-20260729-200938\android\tmp-mapbox-aar\res\drawable-mdpi-v4\mapbox_logo_helmet.png","950","2/1/1980 12:00:00 AM"
"C:\Users\glenn\Documents\Code Black Telemetry Backups\atlas-production-working-tree-20260729-200938\android\tmp-mapbox-aar\res\drawable-mdpi-v4\mapbox_logo_icon.png","2622","2/1/1980 12:00:00 AM"
"C:\Users\glenn\Documents\Code Black Telemetry Backups\atlas-production-working-tree-20260729-200938\android\tmp-mapbox-aar\res\drawable-xhdpi-v4\mapbox_logo_helmet.png","2184","2/1/1980 12:00:00 AM"
"C:\Users\glenn\Documents\Code Black Telemetry Backups\atlas-production-working-tree-20260729-200938\android\tmp-mapbox-aar\res\drawable-xhdpi-v4\mapbox_logo_icon.png","6579","2/1/1980 12:00:00 AM"
"C:\Users\glenn\Documents\Code Black Telemetry Backups\atlas-production-working-tree-20260729-200938\android\tmp-mapbox-aar\res\drawable-xxhdpi-v4\mapbox_logo_helmet.png","3389","2/1/1980 12:00:00 AM"
"C:\Users\glenn\Documents\Code Black Telemetry Backups\atlas-production-working-tree-20260729-200938\android\tmp-mapbox-aar\res\drawable-xxhdpi-v4\mapbox_logo_icon.png","10802","2/1/1980 12:00:00 AM"
"C:\Users\glenn\Documents\Code Black Telemetry Backups\atlas-production-working-tree-20260729-200938\android\tmp-mapbox-aar\res\drawable-xxxhdpi-v4\mapbox_logo_helmet.png","4468","2/1/1980 12:00:00 AM"
"C:\Users\glenn\Documents\Code Black Telemetry Backups\atlas-production-working-tree-20260729-200938\android\tmp-mapbox-aar\res\drawable-xxxhdpi-v4\mapbox_logo_icon.png","14441","2/1/1980 12:00:00 AM"
"C:\Users\glenn\Documents\Code Black Telemetry Backups\atlas-production-working-tree-20260729-200938\android\tmp-mapbox-aar\res\values\values.xml","4615","2/1/1980 12:00:00 AM"
"C:\Users\glenn\Documents\Code Black Telemetry Backups\atlas-production-working-tree-20260729-200938\android\tmp-mapbox-aar\res\values-ar\values-ar.xml","317","2/1/1980 12:00:00 AM"
"C:\Users\glenn\Documents\Code Black Telemetry Backups\atlas-production-working-tree-20260729-200938\android\tmp-mapbox-aar\res\values-be\values-be.xml","326","2/1/1980 12:00:00 AM"
"C:\Users\glenn\Documents\Code Black Telemetry Backups\atlas-production-working-tree-20260729-200938\android\tmp-mapbox-aar\res\values-bg\values-bg.xml","352","2/1/1980 12:00:00 AM"
"C:\Users\glenn\Documents\Code Black Telemetry Backups\atlas-production-working-tree-20260729-200938\android\tmp-mapbox-aar\res\values-ca\values-ca.xml","295","2/1/1980 12:00:00 AM"
"C:\Users\glenn\Documents\Code Black Telemetry Backups\atlas-production-working-tree-20260729-200938\android\tmp-mapbox-aar\res\values-cs\values-cs.xml","302","2/1/1980 12:00:00 AM"
"C:\Users\glenn\Documents\Code Black Telemetry Backups\atlas-production-working-tree-20260729-200938\android\tmp-mapbox-aar\res\values-da\values-da.xml","283","2/1/1980 12:00:00 AM"
"C:\Users\glenn\Documents\Code Black Telemetry Backups\atlas-production-working-tree-20260729-200938\android\tmp-mapbox-aar\res\values-de\values-de.xml","291","2/1/1980 12:00:00 AM"
"C:\Users\glenn\Documents\Code Black Telemetry Backups\atlas-production-working-tree-20260729-200938\android\tmp-mapbox-aar\res\values-es\values-es.xml","295","2/1/1980 12:00:00 AM"
"C:\Users\glenn\Documents\Code Black Telemetry Backups\atlas-production-working-tree-20260729-200938\android\tmp-mapbox-aar\res\values-fr\values-fr.xml","305","2/1/1980 12:00:00 AM"
"C:\Users\glenn\Documents\Code Black Telemetry Backups\atlas-production-working-tree-20260729-200938\android\tmp-mapbox-aar\res\values-gl\values-gl.xml","293","2/1/1980 12:00:00 AM"
"C:\Users\glenn\Documents\Code Black Telemetry Backups\atlas-production-working-tree-20260729-200938\android\tmp-mapbox-aar\res\values-it\values-it.xml","297","2/1/1980 12:00:00 AM"
"C:\Users\glenn\Documents\Code Black Telemetry Backups\atlas-production-working-tree-20260729-200938\android\tmp-mapbox-aar\res\values-iw\values-iw.xml","308","2/1/1980 12:00:00 AM"
"C:\Users\glenn\Documents\Code Black Telemetry Backups\atlas-production-working-tree-20260729-200938\android\tmp-mapbox-aar\res\values-ja\values-ja.xml","354","2/1/1980 12:00:00 AM"
"C:\Users\glenn\Documents\Code Black Telemetry Backups\atlas-production-working-tree-20260729-200938\android\tmp-mapbox-aar\res\values-ko\values-ko.xml","305","2/1/1980 12:00:00 AM"
"C:\Users\glenn\Documents\Code Black Telemetry Backups\atlas-production-working-tree-20260729-200938\android\tmp-mapbox-aar\res\values-lt\values-lt.xml","309","2/1/1980 12:00:00 AM"
"C:\Users\glenn\Documents\Code Black Telemetry Backups\atlas-production-working-tree-20260729-200938\android\tmp-mapbox-aar\res\values-nl\values-nl.xml","280","2/1/1980 12:00:00 AM"
"C:\Users\glenn\Documents\Code Black Telemetry Backups\atlas-production-working-tree-20260729-200938\android\tmp-mapbox-aar\res\values-no\values-no.xml","288","2/1/1980 12:00:00 AM"
"C:\Users\glenn\Documents\Code Black Telemetry Backups\atlas-production-working-tree-20260729-200938\android\tmp-mapbox-aar\res\values-pl\values-pl.xml","287","2/1/1980 12:00:00 AM"
"C:\Users\glenn\Documents\Code Black Telemetry Backups\atlas-production-working-tree-20260729-200938\android\tmp-mapbox-aar\res\values-pt\values-pt.xml","292","2/1/1980 12:00:00 AM"
"C:\Users\glenn\Documents\Code Black Telemetry Backups\atlas-production-working-tree-20260729-200938\android\tmp-mapbox-aar\res\values-ru\values-ru.xml","338","2/1/1980 12:00:00 AM"
"C:\Users\glenn\Documents\Code Black Telemetry Backups\atlas-production-working-tree-20260729-200938\android\tmp-mapbox-aar\res\values-sv\values-sv.xml","289","2/1/1980 12:00:00 AM"
"C:\Users\glenn\Documents\Code Black Telemetry Backups\atlas-production-working-tree-20260729-200938\android\tmp-mapbox-aar\res\values-uk\values-uk.xml","338","2/1/1980 12:00:00 AM"
"C:\Users\glenn\Documents\Code Black Telemetry Backups\atlas-production-working-tree-20260729-200938\android\tmp-mapbox-aar\res\values-vi\values-vi.xml","316","2/1/1980 12:00:00 AM"
"C:\Users\glenn\Documents\Code Black Telemetry Backups\atlas-production-working-tree-20260729-200938\android\tmp-mapbox-aar\res\values-zh\values-zh.xml","274","2/1/1980 12:00:00 AM"
"C:\Users\glenn\Documents\Code Black Telemetry Backups\atlas-production-working-tree-20260729-200938\android\tmp-mapbox-aar\res\values-zh-rCN\values-zh-rCN.xml","269","2/1/1980 12:00:00 AM"
"C:\Users\glenn\Documents\Code Black Telemetry Backups\atlas-production-working-tree-20260729-200938\android\tmp-mapbox-aar\res\values-zh-rHK\values-zh-rHK.xml","272","2/1/1980 12:00:00 AM"
"C:\Users\glenn\Documents\Code Black Telemetry Backups\atlas-production-working-tree-20260729-200938\android\tmp-mapbox-aar\res\values-zh-rTW\values-zh-rTW.xml","272","2/1/1980 12:00:00 AM"
"C:\Users\glenn\Documents\Code Black Telemetry Backups\atlas-production-working-tree-20260729-200938\android\tmp-mapbox-common\AndroidManifest.xml","1287","2/1/1980 12:00:00 AM"
"C:\Users\glenn\Documents\Code Black Telemetry Backups\atlas-production-working-tree-20260729-200938\android\tmp-mapbox-common\classes.jar","892987","2/1/1980 12:00:00 AM"
"C:\Users\glenn\Documents\Code Black Telemetry Backups\atlas-production-working-tree-20260729-200938\android\tmp-mapbox-common\common.zip","13914660","7/29/2026 12:27:50 PM"
"C:\Users\glenn\Documents\Code Black Telemetry Backups\atlas-production-working-tree-20260729-200938\android\tmp-mapbox-common\proguard.txt","3095","2/1/1980 12:00:00 AM"
"C:\Users\glenn\Documents\Code Black Telemetry Backups\atlas-production-working-tree-20260729-200938\android\tmp-mapbox-common\R.txt","30","2/1/1980 12:00:00 AM"
"C:\Users\glenn\Documents\Code Black Telemetry Backups\atlas-production-working-tree-20260729-200938\android\tmp-mapbox-common\assets\sdk_versions\com.mapbox.common.core","15","2/1/1980 12:00:00 AM"
"C:\Users\glenn\Documents\Code Black Telemetry Backups\atlas-production-working-tree-20260729-200938\android\tmp-mapbox-common\jni\arm64-v8a\libc++_shared.so","1292896","2/1/1980 12:00:00 AM"
"C:\Users\glenn\Documents\Code Black Telemetry Backups\atlas-production-working-tree-20260729-200938\android\tmp-mapbox-common\jni\arm64-v8a\libmapbox-common.so","6888280","2/1/1980 12:00:00 AM"
"C:\Users\glenn\Documents\Code Black Telemetry Backups\atlas-production-working-tree-20260729-200938\android\tmp-mapbox-common\jni\armeabi-v7a\libc++_shared.so","872872","2/1/1980 12:00:00 AM"
"C:\Users\glenn\Documents\Code Black Telemetry Backups\atlas-production-working-tree-20260729-200938\android\tmp-mapbox-common\jni\armeabi-v7a\libmapbox-common.so","4563188","2/1/1980 12:00:00 AM"
"C:\Users\glenn\Documents\Code Black Telemetry Backups\atlas-production-working-tree-20260729-200938\android\tmp-mapbox-common\jni\x86\libc++_shared.so","1255116","2/1/1980 12:00:00 AM"
"C:\Users\glenn\Documents\Code Black Telemetry Backups\atlas-production-working-tree-20260729-200938\android\tmp-mapbox-common\jni\x86\libmapbox-common.so","7397768","2/1/1980 12:00:00 AM"
"C:\Users\glenn\Documents\Code Black Telemetry Backups\atlas-production-working-tree-20260729-200938\android\tmp-mapbox-common\jni\x86_64\libc++_shared.so","1252080","2/1/1980 12:00:00 AM"
"C:\Users\glenn\Documents\Code Black Telemetry Backups\atlas-production-working-tree-20260729-200938\android\tmp-mapbox-common\jni\x86_64\libmapbox-common.so","7196840","2/1/1980 12:00:00 AM"
"C:\Users\glenn\Documents\Code Black Telemetry Backups\atlas-production-working-tree-20260729-200938\android\tmp-mapbox-common\res\layout\activity_dummy.xml","246","2/1/1980 12:00:00 AM"
"C:\Users\glenn\Documents\Code Black Telemetry Backups\atlas-production-working-tree-20260729-200938\android\tmp-search-aar\a.zip","22783815","6/28/2026 1:39:29 PM"
"C:\Users\glenn\Documents\Code Black Telemetry Backups\atlas-production-working-tree-20260729-200938\android\tmp-search-aar\AndroidManifest.xml","1141","2/1/1980 12:00:00 AM"
"C:\Users\glenn\Documents\Code Black Telemetry Backups\atlas-production-working-tree-20260729-200938\android\tmp-search-aar\classes.jar","360356","2/1/1980 12:00:00 AM"
"C:\Users\glenn\Documents\Code Black Telemetry Backups\atlas-production-working-tree-20260729-200938\android\tmp-search-aar\R.txt","0","2/1/1980 12:00:00 AM"
"C:\Users\glenn\Documents\Code Black Telemetry Backups\atlas-production-working-tree-20260729-200938\android\tmp-search-aar\assets\sdk_versions\com.mapbox.maps.core","12","2/1/1980 12:00:00 AM"
"C:\Users\glenn\Documents\Code Black Telemetry Backups\atlas-production-working-tree-20260729-200938\android\tmp-search-aar\jni\arm64-v8a\libmapbox-maps.so","13476416","2/1/1980 12:00:00 AM"
"C:\Users\glenn\Documents\Code Black Telemetry Backups\atlas-production-working-tree-20260729-200938\android\tmp-search-aar\jni\armeabi-v7a\libmapbox-maps.so","9187760","2/1/1980 12:00:00 AM"
"C:\Users\glenn\Documents\Code Black Telemetry Backups\atlas-production-working-tree-20260729-200938\android\tmp-search-aar\jni\x86\libmapbox-maps.so","15393288","2/1/1980 12:00:00 AM"
"C:\Users\glenn\Documents\Code Black Telemetry Backups\atlas-production-working-tree-20260729-200938\android\tmp-search-aar\jni\x86_64\libmapbox-maps.so","14934800","2/1/1980 12:00:00 AM"
"C:\Users\glenn\Documents\Code Black Telemetry Backups\atlas-production-working-tree-20260729-200938\docs\on-device-radar-architecture.md","3217","7/29/2026 7:52:10 AM"
"C:\Users\glenn\Documents\Code Black Telemetry Backups\atlas-production-working-tree-20260729-200938\native\radar-ref\Cargo.lock","41801","7/28/2026 6:21:34 PM"
"C:\Users\glenn\Documents\Code Black Telemetry Backups\atlas-production-working-tree-20260729-200938\native\radar-ref\Cargo.toml","625","7/29/2026 7:50:57 AM"
"C:\Users\glenn\Documents\Code Black Telemetry Backups\atlas-production-working-tree-20260729-200938\native\radar-ref\README.md","892","7/29/2026 7:52:19 AM"
"C:\Users\glenn\Documents\Code Black Telemetry Backups\atlas-production-working-tree-20260729-200938\native\radar-ref\rust-toolchain.toml","87","7/28/2026 6:21:09 PM"
"C:\Users\glenn\Documents\Code Black Telemetry Backups\atlas-production-working-tree-20260729-200938\native\radar-ref\src\lib.rs","13586","7/28/2026 7:53:21 PM"
"C:\Users\glenn\Documents\Code Black Telemetry Backups\atlas-production-working-tree-20260729-200938\native\radar-ref\target\.rustc_info.json","2326","7/28/2026 7:03:16 PM"
"C:\Users\glenn\Documents\Code Black Telemetry Backups\atlas-production-working-tree-20260729-200938\native\radar-ref\target\CACHEDIR.TAG","177","7/28/2026 7:01:25 PM"
"C:\Users\glenn\Documents\Code Black Telemetry Backups\atlas-production-working-tree-20260729-200938\native\radar-ref\target\aarch64-linux-android\CACHEDIR.TAG","177","7/28/2026 7:01:25 PM"
"C:\Users\glenn\Documents\Code Black Telemetry Backups\atlas-production-working-tree-20260729-200938\native\radar-ref\target\aarch64-linux-android\release\.cargo-artifact-lock","0","7/28/2026 7:01:25 PM"
"C:\Users\glenn\Documents\Code Black Telemetry Backups\atlas-production-working-tree-20260729-200938\native\radar-ref\target\aarch64-linux-android\release\.cargo-build-lock","0","7/28/2026 7:01:25 PM"
"C:\Users\glenn\Documents\Code Black Telemetry Backups\atlas-production-working-tree-20260729-200938\native\radar-ref\target\aarch64-linux-android\release\.cargo-lock","0","7/28/2026 7:01:25 PM"
"C:\Users\glenn\Documents\Code Black Telemetry Backups\atlas-production-working-tree-20260729-200938\native\radar-ref\target\aarch64-linux-android\release\libcodeblack_radar.d","201","7/29/2026 7:53:29 AM"
"C:\Users\glenn\Documents\Code Black Telemetry Backups\atlas-production-working-tree-20260729-200938\native\radar-ref\target\aarch64-linux-android\release\libcodeblack_radar.so","4077896","7/29/2026 7:53:29 AM"
"C:\Users\glenn\Documents\Code Black Telemetry Backups\atlas-production-working-tree-20260729-200938\native\radar-ref\target\aarch64-linux-android\release\libcodeblack_radar_ref.d","205","7/28/2026 7:54:24 PM"
"C:\Users\glenn\Documents\Code Black Telemetry Backups\atlas-production-working-tree-20260729-200938\native\radar-ref\target\aarch64-linux-android\release\libcodeblack_radar_ref.so","4077896","7/28/2026 7:54:24 PM"
"C:\Users\glenn\Documents\Code Black Telemetry Backups\atlas-production-working-tree-20260729-200938\native\radar-ref\target\aarch64-linux-android\release\.fingerprint\adler2-9b3a96473f528b87\dep-lib-adler2","14","7/28/2026 7:01:26 PM"
"C:\Users\glenn\Documents\Code Black Telemetry Backups\atlas-production-working-tree-20260729-200938\native\radar-ref\target\aarch64-linux-android\release\.fingerprint\adler2-9b3a96473f528b87\invoked.timestamp","48","7/28/2026 7:01:26 PM"
"C:\Users\glenn\Documents\Code Black Telemetry Backups\atlas-production-working-tree-20260729-200938\native\radar-ref\target\aarch64-linux-android\release\.fingerprint\adler2-9b3a96473f528b87\lib-adler2","16","7/28/2026 7:01:26 PM"
"C:\Users\glenn\Documents\Code Black Telemetry Backups\atlas-production-working-tree-20260729-200938\native\radar-ref\target\aarch64-linux-android\release\.fingerprint\adler2-9b3a96473f528b87\lib-adler2.json","445","7/28/2026 7:01:26 PM"
"C:\Users\glenn\Documents\Code Black Telemetry Backups\atlas-production-working-tree-20260729-200938\native\radar-ref\target\aarch64-linux-android\release\.fingerprint\aligned-a80e0999d0e10b57\dep-lib-aligned","14","7/28/2026 7:01:26 PM"
"C:\Users\glenn\Documents\Code Black Telemetry Backups\atlas-production-working-tree-20260729-200938\native\radar-ref\target\aarch64-linux-android\release\.fingerprint\aligned-a80e0999d0e10b57\invoked.timestamp","48","7/28/2026 7:01:26 PM"
"C:\Users\glenn\Documents\Code Black Telemetry Backups\atlas-production-working-tree-20260729-200938\native\radar-ref\target\aarch64-linux-android\release\.fingerprint\aligned-a80e0999d0e10b57\lib-aligned","16","7/28/2026 7:01:27 PM"
"C:\Users\glenn\Documents\Code Black Telemetry Backups\atlas-production-working-tree-20260729-200938\native\radar-ref\target\aarch64-linux-android\release\.fingerprint\aligned-a80e0999d0e10b57\lib-aligned.json","453","7/28/2026 7:01:27 PM"
"C:\Users\glenn\Documents\Code Black Telemetry Backups\atlas-production-working-tree-20260729-200938\native\radar-ref\target\aarch64-linux-android\release\.fingerprint\aligned-vec-7e588955dd5a3a7b\dep-lib-aligned_vec","14","7/28/2026 7:01:37 PM"
"C:\Users\glenn\Documents\Code Black Telemetry Backups\atlas-production-working-tree-20260729-200938\native\radar-ref\target\aarch64-linux-android\release\.fingerprint\aligned-vec-7e588955dd5a3a7b\invoked.timestamp","48","7/28/2026 7:01:37 PM"
"C:\Users\glenn\Documents\Code Black Telemetry Backups\atlas-production-working-tree-20260729-200938\native\radar-ref\target\aarch64-linux-android\release\.fingerprint\aligned-vec-7e588955dd5a3a7b\lib-aligned_vec","16","7/28/2026 7:01:37 PM"
"C:\Users\glenn\Documents\Code Black Telemetry Backups\atlas-production-working-tree-20260729-200938\native\radar-ref\target\aarch64-linux-android\release\.fingerprint\aligned-vec-7e588955dd5a3a7b\lib-aligned_vec.json","511","7/28/2026 7:01:37 PM"
"C:\Users\glenn\Documents\Code Black Telemetry Backups\atlas-production-working-tree-20260729-200938\native\radar-ref\target\aarch64-linux-android\release\.fingerprint\android_system_properties-cf3d4d8a49baf28e\dep-lib-android_system_properties","14","7/28/2026 7:01:27 PM"
"C:\Users\glenn\Documents\Code Black Telemetry Backups\atlas-production-working-tree-20260729-200938\native\radar-ref\target\aarch64-linux-android\release\.fingerprint\android_system_properties-cf3d4d8a49baf28e\invoked.timestamp","48","7/28/2026 7:01:27 PM"
"C:\Users\glenn\Documents\Code Black Telemetry Backups\atlas-production-working-tree-20260729-200938\native\radar-ref\target\aarch64-linux-android\release\.fingerprint\android_system_properties-cf3d4d8a49baf28e\lib-android_system_properties","16","7/28/2026 7:01:28 PM"
"C:\Users\glenn\Documents\Code Black Telemetry Backups\atlas-production-working-tree-20260729-200938\native\radar-ref\target\aarch64-linux-android\release\.fingerprint\android_system_properties-cf3d4d8a49baf28e\lib-android_system_properties.json","486","7/28/2026 7:01:28 PM"
"C:\Users\glenn\Documents\Code Black Telemetry Backups\atlas-production-working-tree-20260729-200938\native\radar-ref\target\aarch64-linux-android\release\.fingerprint\anyhow-8a719d175c717bd6\run-build-script-build-script-build","16","7/28/2026 7:01:27 PM"
"C:\Users\glenn\Documents\Code Black Telemetry Backups\atlas-production-working-tree-20260729-200938\native\radar-ref\target\aarch64-linux-android\release\.fingerprint\anyhow-8a719d175c717bd6\run-build-script-build-script-build.json","421","7/28/2026 7:01:27 PM"
"C:\Users\glenn\Documents\Code Black Telemetry Backups\atlas-production-working-tree-20260729-200938\native\radar-ref\target\aarch64-linux-android\release\.fingerprint\anyhow-ea6d12dc0db7657f\dep-lib-anyhow","14","7/28/2026 7:01:27 PM"
"C:\Users\glenn\Documents\Code Black Telemetry Backups\atlas-production-working-tree-20260729-200938\native\radar-ref\target\aarch64-linux-android\release\.fingerprint\anyhow-ea6d12dc0db7657f\invoked.timestamp","48","7/28/2026 7:01:27 PM"
"C:\Users\glenn\Documents\Code Black Telemetry Backups\atlas-production-working-tree-20260729-200938\native\radar-ref\target\aarch64-linux-android\release\.fingerprint\anyhow-ea6d12dc0db7657f\lib-anyhow","16","7/28/2026 7:01:28 PM"
"C:\Users\glenn\Documents\Code Black Telemetry Backups\atlas-production-working-tree-20260729-200938\native\radar-ref\target\aarch64-linux-android\release\.fingerprint\anyhow-ea6d12dc0db7657f\lib-anyhow.json","518","7/28/2026 7:01:28 PM"
"C:\Users\glenn\Documents\Code Black Telemetry Backups\atlas-production-working-tree-20260729-200938\native\radar-ref\target\aarch64-linux-android\release\.fingerprint\arrayvec-ac8d8fc7a5bd7e8f\dep-lib-arrayvec","14","7/28/2026 7:01:26 PM"
"C:\Users\glenn\Documents\Code Black Telemetry Backups\atlas-production-working-tree-20260729-200938\native\radar-ref\target\aarch64-linux-android\release\.fingerprint\arrayvec-ac8d8fc7a5bd7e8f\invoked.timestamp","48","7/28/2026 7:01:26 PM"
"C:\Users\glenn\Documents\Code Black Telemetry Backups\atlas-production-working-tree-20260729-200938\native\radar-ref\target\aarch64-linux-android\release\.fingerprint\arrayvec-ac8d8fc7a5bd7e8f\lib-arrayvec","16","7/28/2026 7:01:26 PM"
"C:\Users\glenn\Documents\Code Black Telemetry Backups\atlas-production-working-tree-20260729-200938\native\radar-ref\target\aarch64-linux-android\release\.fingerprint\arrayvec-ac8d8fc7a5bd7e8f\lib-arrayvec.json","472","7/28/2026 7:01:26 PM"
"C:\Users\glenn\Documents\Code Black Telemetry Backups\atlas-production-working-tree-20260729-200938\native\radar-ref\target\aarch64-linux-android\release\.fingerprint\as-slice-acc05424ea1457c0\dep-lib-as_slice","14","7/28/2026 7:01:26 PM"
"C:\Users\glenn\Documents\Code Black Telemetry Backups\atlas-production-working-tree-20260729-200938\native\radar-ref\target\aarch64-linux-android\release\.fingerprint\as-slice-acc05424ea1457c0\invoked.timestamp","48","7/28/2026 7:01:26 PM"
"C:\Users\glenn\Documents\Code Black Telemetry Backups\atlas-production-working-tree-20260729-200938\native\radar-ref\target\aarch64-linux-android\release\.fingerprint\as-slice-acc05424ea1457c0\lib-as_slice","16","7/28/2026 7:01:26 PM"
"C:\Users\glenn\Documents\Code Black Telemetry Backups\atlas-production-working-tree-20260729-200938\native\radar-ref\target\aarch64-linux-android\release\.fingerprint\as-slice-acc05424ea1457c0\lib-as_slice.json","467","7/28/2026 7:01:26 PM"
"C:\Users\glenn\Documents\Code Black Telemetry Backups\atlas-production-working-tree-20260729-200938\native\radar-ref\target\aarch64-linux-android\release\.fingerprint\av-scenechange-902965214ec85e56\run-build-script-build-script-build","16","7/28/2026 7:01:27 PM"
"C:\Users\glenn\Documents\Code Black Telemetry Backups\atlas-production-working-tree-20260729-200938\native\radar-ref\target\aarch64-linux-android\release\.fingerprint\av-scenechange-902965214ec85e56\run-build-script-build-script-build.json","258","7/28/2026 7:01:27 PM"
"C:\Users\glenn\Documents\Code Black Telemetry Backups\atlas-production-working-tree-20260729-200938\native\radar-ref\target\aarch64-linux-android\release\.fingerprint\av-scenechange-e1dab69e583ad5da\dep-lib-av_scenechange","14","7/28/2026 7:01:38 PM"
"C:\Users\glenn\Documents\Code Black Telemetry Backups\atlas-production-working-tree-20260729-200938\native\radar-ref\target\aarch64-linux-android\release\.fingerprint\av-scenechange-e1dab69e583ad5da\invoked.timestamp","48","7/28/2026 7:01:38 PM"
"C:\Users\glenn\Documents\Code Black Telemetry Backups\atlas-production-working-tree-20260729-200938\native\radar-ref\target\aarch64-linux-android\release\.fingerprint\av-scenechange-e1dab69e583ad5da\lib-av_scenechange","16","7/28/2026 7:01:39 PM"
"C:\Users\glenn\Documents\Code Black Telemetry Backups\atlas-production-working-tree-20260729-200938\native\radar-ref\target\aarch64-linux-android\release\.fingerprint\av-scenechange-e1dab69e583ad5da\lib-av_scenechange.json","1454","7/28/2026 7:01:39 PM"
"C:\Users\glenn\Documents\Code Black Telemetry Backups\atlas-production-working-tree-20260729-200938\native\radar-ref\target\aarch64-linux-android\release\.fingerprint\av1-grain-2d83db05255b0c1b\dep-lib-av1_grain","14","7/28/2026 7:01:38 PM"
"C:\Users\glenn\Documents\Code Black Telemetry Backups\atlas-production-working-tree-20260729-200938\native\radar-ref\target\aarch64-linux-android\release\.fingerprint\av1-grain-2d83db05255b0c1b\invoked.timestamp","48","7/28/2026 7:01:38 PM"
"C:\Users\glenn\Documents\Code Black Telemetry Backups\atlas-production-working-tree-20260729-200938\native\radar-ref\target\aarch64-linux-android\release\.fingerprint\av1-grain-2d83db05255b0c1b\lib-av1_grain","16","7/28/2026 7:01:40 PM"
"C:\Users\glenn\Documents\Code Black Telemetry Backups\atlas-production-working-tree-20260729-200938\native\radar-ref\target\aarch64-linux-android\release\.fingerprint\av1-grain-2d83db05255b0c1b\lib-av1_grain.json","987","7/28/2026 7:01:40 PM"
"C:\Users\glenn\Documents\Code Black Telemetry Backups\atlas-production-working-tree-20260729-200938\native\radar-ref\target\aarch64-linux-android\release\.fingerprint\avif-serialize-2f088a83a4b4672b\dep-lib-avif_serialize","14","7/28/2026 7:01:28 PM"
"C:\Users\glenn\Documents\Code Black Telemetry Backups\atlas-production-working-tree-20260729-200938\native\radar-ref\target\aarch64-linux-android\release\.fingerprint\avif-serialize-2f088a83a4b4672b\invoked.timestamp","48","7/28/2026 7:01:28 PM"
"C:\Users\glenn\Documents\Code Black Telemetry Backups\atlas-production-working-tree-20260729-200938\native\radar-ref\target\aarch64-linux-android\release\.fingerprint\avif-serialize-2f088a83a4b4672b\lib-avif_serialize","16","7/28/2026 7:01:30 PM"
"C:\Users\glenn\Documents\Code Black Telemetry Backups\atlas-production-working-tree-20260729-200938\native\radar-ref\target\aarch64-linux-android\release\.fingerprint\avif-serialize-2f088a83a4b4672b\lib-avif_serialize.json","468","7/28/2026 7:01:30 PM"
"C:\Users\glenn\Documents\Code Black Telemetry Backups\atlas-production-working-tree-20260729-200938\native\radar-ref\target\aarch64-linux-android\release\.fingerprint\bitflags-7f21db38905f08e0\dep-lib-bitflags","14","7/28/2026 7:01:29 PM"
"C:\Users\glenn\Documents\Code Black Telemetry Backups\atlas-production-working-tree-20260729-200938\native\radar-ref\target\aarch64-linux-android\release\.fingerprint\bitflags-7f21db38905f08e0\invoked.timestamp","48","7/28/2026 7:01:29 PM"
"C:\Users\glenn\Documents\Code Black Telemetry Backups\atlas-production-working-tree-20260729-200938\native\radar-ref\target\aarch64-linux-android\release\.fingerprint\bitflags-7f21db38905f08e0\lib-bitflags","16","7/28/2026 7:01:29 PM"
"C:\Users\glenn\Documents\Code Black Telemetry Backups\atlas-production-working-tree-20260729-200938\native\radar-ref\target\aarch64-linux-android\release\.fingerprint\bitflags-7f21db38905f08e0\lib-bitflags.json","482","7/28/2026 7:01:29 PM"
"C:\Users\glenn\Documents\Code Black Telemetry Backups\atlas-production-working-tree-20260729-200938\native\radar-ref\target\aarch64-linux-android\release\.fingerprint\bitstream-io-b752c77a61c44ae8\dep-lib-bitstream_io","14","7/28/2026 7:01:27 PM"
"C:\Users\glenn\Documents\Code Black Telemetry Backups\atlas-production-working-tree-20260729-200938\native\radar-ref\target\aarch64-linux-android\release\.fingerprint\bitstream-io-b752c77a61c44ae8\invoked.timestamp","48","7/28/2026 7:01:27 PM"
"C:\Users\glenn\Documents\Code Black Telemetry Backups\atlas-production-working-tree-20260729-200938\native\radar-ref\target\aarch64-linux-android\release\.fingerprint\bitstream-io-b752c77a61c44ae8\lib-bitstream_io","16","7/28/2026 7:01:28 PM"
"C:\Users\glenn\Documents\Code Black Telemetry Backups\atlas-production-working-tree-20260729-200938\native\radar-ref\target\aarch64-linux-android\release\.fingerprint\bitstream-io-b752c77a61c44ae8\lib-bitstream_io.json","529","7/28/2026 7:01:28 PM"
"C:\Users\glenn\Documents\Code Black Telemetry Backups\atlas-production-working-tree-20260729-200938\native\radar-ref\target\aarch64-linux-android\release\.fingerprint\bit_field-20b185f7ff353f40\dep-lib-bit_field","14","7/28/2026 7:01:30 PM"
"C:\Users\glenn\Documents\Code Black Telemetry Backups\atlas-production-working-tree-20260729-200938\native\radar-ref\target\aarch64-linux-android\release\.fingerprint\bit_field-20b185f7ff353f40\invoked.timestamp","48","7/28/2026 7:01:30 PM"
"C:\Users\glenn\Documents\Code Black Telemetry Backups\atlas-production-working-tree-20260729-200938\native\radar-ref\target\aarch64-linux-android\release\.fingerprint\bit_field-20b185f7ff353f40\lib-bit_field","16","7/28/2026 7:01:31 PM"
"C:\Users\glenn\Documents\Code Black Telemetry Backups\atlas-production-working-tree-20260729-200938\native\radar-ref\target\aarch64-linux-android\release\.fingerprint\bit_field-20b185f7ff353f40\lib-bit_field.json","398","7/28/2026 7:01:31 PM"
"C:\Users\glenn\Documents\Code Black Telemetry Backups\atlas-production-working-tree-20260729-200938\native\radar-ref\target\aarch64-linux-android\release\.fingerprint\block-buffer-1387bf4a90d5c915\dep-lib-block_buffer","14","7/28/2026 7:01:28 PM"
"C:\Users\glenn\Documents\Code Black Telemetry Backups\atlas-production-working-tree-20260729-200938\native\radar-ref\target\aarch64-linux-android\release\.fingerprint\block-buffer-1387bf4a90d5c915\invoked.timestamp","48","7/28/2026 7:01:28 PM"
"C:\Users\glenn\Documents\Code Black Telemetry Backups\atlas-production-working-tree-20260729-200938\native\radar-ref\target\aarch64-linux-android\release\.fingerprint\block-buffer-1387bf4a90d5c915\lib-block_buffer","16","7/28/2026 7:01:28 PM"
"C:\Users\glenn\Documents\Code Black Telemetry Backups\atlas-production-working-tree-20260729-200938\native\radar-ref\target\aarch64-linux-android\release\.fingerprint\block-buffer-1387bf4a90d5c915\lib-block_buffer.json","467","7/28/2026 7:01:28 PM"
"C:\Users\glenn\Documents\Code Black Telemetry Backups\atlas-production-working-tree-20260729-200938\native\radar-ref\target\aarch64-linux-android\release\.fingerprint\bytemuck-2e594a5ecbef8868\dep-lib-bytemuck","14","7/28/2026 7:01:26 PM"
"C:\Users\glenn\Documents\Code Black Telemetry Backups\atlas-production-working-tree-20260729-200938\native\radar-ref\target\aarch64-linux-android\release\.fingerprint\bytemuck-2e594a5ecbef8868\invoked.timestamp","48","7/28/2026 7:01:26 PM"
"C:\Users\glenn\Documents\Code Black Telemetry Backups\atlas-production-working-tree-20260729-200938\native\radar-ref\target\aarch64-linux-android\release\.fingerprint\bytemuck-2e594a5ecbef8868\lib-bytemuck","16","7/28/2026 7:01:27 PM"
"C:\Users\glenn\Documents\Code Black Telemetry Backups\atlas-production-working-tree-20260729-200938\native\radar-ref\target\aarch64-linux-android\release\.fingerprint\bytemuck-2e594a5ecbef8868\lib-bytemuck.json","1006","7/28/2026 7:01:27 PM"
"C:\Users\glenn\Documents\Code Black Telemetry Backups\atlas-production-working-tree-20260729-200938\native\radar-ref\target\aarch64-linux-android\release\.fingerprint\byteorder-lite-5cac26b6dda7fe49\dep-lib-byteorder_lite","14","7/28/2026 7:01:30 PM"
"C:\Users\glenn\Documents\Code Black Telemetry Backups\atlas-production-working-tree-20260729-200938\native\radar-ref\target\aarch64-linux-android\release\.fingerprint\byteorder-lite-5cac26b6dda7fe49\invoked.timestamp","48","7/28/2026 7:01:30 PM"
"C:\Users\glenn\Documents\Code Black Telemetry Backups\atlas-production-working-tree-20260729-200938\native\radar-ref\target\aarch64-linux-android\release\.fingerprint\byteorder-lite-5cac26b6dda7fe49\lib-byteorder_lite","16","7/28/2026 7:01:31 PM"
"C:\Users\glenn\Documents\Code Black Telemetry Backups\atlas-production-working-tree-20260729-200938\native\radar-ref\target\aarch64-linux-android\release\.fingerprint\byteorder-lite-5cac26b6dda7fe49\lib-byteorder_lite.json","450","7/28/2026 7:01:31 PM"
"C:\Users\glenn\Documents\Code Black Telemetry Backups\atlas-production-working-tree-20260729-200938\native\radar-ref\target\aarch64-linux-android\release\.fingerprint\bytes-84f4192caf5b88ef\dep-lib-bytes","14","7/28/2026 7:01:31 PM"
"C:\Users\glenn\Documents\Code Black Telemetry Backups\atlas-production-working-tree-20260729-200938\native\radar-ref\target\aarch64-linux-android\release\.fingerprint\bytes-84f4192caf5b88ef\invoked.timestamp","48","7/28/2026 7:01:31 PM"
"C:\Users\glenn\Documents\Code Black Telemetry Backups\atlas-production-working-tree-20260729-200938\native\radar-ref\target\aarch64-linux-android\release\.fingerprint\bytes-84f4192caf5b88ef\lib-bytes","16","7/28/2026 7:01:33 PM"
"C:\Users\glenn\Documents\Code Black Telemetry Backups\atlas-production-working-tree-20260729-200938\native\radar-ref\target\aarch64-linux-android\release\.fingerprint\bytes-84f4192caf5b88ef\lib-bytes.json","464","7/28/2026 7:01:33 PM"
"C:\Users\glenn\Documents\Code Black Telemetry Backups\atlas-production-working-tree-20260729-200938\native\radar-ref\target\aarch64-linux-android\release\.fingerprint\bzip2-b495049cce9cec86\dep-lib-bzip2","14","7/28/2026 7:01:34 PM"
"C:\Users\glenn\Documents\Code Black Telemetry Backups\atlas-production-working-tree-20260729-200938\native\radar-ref\target\aarch64-linux-android\release\.fingerprint\bzip2-b495049cce9cec86\invoked.timestamp","48","7/28/2026 7:01:34 PM"
"C:\Users\glenn\Documents\Code Black Telemetry Backups\atlas-production-working-tree-20260729-200938\native\radar-ref\target\aarch64-linux-android\release\.fingerprint\bzip2-b495049cce9cec86\lib-bzip2","16","7/28/2026 7:01:34 PM"
"C:\Users\glenn\Documents\Code Black Telemetry Backups\atlas-production-working-tree-20260729-200938\native\radar-ref\target\aarch64-linux-android\release\.fingerprint\bzip2-b495049cce9cec86\lib-bzip2.json","504","7/28/2026 7:01:34 PM"
"C:\Users\glenn\Documents\Code Black Telemetry Backups\atlas-production-working-tree-20260729-200938\native\radar-ref\target\aarch64-linux-android\release\.fingerprint\cesu8-e96545ece5ff86b9\dep-lib-cesu8","14","7/28/2026 7:01:34 PM"
"C:\Users\glenn\Documents\Code Black Telemetry Backups\atlas-production-working-tree-20260729-200938\native\radar-ref\target\aarch64-linux-android\release\.fingerprint\cesu8-e96545ece5ff86b9\invoked.timestamp","48","7/28/2026 7:01:34 PM"
"C:\Users\glenn\Documents\Code Black Telemetry Backups\atlas-production-working-tree-20260729-200938\native\radar-ref\target\aarch64-linux-android\release\.fingerprint\cesu8-e96545ece5ff86b9\lib-cesu8","16","7/28/2026 7:01:35 PM"
"C:\Users\glenn\Documents\Code Black Telemetry Backups\atlas-production-working-tree-20260729-200938\native\radar-ref\target\aarch64-linux-android\release\.fingerprint\cesu8-e96545ece5ff86b9\lib-cesu8.json","404","7/28/2026 7:01:35 PM"
"C:\Users\glenn\Documents\Code Black Telemetry Backups\atlas-production-working-tree-20260729-200938\native\radar-ref\target\aarch64-linux-android\release\.fingerprint\cfg-if-0c3a29b29cd4df60\dep-lib-cfg_if","14","7/28/2026 7:01:25 PM"
"C:\Users\glenn\Documents\Code Black Telemetry Backups\atlas-production-working-tree-20260729-200938\native\radar-ref\target\aarch64-linux-android\release\.fingerprint\cfg-if-0c3a29b29cd4df60\invoked.timestamp","48","7/28/2026 7:01:25 PM"
"C:\Users\glenn\Documents\Code Black Telemetry Backups\atlas-production-working-tree-20260729-200938\native\radar-ref\target\aarch64-linux-android\release\.fingerprint\cfg-if-0c3a29b29cd4df60\lib-cfg_if","16","7/28/2026 7:01:25 PM"
"C:\Users\glenn\Documents\Code Black Telemetry Backups\atlas-production-working-tree-20260729-200938\native\radar-ref\target\aarch64-linux-android\release\.fingerprint\cfg-if-0c3a29b29cd4df60\lib-cfg_if.json","424","7/28/2026 7:01:25 PM"
"C:\Users\glenn\Documents\Code Black Telemetry Backups\atlas-production-working-tree-20260729-200938\native\radar-ref\target\aarch64-linux-android\release\.fingerprint\chrono-9890a9d5c399e60b\dep-lib-chrono","14","7/28/2026 7:01:29 PM"
"C:\Users\glenn\Documents\Code Black Telemetry Backups\atlas-production-working-tree-20260729-200938\native\radar-ref\target\aarch64-linux-android\release\.fingerprint\chrono-9890a9d5c399e60b\invoked.timestamp","48","7/28/2026 7:01:29 PM"
"C:\Users\glenn\Documents\Code Black Telemetry Backups\atlas-production-working-tree-20260729-200938\native\radar-ref\target\aarch64-linux-android\release\.fingerprint\chrono-9890a9d5c399e60b\lib-chrono","16","7/28/2026 7:01:35 PM"
"C:\Users\glenn\Documents\Code Black Telemetry Backups\atlas-production-working-tree-20260729-200938\native\radar-ref\target\aarch64-linux-android\release\.fingerprint\chrono-9890a9d5c399e60b\lib-chrono.json","1037","7/28/2026 7:01:35 PM"
"C:\Users\glenn\Documents\Code Black Telemetry Backups\atlas-production-working-tree-20260729-200938\native\radar-ref\target\aarch64-linux-android\release\.fingerprint\codeblack-radar-ref-cdc07b1e392757d8\dep-lib-codeblack_radar","30","7/29/2026 7:52:31 AM"
"C:\Users\glenn\Documents\Code Black Telemetry Backups\atlas-production-working-tree-20260729-200938\native\radar-ref\target\aarch64-linux-android\release\.fingerprint\codeblack-radar-ref-cdc07b1e392757d8\dep-lib-codeblack_radar_ref","30","7/28/2026 7:53:29 PM"
"C:\Users\glenn\Documents\Code Black Telemetry Backups\atlas-production-working-tree-20260729-200938\native\radar-ref\target\aarch64-linux-android\release\.fingerprint\codeblack-radar-ref-cdc07b1e392757d8\invoked.timestamp","48","7/29/2026 7:52:31 AM"
"C:\Users\glenn\Documents\Code Black Telemetry Backups\atlas-production-working-tree-20260729-200938\native\radar-ref\target\aarch64-linux-android\release\.fingerprint\codeblack-radar-ref-cdc07b1e392757d8\lib-codeblack_radar","16","7/29/2026 7:53:29 AM"
"C:\Users\glenn\Documents\Code Black Telemetry Backups\atlas-production-working-tree-20260729-200938\native\radar-ref\target\aarch64-linux-android\release\.fingerprint\codeblack-radar-ref-cdc07b1e392757d8\lib-codeblack_radar.json","839","7/29/2026 7:53:29 AM"
"C:\Users\glenn\Documents\Code Black Telemetry Backups\atlas-production-working-tree-20260729-200938\native\radar-ref\target\aarch64-linux-android\release\.fingerprint\codeblack-radar-ref-cdc07b1e392757d8\lib-codeblack_radar_ref","16","7/28/2026 7:54:24 PM"
"C:\Users\glenn\Documents\Code Black Telemetry Backups\atlas-production-working-tree-20260729-200938\native\radar-ref\target\aarch64-linux-android\release\.fingerprint\codeblack-radar-ref-cdc07b1e392757d8\lib-codeblack_radar_ref.json","842","7/28/2026 7:54:24 PM"
"C:\Users\glenn\Documents\Code Black Telemetry Backups\atlas-production-working-tree-20260729-200938\native\radar-ref\target\aarch64-linux-android\release\.fingerprint\color_quant-247ea5eb36c29429\dep-lib-color_quant","14","7/28/2026 7:01:30 PM"
"C:\Users\glenn\Documents\Code Black Telemetry Backups\atlas-production-working-tree-20260729-200938\native\radar-ref\target\aarch64-linux-android\release\.fingerprint\color_quant-247ea5eb36c29429\invoked.timestamp","48","7/28/2026 7:01:30 PM"
"C:\Users\glenn\Documents\Code Black Telemetry Backups\atlas-production-working-tree-20260729-200938\native\radar-ref\target\aarch64-linux-android\release\.fingerprint\color_quant-247ea5eb36c29429\lib-color_quant","16","7/28/2026 7:01:30 PM"
"C:\Users\glenn\Documents\Code Black Telemetry Backups\atlas-production-working-tree-20260729-200938\native\radar-ref\target\aarch64-linux-android\release\.fingerprint\color_quant-247ea5eb36c29429\lib-color_quant.json","403","7/28/2026 7:01:30 PM"
"C:\Users\glenn\Documents\Code Black Telemetry Backups\atlas-production-working-tree-20260729-200938\native\radar-ref\target\aarch64-linux-android\release\.fingerprint\combine-d1b1ffc5a321e15f\dep-lib-combine","14","7/28/2026 7:01:33 PM"
"C:\Users\glenn\Documents\Code Black Telemetry Backups\atlas-production-working-tree-20260729-200938\native\radar-ref\target\aarch64-linux-android\release\.fingerprint\combine-d1b1ffc5a321e15f\invoked.timestamp","48","7/28/2026 7:01:33 PM"
"C:\Users\glenn\Documents\Code Black Telemetry Backups\atlas-production-working-tree-20260729-200938\native\radar-ref\target\aarch64-linux-android\release\.fingerprint\combine-d1b1ffc5a321e15f\lib-combine","16","7/28/2026 7:01:41 PM"
"C:\Users\glenn\Documents\Code Black Telemetry Backups\atlas-production-working-tree-20260729-200938\native\radar-ref\target\aarch64-linux-android\release\.fingerprint\combine-d1b1ffc5a321e15f\lib-combine.json","829","7/28/2026 7:01:41 PM"
"C:\Users\glenn\Documents\Code Black Telemetry Backups\atlas-production-working-tree-20260729-200938\native\radar-ref\target\aarch64-linux-android\release\.fingerprint\cpufeatures-7a45595e4484d54f\dep-lib-cpufeatures","14","7/28/2026 7:01:28 PM"
"C:\Users\glenn\Documents\Code Black Telemetry Backups\atlas-production-working-tree-20260729-200938\native\radar-ref\target\aarch64-linux-android\release\.fingerprint\cpufeatures-7a45595e4484d54f\invoked.timestamp","48","7/28/2026 7:01:28 PM"
"C:\Users\glenn\Documents\Code Black Telemetry Backups\atlas-production-working-tree-20260729-200938\native\radar-ref\target\aarch64-linux-android\release\.fingerprint\cpufeatures-7a45595e4484d54f\lib-cpufeatures","16","7/28/2026 7:01:28 PM"
"C:\Users\glenn\Documents\Code Black Telemetry Backups\atlas-production-working-tree-20260729-200938\native\radar-ref\target\aarch64-linux-android\release\.fingerprint\cpufeatures-7a45595e4484d54f\lib-cpufeatures.json","457","7/28/2026 7:01:28 PM"
"C:\Users\glenn\Documents\Code Black Telemetry Backups\atlas-production-working-tree-20260729-200938\native\radar-ref\target\aarch64-linux-android\release\.fingerprint\crc32fast-85c1f23f347b0620\dep-lib-crc32fast","14","7/28/2026 7:01:26 PM"
"C:\Users\glenn\Documents\Code Black Telemetry Backups\atlas-production-working-tree-20260729-200938\native\radar-ref\target\aarch64-linux-android\release\.fingerprint\crc32fast-85c1f23f347b0620\invoked.timestamp","48","7/28/2026 7:01:26 PM"
"C:\Users\glenn\Documents\Code Black Telemetry Backups\atlas-production-working-tree-20260729-200938\native\radar-ref\target\aarch64-linux-android\release\.fingerprint\crc32fast-85c1f23f347b0620\lib-crc32fast","16","7/28/2026 7:01:26 PM"
"C:\Users\glenn\Documents\Code Black Telemetry Backups\atlas-production-working-tree-20260729-200938\native\radar-ref\target\aarch64-linux-android\release\.fingerprint\crc32fast-85c1f23f347b0620\lib-crc32fast.json","579","7/28/2026 7:01:26 PM"
"C:\Users\glenn\Documents\Code Black Telemetry Backups\atlas-production-working-tree-20260729-200938\native\radar-ref\target\aarch64-linux-android\release\.fingerprint\crc32fast-fe010a08e9da0369\run-build-script-build-script-build","16","7/28/2026 7:01:26 PM"
"C:\Users\glenn\Documents\Code Black Telemetry Backups\atlas-production-working-tree-20260729-200938\native\radar-ref\target\aarch64-linux-android\release\.fingerprint\crc32fast-fe010a08e9da0369\run-build-script-build-script-build.json","257","7/28/2026 7:01:26 PM"
"C:\Users\glenn\Documents\Code Black Telemetry Backups\atlas-production-working-tree-20260729-200938\native\radar-ref\target\aarch64-linux-android\release\.fingerprint\crossbeam-deque-3dec08b320ee511d\run-build-script-build-script-build","16","7/28/2026 7:01:26 PM"
"C:\Users\glenn\Documents\Code Black Telemetry Backups\atlas-production-working-tree-20260729-200938\native\radar-ref\target\aarch64-linux-android\release\.fingerprint\crossbeam-deque-3dec08b320ee511d\run-build-script-build-script-build.json","365","7/28/2026 7:01:26 PM"
"C:\Users\glenn\Documents\Code Black Telemetry Backups\atlas-production-working-tree-20260729-200938\native\radar-ref\target\aarch64-linux-android\release\.fingerprint\crossbeam-deque-736e5d42967b0880\dep-lib-crossbeam_deque","14","7/28/2026 7:01:28 PM"
"C:\Users\glenn\Documents\Code Black Telemetry Backups\atlas-production-working-tree-20260729-200938\native\radar-ref\target\aarch64-linux-android\release\.fingerprint\crossbeam-deque-736e5d42967b0880\invoked.timestamp","48","7/28/2026 7:01:28 PM"
"C:\Users\glenn\Documents\Code Black Telemetry Backups\atlas-production-working-tree-20260729-200938\native\radar-ref\target\aarch64-linux-android\release\.fingerprint\crossbeam-deque-736e5d42967b0880\lib-crossbeam_deque","16","7/28/2026 7:01:28 PM"
"C:\Users\glenn\Documents\Code Black Telemetry Backups\atlas-production-working-tree-20260729-200938\native\radar-ref\target\aarch64-linux-android\release\.fingerprint\crossbeam-deque-736e5d42967b0880\lib-crossbeam_deque.json","656","7/28/2026 7:01:28 PM"
"C:\Users\glenn\Documents\Code Black Telemetry Backups\atlas-production-working-tree-20260729-200938\native\radar-ref\target\aarch64-linux-android\release\.fingerprint\crossbeam-epoch-7d77a4b54581aae9\run-build-script-build-script-build","16","7/28/2026 7:01:26 PM"
"C:\Users\glenn\Documents\Code Black Telemetry Backups\atlas-production-working-tree-20260729-200938\native\radar-ref\target\aarch64-linux-android\release\.fingerprint\crossbeam-epoch-7d77a4b54581aae9\run-build-script-build-script-build.json","364","7/28/2026 7:01:26 PM"
"C:\Users\glenn\Documents\Code Black Telemetry Backups\atlas-production-working-tree-20260729-200938\native\radar-ref\target\aarch64-linux-android\release\.fingerprint\crossbeam-epoch-db36a6d627fc2a94\dep-lib-crossbeam_epoch","14","7/28/2026 7:01:27 PM"
"C:\Users\glenn\Documents\Code Black Telemetry Backups\atlas-production-working-tree-20260729-200938\native\radar-ref\target\aarch64-linux-android\release\.fingerprint\crossbeam-epoch-db36a6d627fc2a94\invoked.timestamp","48","7/28/2026 7:01:27 PM"
"C:\Users\glenn\Documents\Code Black Telemetry Backups\atlas-production-working-tree-20260729-200938\native\radar-ref\target\aarch64-linux-android\release\.fingerprint\crossbeam-epoch-db36a6d627fc2a94\lib-crossbeam_epoch","16","7/28/2026 7:01:28 PM"
"C:\Users\glenn\Documents\Code Black Telemetry Backups\atlas-production-working-tree-20260729-200938\native\radar-ref\target\aarch64-linux-android\release\.fingerprint\crossbeam-epoch-db36a6d627fc2a94\lib-crossbeam_epoch.json","637","7/28/2026 7:01:28 PM"
"C:\Users\glenn\Documents\Code Black Telemetry Backups\atlas-production-working-tree-20260729-200938\native\radar-ref\target\aarch64-linux-android\release\.fingerprint\crossbeam-utils-3d65ce83ba39d9e2\run-build-script-build-script-build","16","7/28/2026 7:01:26 PM"
"C:\Users\glenn\Documents\Code Black Telemetry Backups\atlas-production-working-tree-20260729-200938\native\radar-ref\target\aarch64-linux-android\release\.fingerprint\crossbeam-utils-3d65ce83ba39d9e2\run-build-script-build-script-build.json","369","7/28/2026 7:01:26 PM"
"C:\Users\glenn\Documents\Code Black Telemetry Backups\atlas-production-working-tree-20260729-200938\native\radar-ref\target\aarch64-linux-android\release\.fingerprint\crossbeam-utils-6111d23a6345650c\dep-lib-crossbeam_utils","14","7/28/2026 7:01:26 PM"
"C:\Users\glenn\Documents\Code Black Telemetry Backups\atlas-production-working-tree-20260729-200938\native\radar-ref\target\aarch64-linux-android\release\.fingerprint\crossbeam-utils-6111d23a6345650c\invoked.timestamp","48","7/28/2026 7:01:26 PM"
"C:\Users\glenn\Documents\Code Black Telemetry Backups\atlas-production-working-tree-20260729-200938\native\radar-ref\target\aarch64-linux-android\release\.fingerprint\crossbeam-utils-6111d23a6345650c\lib-crossbeam_utils","16","7/28/2026 7:01:27 PM"
"C:\Users\glenn\Documents\Code Black Telemetry Backups\atlas-production-working-tree-20260729-200938\native\radar-ref\target\aarch64-linux-android\release\.fingerprint\crossbeam-utils-6111d23a6345650c\lib-crossbeam_utils.json","543","7/28/2026 7:01:27 PM"
"C:\Users\glenn\Documents\Code Black Telemetry Backups\atlas-production-working-tree-20260729-200938\native\radar-ref\target\aarch64-linux-android\release\.fingerprint\crypto-common-d73d899107e609f2\dep-lib-crypto_common","14","7/28/2026 7:01:28 PM"
"C:\Users\glenn\Documents\Code Black Telemetry Backups\atlas-production-working-tree-20260729-200938\native\radar-ref\target\aarch64-linux-android\release\.fingerprint\crypto-common-d73d899107e609f2\invoked.timestamp","48","7/28/2026 7:01:28 PM"
"C:\Users\glenn\Documents\Code Black Telemetry Backups\atlas-production-working-tree-20260729-200938\native\radar-ref\target\aarch64-linux-android\release\.fingerprint\crypto-common-d73d899107e609f2\lib-crypto_common","16","7/28/2026 7:01:28 PM"
"C:\Users\glenn\Documents\Code Black Telemetry Backups\atlas-production-working-tree-20260729-200938\native\radar-ref\target\aarch64-linux-android\release\.fingerprint\crypto-common-d73d899107e609f2\lib-crypto_common.json","573","7/28/2026 7:01:28 PM"
"C:\Users\glenn\Documents\Code Black Telemetry Backups\atlas-production-working-tree-20260729-200938\native\radar-ref\target\aarch64-linux-android\release\.fingerprint\digest-69b71370ef35e28b\dep-lib-digest","14","7/28/2026 7:01:28 PM"
"C:\Users\glenn\Documents\Code Black Telemetry Backups\atlas-production-working-tree-20260729-200938\native\radar-ref\target\aarch64-linux-android\release\.fingerprint\digest-69b71370ef35e28b\invoked.timestamp","48","7/28/2026 7:01:28 PM"
"C:\Users\glenn\Documents\Code Black Telemetry Backups\atlas-production-working-tree-20260729-200938\native\radar-ref\target\aarch64-linux-android\release\.fingerprint\digest-69b71370ef35e28b\lib-digest","16","7/28/2026 7:01:28 PM"
"C:\Users\glenn\Documents\Code Black Telemetry Backups\atlas-production-working-tree-20260729-200938\native\radar-ref\target\aarch64-linux-android\release\.fingerprint\digest-69b71370ef35e28b\lib-digest.json","729","7/28/2026 7:01:28 PM"
"C:\Users\glenn\Documents\Code Black Telemetry Backups\atlas-production-working-tree-20260729-200938\native\radar-ref\target\aarch64-linux-android\release\.fingerprint\either-fd7e6bc596729043\dep-lib-either","14","7/28/2026 7:01:26 PM"
"C:\Users\glenn\Documents\Code Black Telemetry Backups\atlas-production-working-tree-20260729-200938\native\radar-ref\target\aarch64-linux-android\release\.fingerprint\either-fd7e6bc596729043\invoked.timestamp","48","7/28/2026 7:01:26 PM"
"C:\Users\glenn\Documents\Code Black Telemetry Backups\atlas-production-working-tree-20260729-200938\native\radar-ref\target\aarch64-linux-android\release\.fingerprint\either-fd7e6bc596729043\lib-either","16","7/28/2026 7:01:26 PM"
"C:\Users\glenn\Documents\Code Black Telemetry Backups\atlas-production-working-tree-20260729-200938\native\radar-ref\target\aarch64-linux-android\release\.fingerprint\either-fd7e6bc596729043\lib-either.json","458","7/28/2026 7:01:26 PM"
"C:\Users\glenn\Documents\Code Black Telemetry Backups\atlas-production-working-tree-20260729-200938\native\radar-ref\target\aarch64-linux-android\release\.fingerprint\equator-45c4d865befe2b7d\dep-lib-equator","14","7/28/2026 7:01:36 PM"
"C:\Users\glenn\Documents\Code Black Telemetry Backups\atlas-production-working-tree-20260729-200938\native\radar-ref\target\aarch64-linux-android\release\.fingerprint\equator-45c4d865befe2b7d\invoked.timestamp","48","7/28/2026 7:01:36 PM"
"C:\Users\glenn\Documents\Code Black Telemetry Backups\atlas-production-working-tree-20260729-200938\native\radar-ref\target\aarch64-linux-android\release\.fingerprint\equator-45c4d865befe2b7d\lib-equator","16","7/28/2026 7:01:37 PM"
"C:\Users\glenn\Documents\Code Black Telemetry Backups\atlas-production-working-tree-20260729-200938\native\radar-ref\target\aarch64-linux-android\release\.fingerprint\equator-45c4d865befe2b7d\lib-equator.json","460","7/28/2026 7:01:37 PM"
"C:\Users\glenn\Documents\Code Black Telemetry Backups\atlas-production-working-tree-20260729-200938\native\radar-ref\target\aarch64-linux-android\release\.fingerprint\exr-e0ffd012a50c90a5\dep-lib-exr","14","7/28/2026 7:01:43 PM"
"C:\Users\glenn\Documents\Code Black Telemetry Backups\atlas-production-working-tree-20260729-200938\native\radar-ref\target\aarch64-linux-android\release\.fingerprint\exr-e0ffd012a50c90a5\invoked.timestamp","48","7/28/2026 7:01:43 PM"
"C:\Users\glenn\Documents\Code Black Telemetry Backups\atlas-production-working-tree-20260729-200938\native\radar-ref\target\aarch64-linux-android\release\.fingerprint\exr-e0ffd012a50c90a5\lib-exr","16","7/28/2026 7:01:52 PM"
"C:\Users\glenn\Documents\Code Black Telemetry Backups\atlas-production-working-tree-20260729-200938\native\radar-ref\target\aarch64-linux-android\release\.fingerprint\exr-e0ffd012a50c90a5\lib-exr.json","1005","7/28/2026 7:01:52 PM"
"C:\Users\glenn\Documents\Code Black Telemetry Backups\atlas-production-working-tree-20260729-200938\native\radar-ref\target\aarch64-linux-android\release\.fingerprint\fax-0690087a6e8a4648\dep-lib-fax","14","7/28/2026 7:01:30 PM"
"C:\Users\glenn\Documents\Code Black Telemetry Backups\atlas-production-working-tree-20260729-200938\native\radar-ref\target\aarch64-linux-android\release\.fingerprint\fax-0690087a6e8a4648\invoked.timestamp","48","7/28/2026 7:01:30 PM"
"C:\Users\glenn\Documents\Code Black Telemetry Backups\atlas-production-working-tree-20260729-200938\native\radar-ref\target\aarch64-linux-android\release\.fingerprint\fax-0690087a6e8a4648\lib-fax","16","7/28/2026 7:01:30 PM"
"C:\Users\glenn\Documents\Code Black Telemetry Backups\atlas-production-working-tree-20260729-200938\native\radar-ref\target\aarch64-linux-android\release\.fingerprint\fax-0690087a6e8a4648\lib-fax.json","418","7/28/2026 7:01:30 PM"
"C:\Users\glenn\Documents\Code Black Telemetry Backups\atlas-production-working-tree-20260729-200938\native\radar-ref\target\aarch64-linux-android\release\.fingerprint\fdeflate-07420cff89264dfd\dep-lib-fdeflate","14","7/28/2026 7:01:29 PM"
"C:\Users\glenn\Documents\Code Black Telemetry Backups\atlas-production-working-tree-20260729-200938\native\radar-ref\target\aarch64-linux-android\release\.fingerprint\fdeflate-07420cff89264dfd\invoked.timestamp","48","7/28/2026 7:01:29 PM"
"C:\Users\glenn\Documents\Code Black Telemetry Backups\atlas-production-working-tree-20260729-200938\native\radar-ref\target\aarch64-linux-android\release\.fingerprint\fdeflate-07420cff89264dfd\lib-fdeflate","16","7/28/2026 7:01:30 PM"
"C:\Users\glenn\Documents\Code Black Telemetry Backups\atlas-production-working-tree-20260729-200938\native\radar-ref\target\aarch64-linux-android\release\.fingerprint\fdeflate-07420cff89264dfd\lib-fdeflate.json","458","7/28/2026 7:01:30 PM"
"C:\Users\glenn\Documents\Code Black Telemetry Backups\atlas-production-working-tree-20260729-200938\native\radar-ref\target\aarch64-linux-android\release\.fingerprint\flate2-aad0c18a83bcc347\dep-lib-flate2","14","7/28/2026 7:01:27 PM"
"C:\Users\glenn\Documents\Code Black Telemetry Backups\atlas-production-working-tree-20260729-200938\native\radar-ref\target\aarch64-linux-android\release\.fingerprint\flate2-aad0c18a83bcc347\invoked.timestamp","48","7/28/2026 7:01:27 PM"
"C:\Users\glenn\Documents\Code Black Telemetry Backups\atlas-production-working-tree-20260729-200938\native\radar-ref\target\aarch64-linux-android\release\.fingerprint\flate2-aad0c18a83bcc347\lib-flate2","16","7/28/2026 7:01:28 PM"
"C:\Users\glenn\Documents\Code Black Telemetry Backups\atlas-production-working-tree-20260729-200938\native\radar-ref\target\aarch64-linux-android\release\.fingerprint\flate2-aad0c18a83bcc347\lib-flate2.json","854","7/28/2026 7:01:28 PM"
"C:\Users\glenn\Documents\Code Black Telemetry Backups\atlas-production-working-tree-20260729-200938\native\radar-ref\target\aarch64-linux-android\release\.fingerprint\generic-array-7c20070a74b3e13c\run-build-script-build-script-build","16","7/28/2026 7:01:26 PM"
"C:\Users\glenn\Documents\Code Black Telemetry Backups\atlas-production-working-tree-20260729-200938\native\radar-ref\target\aarch64-linux-android\release\.fingerprint\generic-array-7c20070a74b3e13c\run-build-script-build-script-build.json","258","7/28/2026 7:01:26 PM"
"C:\Users\glenn\Documents\Code Black Telemetry Backups\atlas-production-working-tree-20260729-200938\native\radar-ref\target\aarch64-linux-android\release\.fingerprint\generic-array-cfb2c08108c87427\dep-lib-generic_array","14","7/28/2026 7:01:26 PM"
"C:\Users\glenn\Documents\Code Black Telemetry Backups\atlas-production-working-tree-20260729-200938\native\radar-ref\target\aarch64-linux-android\release\.fingerprint\generic-array-cfb2c08108c87427\invoked.timestamp","48","7/28/2026 7:01:26 PM"
"C:\Users\glenn\Documents\Code Black Telemetry Backups\atlas-production-working-tree-20260729-200938\native\radar-ref\target\aarch64-linux-android\release\.fingerprint\generic-array-cfb2c08108c87427\lib-generic_array","16","7/28/2026 7:01:28 PM"
"C:\Users\glenn\Documents\Code Black Telemetry Backups\atlas-production-working-tree-20260729-200938\native\radar-ref\target\aarch64-linux-android\release\.fingerprint\generic-array-cfb2c08108c87427\lib-generic_array.json","592","7/28/2026 7:01:28 PM"
"C:\Users\glenn\Documents\Code Black Telemetry Backups\atlas-production-working-tree-20260729-200938\native\radar-ref\target\aarch64-linux-android\release\.fingerprint\gif-02d23634ae9459e3\dep-lib-gif","14","7/28/2026 7:01:31 PM"
"C:\Users\glenn\Documents\Code Black Telemetry Backups\atlas-production-working-tree-20260729-200938\native\radar-ref\target\aarch64-linux-android\release\.fingerprint\gif-02d23634ae9459e3\invoked.timestamp","48","7/28/2026 7:01:31 PM"
"C:\Users\glenn\Documents\Code Black Telemetry Backups\atlas-production-working-tree-20260729-200938\native\radar-ref\target\aarch64-linux-android\release\.fingerprint\gif-02d23634ae9459e3\lib-gif","16","7/28/2026 7:01:33 PM"
"C:\Users\glenn\Documents\Code Black Telemetry Backups\atlas-production-working-tree-20260729-200938\native\radar-ref\target\aarch64-linux-android\release\.fingerprint\gif-02d23634ae9459e3\lib-gif.json","619","7/28/2026 7:01:33 PM"
"C:\Users\glenn\Documents\Code Black Telemetry Backups\atlas-production-working-tree-20260729-200938\native\radar-ref\target\aarch64-linux-android\release\.fingerprint\half-8944a158486ef94d\dep-lib-half","14","7/28/2026 7:01:43 PM"
"C:\Users\glenn\Documents\Code Black Telemetry Backups\atlas-production-working-tree-20260729-200938\native\radar-ref\target\aarch64-linux-android\release\.fingerprint\half-8944a158486ef94d\invoked.timestamp","48","7/28/2026 7:01:43 PM"
"C:\Users\glenn\Documents\Code Black Telemetry Backups\atlas-production-working-tree-20260729-200938\native\radar-ref\target\aarch64-linux-android\release\.fingerprint\half-8944a158486ef94d\lib-half","16","7/28/2026 7:01:43 PM"
"C:\Users\glenn\Documents\Code Black Telemetry Backups\atlas-production-working-tree-20260729-200938\native\radar-ref\target\aarch64-linux-android\release\.fingerprint\half-8944a158486ef94d\lib-half.json","696","7/28/2026 7:01:43 PM"
"C:\Users\glenn\Documents\Code Black Telemetry Backups\atlas-production-working-tree-20260729-200938\native\radar-ref\target\aarch64-linux-android\release\.fingerprint\hex-0b1ef3c121f76269\dep-lib-hex","14","7/28/2026 7:01:28 PM"
"C:\Users\glenn\Documents\Code Black Telemetry Backups\atlas-production-working-tree-20260729-200938\native\radar-ref\target\aarch64-linux-android\release\.fingerprint\hex-0b1ef3c121f76269\invoked.timestamp","48","7/28/2026 7:01:28 PM"
"C:\Users\glenn\Documents\Code Black Telemetry Backups\atlas-production-working-tree-20260729-200938\native\radar-ref\target\aarch64-linux-android\release\.fingerprint\hex-0b1ef3c121f76269\lib-hex","16","7/28/2026 7:01:29 PM"
"C:\Users\glenn\Documents\Code Black Telemetry Backups\atlas-production-working-tree-20260729-200938\native\radar-ref\target\aarch64-linux-android\release\.fingerprint\hex-0b1ef3c121f76269\lib-hex.json","459","7/28/2026 7:01:29 PM"
"C:\Users\glenn\Documents\Code Black Telemetry Backups\atlas-production-working-tree-20260729-200938\native\radar-ref\target\aarch64-linux-android\release\.fingerprint\iana-time-zone-2e2b8ea277325787\dep-lib-iana_time_zone","14","7/28/2026 7:01:28 PM"
"C:\Users\glenn\Documents\Code Black Telemetry Backups\atlas-production-working-tree-20260729-200938\native\radar-ref\target\aarch64-linux-android\release\.fingerprint\iana-time-zone-2e2b8ea277325787\invoked.timestamp","48","7/28/2026 7:01:28 PM"
"C:\Users\glenn\Documents\Code Black Telemetry Backups\atlas-production-working-tree-20260729-200938\native\radar-ref\target\aarch64-linux-android\release\.fingerprint\iana-time-zone-2e2b8ea277325787\lib-iana_time_zone","16","7/28/2026 7:01:28 PM"
"C:\Users\glenn\Documents\Code Black Telemetry Backups\atlas-production-working-tree-20260729-200938\native\radar-ref\target\aarch64-linux-android\release\.fingerprint\iana-time-zone-2e2b8ea277325787\lib-iana_time_zone.json","509","7/28/2026 7:01:28 PM"
"C:\Users\glenn\Documents\Code Black Telemetry Backups\atlas-production-working-tree-20260729-200938\native\radar-ref\target\aarch64-linux-android\release\.fingerprint\image-b9c26c2347c10a59\dep-lib-image","14","7/28/2026 7:01:47 PM"
"C:\Users\glenn\Documents\Code Black Telemetry Backups\atlas-production-working-tree-20260729-200938\native\radar-ref\target\aarch64-linux-android\release\.fingerprint\image-b9c26c2347c10a59\invoked.timestamp","48","7/28/2026 7:01:47 PM"
"C:\Users\glenn\Documents\Code Black Telemetry Backups\atlas-production-working-tree-20260729-200938\native\radar-ref\target\aarch64-linux-android\release\.fingerprint\image-b9c26c2347c10a59\lib-image","16","7/28/2026 7:02:18 PM"
"C:\Users\glenn\Documents\Code Black Telemetry Backups\atlas-production-working-tree-20260729-200938\native\radar-ref\target\aarch64-linux-android\release\.fingerprint\image-b9c26c2347c10a59\lib-image.json","1761","7/28/2026 7:02:18 PM"
"C:\Users\glenn\Documents\Code Black Telemetry Backups\atlas-production-working-tree-20260729-200938\native\radar-ref\target\aarch64-linux-android\release\.fingerprint\image-webp-35291abdbf367197\dep-lib-image_webp","14","7/28/2026 7:01:31 PM"
"C:\Users\glenn\Documents\Code Black Telemetry Backups\atlas-production-working-tree-20260729-200938\native\radar-ref\target\aarch64-linux-android\release\.fingerprint\image-webp-35291abdbf367197\invoked.timestamp","48","7/28/2026 7:01:31 PM"
"C:\Users\glenn\Documents\Code Black Telemetry Backups\atlas-production-working-tree-20260729-200938\native\radar-ref\target\aarch64-linux-android\release\.fingerprint\image-webp-35291abdbf367197\lib-image_webp","16","7/28/2026 7:01:35 PM"
"C:\Users\glenn\Documents\Code Black Telemetry Backups\atlas-production-working-tree-20260729-200938\native\radar-ref\target\aarch64-linux-android\release\.fingerprint\image-webp-35291abdbf367197\lib-image_webp.json","542","7/28/2026 7:01:35 PM"
"C:\Users\glenn\Documents\Code Black Telemetry Backups\atlas-production-working-tree-20260729-200938\native\radar-ref\target\aarch64-linux-android\release\.fingerprint\imgref-77e56694befade47\dep-lib-imgref","14","7/28/2026 7:01:28 PM"
"C:\Users\glenn\Documents\Code Black Telemetry Backups\atlas-production-working-tree-20260729-200938\native\radar-ref\target\aarch64-linux-android\release\.fingerprint\imgref-77e56694befade47\invoked.timestamp","48","7/28/2026 7:01:28 PM"
"C:\Users\glenn\Documents\Code Black Telemetry Backups\atlas-production-working-tree-20260729-200938\native\radar-ref\target\aarch64-linux-android\release\.fingerprint\imgref-77e56694befade47\lib-imgref","16","7/28/2026 7:01:29 PM"
"C:\Users\glenn\Documents\Code Black Telemetry Backups\atlas-production-working-tree-20260729-200938\native\radar-ref\target\aarch64-linux-android\release\.fingerprint\imgref-77e56694befade47\lib-imgref.json","447","7/28/2026 7:01:29 PM"
"C:\Users\glenn\Documents\Code Black Telemetry Backups\atlas-production-working-tree-20260729-200938\native\radar-ref\target\aarch64-linux-android\release\.fingerprint\itertools-2786d5a61a756103\dep-lib-itertools","14","7/28/2026 7:01:27 PM"
"C:\Users\glenn\Documents\Code Black Telemetry Backups\atlas-production-working-tree-20260729-200938\native\radar-ref\target\aarch64-linux-android\release\.fingerprint\itertools-2786d5a61a756103\invoked.timestamp","48","7/28/2026 7:01:27 PM"
"C:\Users\glenn\Documents\Code Black Telemetry Backups\atlas-production-working-tree-20260729-200938\native\radar-ref\target\aarch64-linux-android\release\.fingerprint\itertools-2786d5a61a756103\lib-itertools","16","7/28/2026 7:01:31 PM"
"C:\Users\glenn\Documents\Code Black Telemetry Backups\atlas-production-working-tree-20260729-200938\native\radar-ref\target\aarch64-linux-android\release\.fingerprint\itertools-2786d5a61a756103\lib-itertools.json","534","7/28/2026 7:01:31 PM"
"C:\Users\glenn\Documents\Code Black Telemetry Backups\atlas-production-working-tree-20260729-200938\native\radar-ref\target\aarch64-linux-android\release\.fingerprint\itoa-c7c8b88dc6f6edfb\dep-lib-itoa","14","7/28/2026 7:01:35 PM"
"C:\Users\glenn\Documents\Code Black Telemetry Backups\atlas-production-working-tree-20260729-200938\native\radar-ref\target\aarch64-linux-android\release\.fingerprint\itoa-c7c8b88dc6f6edfb\invoked.timestamp","48","7/28/2026 7:01:35 PM"
"C:\Users\glenn\Documents\Code Black Telemetry Backups\atlas-production-working-tree-20260729-200938\native\radar-ref\target\aarch64-linux-android\release\.fingerprint\itoa-c7c8b88dc6f6edfb\lib-itoa","16","7/28/2026 7:01:35 PM"
"C:\Users\glenn\Documents\Code Black Telemetry Backups\atlas-production-working-tree-20260729-200938\native\radar-ref\target\aarch64-linux-android\release\.fingerprint\itoa-c7c8b88dc6f6edfb\lib-itoa.json","402","7/28/2026 7:01:35 PM"
"C:\Users\glenn\Documents\Code Black Telemetry Backups\atlas-production-working-tree-20260729-200938\native\radar-ref\target\aarch64-linux-android\release\.fingerprint\jni-29f0844a0c7cd72e\dep-lib-jni","14","7/28/2026 7:01:41 PM"
"C:\Users\glenn\Documents\Code Black Telemetry Backups\atlas-production-working-tree-20260729-200938\native\radar-ref\target\aarch64-linux-android\release\.fingerprint\jni-29f0844a0c7cd72e\invoked.timestamp","48","7/28/2026 7:01:41 PM"
"C:\Users\glenn\Documents\Code Black Telemetry Backups\atlas-production-working-tree-20260729-200938\native\radar-ref\target\aarch64-linux-android\release\.fingerprint\jni-29f0844a0c7cd72e\lib-jni","16","7/28/2026 7:01:45 PM"
"C:\Users\glenn\Documents\Code Black Telemetry Backups\atlas-production-working-tree-20260729-200938\native\radar-ref\target\aarch64-linux-android\release\.fingerprint\jni-29f0844a0c7cd72e\lib-jni.json","802","7/28/2026 7:01:45 PM"
"C:\Users\glenn\Documents\Code Black Telemetry Backups\atlas-production-working-tree-20260729-200938\native\radar-ref\target\aarch64-linux-android\release\.fingerprint\jni-sys-0d0bc73a900ee673\dep-lib-jni_sys","14","7/28/2026 7:01:37 PM"
"C:\Users\glenn\Documents\Code Black Telemetry Backups\atlas-production-working-tree-20260729-200938\native\radar-ref\target\aarch64-linux-android\release\.fingerprint\jni-sys-0d0bc73a900ee673\invoked.timestamp","48","7/28/2026 7:01:37 PM"
"C:\Users\glenn\Documents\Code Black Telemetry Backups\atlas-production-working-tree-20260729-200938\native\radar-ref\target\aarch64-linux-android\release\.fingerprint\jni-sys-0d0bc73a900ee673\lib-jni_sys","16","7/28/2026 7:01:37 PM"
"C:\Users\glenn\Documents\Code Black Telemetry Backups\atlas-production-working-tree-20260729-200938\native\radar-ref\target\aarch64-linux-android\release\.fingerprint\jni-sys-0d0bc73a900ee673\lib-jni_sys.json","547","7/28/2026 7:01:37 PM"
"C:\Users\glenn\Documents\Code Black Telemetry Backups\atlas-production-working-tree-20260729-200938\native\radar-ref\target\aarch64-linux-android\release\.fingerprint\jni-sys-1ce0f96558917054\dep-lib-jni_sys","14","7/28/2026 7:01:36 PM"
"C:\Users\glenn\Documents\Code Black Telemetry Backups\atlas-production-working-tree-20260729-200938\native\radar-ref\target\aarch64-linux-android\release\.fingerprint\jni-sys-1ce0f96558917054\invoked.timestamp","48","7/28/2026 7:01:36 PM"
"C:\Users\glenn\Documents\Code Black Telemetry Backups\atlas-production-working-tree-20260729-200938\native\radar-ref\target\aarch64-linux-android\release\.fingerprint\jni-sys-1ce0f96558917054\lib-jni_sys","16","7/28/2026 7:01:37 PM"
"C:\Users\glenn\Documents\Code Black Telemetry Backups\atlas-production-working-tree-20260729-200938\native\radar-ref\target\aarch64-linux-android\release\.fingerprint\jni-sys-1ce0f96558917054\lib-jni_sys.json","459","7/28/2026 7:01:37 PM"
"C:\Users\glenn\Documents\Code Black Telemetry Backups\atlas-production-working-tree-20260729-200938\native\radar-ref\target\aarch64-linux-android\release\.fingerprint\jni-sys-40ff4213792ea384\run-build-script-build-script-build","16","7/28/2026 7:01:31 PM"
"C:\Users\glenn\Documents\Code Black Telemetry Backups\atlas-production-working-tree-20260729-200938\native\radar-ref\target\aarch64-linux-android\release\.fingerprint\jni-sys-40ff4213792ea384\run-build-script-build-script-build.json","385","7/28/2026 7:01:31 PM"
"C:\Users\glenn\Documents\Code Black Telemetry Backups\atlas-production-working-tree-20260729-200938\native\radar-ref\target\aarch64-linux-android\release\.fingerprint\lebe-63535a6b11eab433\dep-lib-lebe","14","7/28/2026 7:01:30 PM"
"C:\Users\glenn\Documents\Code Black Telemetry Backups\atlas-production-working-tree-20260729-200938\native\radar-ref\target\aarch64-linux-android\release\.fingerprint\lebe-63535a6b11eab433\invoked.timestamp","48","7/28/2026 7:01:30 PM"
"C:\Users\glenn\Documents\Code Black Telemetry Backups\atlas-production-working-tree-20260729-200938\native\radar-ref\target\aarch64-linux-android\release\.fingerprint\lebe-63535a6b11eab433\lib-lebe","16","7/28/2026 7:01:31 PM"
"C:\Users\glenn\Documents\Code Black Telemetry Backups\atlas-production-working-tree-20260729-200938\native\radar-ref\target\aarch64-linux-android\release\.fingerprint\lebe-63535a6b11eab433\lib-lebe.json","389","7/28/2026 7:01:31 PM"
"C:\Users\glenn\Documents\Code Black Telemetry Backups\atlas-production-working-tree-20260729-200938\native\radar-ref\target\aarch64-linux-android\release\.fingerprint\libbz2-rs-sys-2bb44f8decd10f78\dep-lib-libbz2_rs_sys","14","7/28/2026 7:01:31 PM"
"C:\Users\glenn\Documents\Code Black Telemetry Backups\atlas-production-working-tree-20260729-200938\native\radar-ref\target\aarch64-linux-android\release\.fingerprint\libbz2-rs-sys-2bb44f8decd10f78\invoked.timestamp","48","7/28/2026 7:01:31 PM"
"C:\Users\glenn\Documents\Code Black Telemetry Backups\atlas-production-working-tree-20260729-200938\native\radar-ref\target\aarch64-linux-android\release\.fingerprint\libbz2-rs-sys-2bb44f8decd10f78\lib-libbz2_rs_sys","16","7/28/2026 7:01:35 PM"
"C:\Users\glenn\Documents\Code Black Telemetry Backups\atlas-production-working-tree-20260729-200938\native\radar-ref\target\aarch64-linux-android\release\.fingerprint\libbz2-rs-sys-2bb44f8decd10f78\lib-libbz2_rs_sys.json","608","7/28/2026 7:01:35 PM"
"C:\Users\glenn\Documents\Code Black Telemetry Backups\atlas-production-working-tree-20260729-200938\native\radar-ref\target\aarch64-linux-android\release\.fingerprint\libc-02f1cfe76b96f795\dep-lib-libc","14","7/28/2026 7:01:26 PM"
"C:\Users\glenn\Documents\Code Black Telemetry Backups\atlas-production-working-tree-20260729-200938\native\radar-ref\target\aarch64-linux-android\release\.fingerprint\libc-02f1cfe76b96f795\invoked.timestamp","48","7/28/2026 7:01:26 PM"
"C:\Users\glenn\Documents\Code Black Telemetry Backups\atlas-production-working-tree-20260729-200938\native\radar-ref\target\aarch64-linux-android\release\.fingerprint\libc-02f1cfe76b96f795\lib-libc","16","7/28/2026 7:01:27 PM"
"C:\Users\glenn\Documents\Code Black Telemetry Backups\atlas-production-working-tree-20260729-200938\native\radar-ref\target\aarch64-linux-android\release\.fingerprint\libc-02f1cfe76b96f795\lib-libc.json","613","7/28/2026 7:01:27 PM"
"C:\Users\glenn\Documents\Code Black Telemetry Backups\atlas-production-working-tree-20260729-200938\native\radar-ref\target\aarch64-linux-android\release\.fingerprint\libc-84dcc2039b5a1933\run-build-script-build-script-build","16","7/28/2026 7:01:26 PM"
"C:\Users\glenn\Documents\Code Black Telemetry Backups\atlas-production-working-tree-20260729-200938\native\radar-ref\target\aarch64-linux-android\release\.fingerprint\libc-84dcc2039b5a1933\run-build-script-build-script-build.json","493","7/28/2026 7:01:26 PM"
"C:\Users\glenn\Documents\Code Black Telemetry Backups\atlas-production-working-tree-20260729-200938\native\radar-ref\target\aarch64-linux-android\release\.fingerprint\libm-9e17842fbd0f0097\run-build-script-build-script-build","16","7/28/2026 7:01:27 PM"
"C:\Users\glenn\Documents\Code Black Telemetry Backups\atlas-production-working-tree-20260729-200938\native\radar-ref\target\aarch64-linux-android\release\.fingerprint\libm-9e17842fbd0f0097\run-build-script-build-script-build.json","367","7/28/2026 7:01:27 PM"
"C:\Users\glenn\Documents\Code Black Telemetry Backups\atlas-production-working-tree-20260729-200938\native\radar-ref\target\aarch64-linux-android\release\.fingerprint\libm-ed6a3ac9b7b18545\dep-lib-libm","14","7/28/2026 7:01:27 PM"
"C:\Users\glenn\Documents\Code Black Telemetry Backups\atlas-production-working-tree-20260729-200938\native\radar-ref\target\aarch64-linux-android\release\.fingerprint\libm-ed6a3ac9b7b18545\invoked.timestamp","48","7/28/2026 7:01:27 PM"
"C:\Users\glenn\Documents\Code Black Telemetry Backups\atlas-production-working-tree-20260729-200938\native\radar-ref\target\aarch64-linux-android\release\.fingerprint\libm-ed6a3ac9b7b18545\lib-libm","16","7/28/2026 7:01:30 PM"
"C:\Users\glenn\Documents\Code Black Telemetry Backups\atlas-production-working-tree-20260729-200938\native\radar-ref\target\aarch64-linux-android\release\.fingerprint\libm-ed6a3ac9b7b18545\lib-libm.json","590","7/28/2026 7:01:30 PM"
"C:\Users\glenn\Documents\Code Black Telemetry Backups\atlas-production-working-tree-20260729-200938\native\radar-ref\target\aarch64-linux-android\release\.fingerprint\log-1b0e1834806ec796\dep-lib-log","14","7/28/2026 7:01:25 PM"
"C:\Users\glenn\Documents\Code Black Telemetry Backups\atlas-production-working-tree-20260729-200938\native\radar-ref\target\aarch64-linux-android\release\.fingerprint\log-1b0e1834806ec796\invoked.timestamp","48","7/28/2026 7:01:25 PM"
"C:\Users\glenn\Documents\Code Black Telemetry Backups\atlas-production-working-tree-20260729-200938\native\radar-ref\target\aarch64-linux-android\release\.fingerprint\log-1b0e1834806ec796\lib-log","16","7/28/2026 7:01:26 PM"
"C:\Users\glenn\Documents\Code Black Telemetry Backups\atlas-production-working-tree-20260729-200938\native\radar-ref\target\aarch64-linux-android\release\.fingerprint\log-1b0e1834806ec796\lib-log.json","882","7/28/2026 7:01:26 PM"
"C:\Users\glenn\Documents\Code Black Telemetry Backups\atlas-production-working-tree-20260729-200938\native\radar-ref\target\aarch64-linux-android\release\.fingerprint\loop9-18939fabec6cc2fc\dep-lib-loop9","14","7/28/2026 7:01:29 PM"
"C:\Users\glenn\Documents\Code Black Telemetry Backups\atlas-production-working-tree-20260729-200938\native\radar-ref\target\aarch64-linux-android\release\.fingerprint\loop9-18939fabec6cc2fc\invoked.timestamp","48","7/28/2026 7:01:29 PM"
"C:\Users\glenn\Documents\Code Black Telemetry Backups\atlas-production-working-tree-20260729-200938\native\radar-ref\target\aarch64-linux-android\release\.fingerprint\loop9-18939fabec6cc2fc\lib-loop9","16","7/28/2026 7:01:29 PM"
"C:\Users\glenn\Documents\Code Black Telemetry Backups\atlas-production-working-tree-20260729-200938\native\radar-ref\target\aarch64-linux-android\release\.fingerprint\loop9-18939fabec6cc2fc\lib-loop9.json","447","7/28/2026 7:01:29 PM"
"C:\Users\glenn\Documents\Code Black Telemetry Backups\atlas-production-working-tree-20260729-200938\native\radar-ref\target\aarch64-linux-android\release\.fingerprint\maybe-rayon-6ccbaed6bc9b510a\dep-lib-maybe_rayon","14","7/28/2026 7:01:35 PM"
"C:\Users\glenn\Documents\Code Black Telemetry Backups\atlas-production-working-tree-20260729-200938\native\radar-ref\target\aarch64-linux-android\release\.fingerprint\maybe-rayon-6ccbaed6bc9b510a\invoked.timestamp","48","7/28/2026 7:01:35 PM"
"C:\Users\glenn\Documents\Code Black Telemetry Backups\atlas-production-working-tree-20260729-200938\native\radar-ref\target\aarch64-linux-android\release\.fingerprint\maybe-rayon-6ccbaed6bc9b510a\lib-maybe_rayon","16","7/28/2026 7:01:35 PM"
"C:\Users\glenn\Documents\Code Black Telemetry Backups\atlas-production-working-tree-20260729-200938\native\radar-ref\target\aarch64-linux-android\release\.fingerprint\maybe-rayon-6ccbaed6bc9b510a\lib-maybe_rayon.json","575","7/28/2026 7:01:35 PM"
"C:\Users\glenn\Documents\Code Black Telemetry Backups\atlas-production-working-tree-20260729-200938\native\radar-ref\target\aarch64-linux-android\release\.fingerprint\memchr-8a495a870d4cce03\dep-lib-memchr","14","7/28/2026 7:01:25 PM"
"C:\Users\glenn\Documents\Code Black Telemetry Backups\atlas-production-working-tree-20260729-200938\native\radar-ref\target\aarch64-linux-android\release\.fingerprint\memchr-8a495a870d4cce03\invoked.timestamp","48","7/28/2026 7:01:25 PM"
"C:\Users\glenn\Documents\Code Black Telemetry Backups\atlas-production-working-tree-20260729-200938\native\radar-ref\target\aarch64-linux-android\release\.fingerprint\memchr-8a495a870d4cce03\lib-memchr","16","7/28/2026 7:01:26 PM"
"C:\Users\glenn\Documents\Code Black Telemetry Backups\atlas-production-working-tree-20260729-200938\native\radar-ref\target\aarch64-linux-android\release\.fingerprint\memchr-8a495a870d4cce03\lib-memchr.json","510","7/28/2026 7:01:26 PM"
"C:\Users\glenn\Documents\Code Black Telemetry Backups\atlas-production-working-tree-20260729-200938\native\radar-ref\target\aarch64-linux-android\release\.fingerprint\miniz_oxide-dc19ddfe86a02b39\dep-lib-miniz_oxide","14","7/28/2026 7:01:26 PM"
"C:\Users\glenn\Documents\Code Black Telemetry Backups\atlas-production-working-tree-20260729-200938\native\radar-ref\target\aarch64-linux-android\release\.fingerprint\miniz_oxide-dc19ddfe86a02b39\invoked.timestamp","48","7/28/2026 7:01:26 PM"
"C:\Users\glenn\Documents\Code Black Telemetry Backups\atlas-production-working-tree-20260729-200938\native\radar-ref\target\aarch64-linux-android\release\.fingerprint\miniz_oxide-dc19ddfe86a02b39\lib-miniz_oxide","16","7/28/2026 7:01:28 PM"
"C:\Users\glenn\Documents\Code Black Telemetry Backups\atlas-production-working-tree-20260729-200938\native\radar-ref\target\aarch64-linux-android\release\.fingerprint\miniz_oxide-dc19ddfe86a02b39\lib-miniz_oxide.json","714","7/28/2026 7:01:28 PM"
"C:\Users\glenn\Documents\Code Black Telemetry Backups\atlas-production-working-tree-20260729-200938\native\radar-ref\target\aarch64-linux-android\release\.fingerprint\moxcms-8accce1d38f7c490\dep-lib-moxcms","14","7/28/2026 7:01:35 PM"
"C:\Users\glenn\Documents\Code Black Telemetry Backups\atlas-production-working-tree-20260729-200938\native\radar-ref\target\aarch64-linux-android\release\.fingerprint\moxcms-8accce1d38f7c490\invoked.timestamp","48","7/28/2026 7:01:35 PM"
"C:\Users\glenn\Documents\Code Black Telemetry Backups\atlas-production-working-tree-20260729-200938\native\radar-ref\target\aarch64-linux-android\release\.fingerprint\moxcms-8accce1d38f7c490\lib-moxcms","16","7/28/2026 7:01:50 PM"
"C:\Users\glenn\Documents\Code Black Telemetry Backups\atlas-production-working-tree-20260729-200938\native\radar-ref\target\aarch64-linux-android\release\.fingerprint\moxcms-8accce1d38f7c490\lib-moxcms.json","1275","7/28/2026 7:01:50 PM"
"C:\Users\glenn\Documents\Code Black Telemetry Backups\atlas-production-working-tree-20260729-200938\native\radar-ref\target\aarch64-linux-android\release\.fingerprint\new_debug_unreachable-ff939bb49ae54b00\dep-lib-debug_unreachable","14","7/28/2026 7:01:28 PM"
"C:\Users\glenn\Documents\Code Black Telemetry Backups\atlas-production-working-tree-20260729-200938\native\radar-ref\target\aarch64-linux-android\release\.fingerprint\new_debug_unreachable-ff939bb49ae54b00\invoked.timestamp","48","7/28/2026 7:01:28 PM"
"C:\Users\glenn\Documents\Code Black Telemetry Backups\atlas-production-working-tree-20260729-200938\native\radar-ref\target\aarch64-linux-android\release\.fingerprint\new_debug_unreachable-ff939bb49ae54b00\lib-debug_unreachable","16","7/28/2026 7:01:28 PM"
"C:\Users\glenn\Documents\Code Black Telemetry Backups\atlas-production-working-tree-20260729-200938\native\radar-ref\target\aarch64-linux-android\release\.fingerprint\new_debug_unreachable-ff939bb49ae54b00\lib-debug_unreachable.json","418","7/28/2026 7:01:28 PM"
"C:\Users\glenn\Documents\Code Black Telemetry Backups\atlas-production-working-tree-20260729-200938\native\radar-ref\target\aarch64-linux-android\release\.fingerprint\nexrad-data-c63116597aa0d195\dep-lib-nexrad_data","14","7/28/2026 7:02:01 PM"
"C:\Users\glenn\Documents\Code Black Telemetry Backups\atlas-production-working-tree-20260729-200938\native\radar-ref\target\aarch64-linux-android\release\.fingerprint\nexrad-data-c63116597aa0d195\invoked.timestamp","48","7/28/2026 7:02:01 PM"
"C:\Users\glenn\Documents\Code Black Telemetry Backups\atlas-production-working-tree-20260729-200938\native\radar-ref\target\aarch64-linux-android\release\.fingerprint\nexrad-data-c63116597aa0d195\lib-nexrad_data","16","7/28/2026 7:02:02 PM"
"C:\Users\glenn\Documents\Code Black Telemetry Backups\atlas-production-working-tree-20260729-200938\native\radar-ref\target\aarch64-linux-android\release\.fingerprint\nexrad-data-c63116597aa0d195\lib-nexrad_data.json","1040","7/28/2026 7:02:02 PM"
"C:\Users\glenn\Documents\Code Black Telemetry Backups\atlas-production-working-tree-20260729-200938\native\radar-ref\target\aarch64-linux-android\release\.fingerprint\nexrad-decode-684d2e37958ce78f\dep-lib-nexrad_decode","14","7/28/2026 7:01:56 PM"
"C:\Users\glenn\Documents\Code Black Telemetry Backups\atlas-production-working-tree-20260729-200938\native\radar-ref\target\aarch64-linux-android\release\.fingerprint\nexrad-decode-684d2e37958ce78f\invoked.timestamp","48","7/28/2026 7:01:56 PM"
"C:\Users\glenn\Documents\Code Black Telemetry Backups\atlas-production-working-tree-20260729-200938\native\radar-ref\target\aarch64-linux-android\release\.fingerprint\nexrad-decode-684d2e37958ce78f\lib-nexrad_decode","16","7/28/2026 7:02:04 PM"
"C:\Users\glenn\Documents\Code Black Telemetry Backups\atlas-production-working-tree-20260729-200938\native\radar-ref\target\aarch64-linux-android\release\.fingerprint\nexrad-decode-684d2e37958ce78f\lib-nexrad_decode.json","945","7/28/2026 7:02:04 PM"
"C:\Users\glenn\Documents\Code Black Telemetry Backups\atlas-production-working-tree-20260729-200938\native\radar-ref\target\aarch64-linux-android\release\.fingerprint\nexrad-model-060dafa698904a76\dep-lib-nexrad_model","14","7/28/2026 7:01:35 PM"
"C:\Users\glenn\Documents\Code Black Telemetry Backups\atlas-production-working-tree-20260729-200938\native\radar-ref\target\aarch64-linux-android\release\.fingerprint\nexrad-model-060dafa698904a76\invoked.timestamp","48","7/28/2026 7:01:35 PM"
"C:\Users\glenn\Documents\Code Black Telemetry Backups\atlas-production-working-tree-20260729-200938\native\radar-ref\target\aarch64-linux-android\release\.fingerprint\nexrad-model-060dafa698904a76\lib-nexrad_model","16","7/28/2026 7:01:38 PM"
"C:\Users\glenn\Documents\Code Black Telemetry Backups\atlas-production-working-tree-20260729-200938\native\radar-ref\target\aarch64-linux-android\release\.fingerprint\nexrad-model-060dafa698904a76\lib-nexrad_model.json","672","7/28/2026 7:01:38 PM"
"C:\Users\glenn\Documents\Code Black Telemetry Backups\atlas-production-working-tree-20260729-200938\native\radar-ref\target\aarch64-linux-android\release\.fingerprint\nexrad-render-2f8e4a909009bd4e\dep-lib-nexrad_render","14","7/28/2026 7:01:53 PM"
"C:\Users\glenn\Documents\Code Black Telemetry Backups\atlas-production-working-tree-20260729-200938\native\radar-ref\target\aarch64-linux-android\release\.fingerprint\nexrad-render-2f8e4a909009bd4e\invoked.timestamp","48","7/28/2026 7:01:53 PM"
"C:\Users\glenn\Documents\Code Black Telemetry Backups\atlas-production-working-tree-20260729-200938\native\radar-ref\target\aarch64-linux-android\release\.fingerprint\nexrad-render-2f8e4a909009bd4e\lib-nexrad_render","16","7/28/2026 7:01:53 PM"
"C:\Users\glenn\Documents\Code Black Telemetry Backups\atlas-production-working-tree-20260729-200938\native\radar-ref\target\aarch64-linux-android\release\.fingerprint\nexrad-render-2f8e4a909009bd4e\lib-nexrad_render.json","588","7/28/2026 7:01:53 PM"
"C:\Users\glenn\Documents\Code Black Telemetry Backups\atlas-production-working-tree-20260729-200938\native\radar-ref\target\aarch64-linux-android\release\.fingerprint\nom-b469582f91de9a70\dep-lib-nom","14","7/28/2026 7:01:26 PM"
"C:\Users\glenn\Documents\Code Black Telemetry Backups\atlas-production-working-tree-20260729-200938\native\radar-ref\target\aarch64-linux-android\release\.fingerprint\nom-b469582f91de9a70\invoked.timestamp","48","7/28/2026 7:01:26 PM"
"C:\Users\glenn\Documents\Code Black Telemetry Backups\atlas-production-working-tree-20260729-200938\native\radar-ref\target\aarch64-linux-android\release\.fingerprint\nom-b469582f91de9a70\lib-nom","16","7/28/2026 7:01:34 PM"
"C:\Users\glenn\Documents\Code Black Telemetry Backups\atlas-production-working-tree-20260729-200938\native\radar-ref\target\aarch64-linux-android\release\.fingerprint\nom-b469582f91de9a70\lib-nom.json","520","7/28/2026 7:01:34 PM"
"C:\Users\glenn\Documents\Code Black Telemetry Backups\atlas-production-working-tree-20260729-200938\native\radar-ref\target\aarch64-linux-android\release\.fingerprint\no_std_io2-67c42f510e27d859\dep-lib-no_std_io2","14","7/28/2026 7:01:26 PM"
"C:\Users\glenn\Documents\Code Black Telemetry Backups\atlas-production-working-tree-20260729-200938\native\radar-ref\target\aarch64-linux-android\release\.fingerprint\no_std_io2-67c42f510e27d859\invoked.timestamp","48","7/28/2026 7:01:26 PM"
"C:\Users\glenn\Documents\Code Black Telemetry Backups\atlas-production-working-tree-20260729-200938\native\radar-ref\target\aarch64-linux-android\release\.fingerprint\no_std_io2-67c42f510e27d859\lib-no_std_io2","16","7/28/2026 7:01:27 PM"
"C:\Users\glenn\Documents\Code Black Telemetry Backups\atlas-production-working-tree-20260729-200938\native\radar-ref\target\aarch64-linux-android\release\.fingerprint\no_std_io2-67c42f510e27d859\lib-no_std_io2.json","533","7/28/2026 7:01:27 PM"
"C:\Users\glenn\Documents\Code Black Telemetry Backups\atlas-production-working-tree-20260729-200938\native\radar-ref\target\aarch64-linux-android\release\.fingerprint\num-bigint-7fae0b7bc5a8b8d7\dep-lib-num_bigint","14","7/28/2026 7:01:29 PM"
"C:\Users\glenn\Documents\Code Black Telemetry Backups\atlas-production-working-tree-20260729-200938\native\radar-ref\target\aarch64-linux-android\release\.fingerprint\num-bigint-7fae0b7bc5a8b8d7\invoked.timestamp","48","7/28/2026 7:01:29 PM"
"C:\Users\glenn\Documents\Code Black Telemetry Backups\atlas-production-working-tree-20260729-200938\native\radar-ref\target\aarch64-linux-android\release\.fingerprint\num-bigint-7fae0b7bc5a8b8d7\lib-num_bigint","16","7/28/2026 7:01:35 PM"
"C:\Users\glenn\Documents\Code Black Telemetry Backups\atlas-production-working-tree-20260729-200938\native\radar-ref\target\aarch64-linux-android\release\.fingerprint\num-bigint-7fae0b7bc5a8b8d7\lib-num_bigint.json","605","7/28/2026 7:01:35 PM"
"C:\Users\glenn\Documents\Code Black Telemetry Backups\atlas-production-working-tree-20260729-200938\native\radar-ref\target\aarch64-linux-android\release\.fingerprint\num-complex-3266590f27489b63\dep-lib-num_complex","14","7/28/2026 7:01:29 PM"
"C:\Users\glenn\Documents\Code Black Telemetry Backups\atlas-production-working-tree-20260729-200938\native\radar-ref\target\aarch64-linux-android\release\.fingerprint\num-complex-3266590f27489b63\invoked.timestamp","48","7/28/2026 7:01:29 PM"
"C:\Users\glenn\Documents\Code Black Telemetry Backups\atlas-production-working-tree-20260729-200938\native\radar-ref\target\aarch64-linux-android\release\.fingerprint\num-complex-3266590f27489b63\lib-num_complex","16","7/28/2026 7:01:30 PM"
"C:\Users\glenn\Documents\Code Black Telemetry Backups\atlas-production-working-tree-20260729-200938\native\radar-ref\target\aarch64-linux-android\release\.fingerprint\num-complex-3266590f27489b63\lib-num_complex.json","649","7/28/2026 7:01:30 PM"
"C:\Users\glenn\Documents\Code Black Telemetry Backups\atlas-production-working-tree-20260729-200938\native\radar-ref\target\aarch64-linux-android\release\.fingerprint\num-integer-fcf602c48282cf6f\dep-lib-num_integer","14","7/28/2026 7:01:28 PM"
"C:\Users\glenn\Documents\Code Black Telemetry Backups\atlas-production-working-tree-20260729-200938\native\radar-ref\target\aarch64-linux-android\release\.fingerprint\num-integer-fcf602c48282cf6f\invoked.timestamp","48","7/28/2026 7:01:28 PM"
"C:\Users\glenn\Documents\Code Black Telemetry Backups\atlas-production-working-tree-20260729-200938\native\radar-ref\target\aarch64-linux-android\release\.fingerprint\num-integer-fcf602c48282cf6f\lib-num_integer","16","7/28/2026 7:01:29 PM"
"C:\Users\glenn\Documents\Code Black Telemetry Backups\atlas-production-working-tree-20260729-200938\native\radar-ref\target\aarch64-linux-android\release\.fingerprint\num-integer-fcf602c48282cf6f\lib-num_integer.json","509","7/28/2026 7:01:29 PM"
"C:\Users\glenn\Documents\Code Black Telemetry Backups\atlas-production-working-tree-20260729-200938\native\radar-ref\target\aarch64-linux-android\release\.fingerprint\num-rational-44354bc51e5bd481\dep-lib-num_rational","14","7/28/2026 7:01:33 PM"
"C:\Users\glenn\Documents\Code Black Telemetry Backups\atlas-production-working-tree-20260729-200938\native\radar-ref\target\aarch64-linux-android\release\.fingerprint\num-rational-44354bc51e5bd481\invoked.timestamp","48","7/28/2026 7:01:33 PM"
"C:\Users\glenn\Documents\Code Black Telemetry Backups\atlas-production-working-tree-20260729-200938\native\radar-ref\target\aarch64-linux-android\release\.fingerprint\num-rational-44354bc51e5bd481\lib-num_rational","16","7/28/2026 7:01:35 PM"
"C:\Users\glenn\Documents\Code Black Telemetry Backups\atlas-production-working-tree-20260729-200938\native\radar-ref\target\aarch64-linux-android\release\.fingerprint\num-rational-44354bc51e5bd481\lib-num_rational.json","694","7/28/2026 7:01:35 PM"
"C:\Users\glenn\Documents\Code Black Telemetry Backups\atlas-production-working-tree-20260729-200938\native\radar-ref\target\aarch64-linux-android\release\.fingerprint\num-traits-44d00416d1c7cbb5\run-build-script-build-script-build","16","7/28/2026 7:01:27 PM"
"C:\Users\glenn\Documents\Code Black Telemetry Backups\atlas-production-working-tree-20260729-200938\native\radar-ref\target\aarch64-linux-android\release\.fingerprint\num-traits-44d00416d1c7cbb5\run-build-script-build-script-build.json","358","7/28/2026 7:01:27 PM"
"C:\Users\glenn\Documents\Code Black Telemetry Backups\atlas-production-working-tree-20260729-200938\native\radar-ref\target\aarch64-linux-android\release\.fingerprint\num-traits-f9f32b858598ff9f\dep-lib-num_traits","14","7/28/2026 7:01:27 PM"
"C:\Users\glenn\Documents\Code Black Telemetry Backups\atlas-production-working-tree-20260729-200938\native\radar-ref\target\aarch64-linux-android\release\.fingerprint\num-traits-f9f32b858598ff9f\invoked.timestamp","48","7/28/2026 7:01:27 PM"
"C:\Users\glenn\Documents\Code Black Telemetry Backups\atlas-production-working-tree-20260729-200938\native\radar-ref\target\aarch64-linux-android\release\.fingerprint\num-traits-f9f32b858598ff9f\lib-num_traits","16","7/28/2026 7:01:29 PM"
"C:\Users\glenn\Documents\Code Black Telemetry Backups\atlas-production-working-tree-20260729-200938\native\radar-ref\target\aarch64-linux-android\release\.fingerprint\num-traits-f9f32b858598ff9f\lib-num_traits.json","539","7/28/2026 7:01:29 PM"
"C:\Users\glenn\Documents\Code Black Telemetry Backups\atlas-production-working-tree-20260729-200938\native\radar-ref\target\aarch64-linux-android\release\.fingerprint\png-24112e0a317923f6\dep-lib-png","14","7/28/2026 7:01:31 PM"
"C:\Users\glenn\Documents\Code Black Telemetry Backups\atlas-production-working-tree-20260729-200938\native\radar-ref\target\aarch64-linux-android\release\.fingerprint\png-24112e0a317923f6\invoked.timestamp","48","7/28/2026 7:01:31 PM"
"C:\Users\glenn\Documents\Code Black Telemetry Backups\atlas-production-working-tree-20260729-200938\native\radar-ref\target\aarch64-linux-android\release\.fingerprint\png-24112e0a317923f6\lib-png","16","7/28/2026 7:01:35 PM"
"C:\Users\glenn\Documents\Code Black Telemetry Backups\atlas-production-working-tree-20260729-200938\native\radar-ref\target\aarch64-linux-android\release\.fingerprint\png-24112e0a317923f6\lib-png.json","727","7/28/2026 7:01:35 PM"
"C:\Users\glenn\Documents\Code Black Telemetry Backups\atlas-production-working-tree-20260729-200938\native\radar-ref\target\aarch64-linux-android\release\.fingerprint\profiling-ce0af2457f5ca07d\dep-lib-profiling","14","7/28/2026 7:01:36 PM"
"C:\Users\glenn\Documents\Code Black Telemetry Backups\atlas-production-working-tree-20260729-200938\native\radar-ref\target\aarch64-linux-android\release\.fingerprint\profiling-ce0af2457f5ca07d\invoked.timestamp","48","7/28/2026 7:01:36 PM"
"C:\Users\glenn\Documents\Code Black Telemetry Backups\atlas-production-working-tree-20260729-200938\native\radar-ref\target\aarch64-linux-android\release\.fingerprint\profiling-ce0af2457f5ca07d\lib-profiling","16","7/28/2026 7:01:36 PM"
"C:\Users\glenn\Documents\Code Black Telemetry Backups\atlas-production-working-tree-20260729-200938\native\radar-ref\target\aarch64-linux-android\release\.fingerprint\profiling-ce0af2457f5ca07d\lib-profiling.json","801","7/28/2026 7:01:36 PM"
"C:\Users\glenn\Documents\Code Black Telemetry Backups\atlas-production-working-tree-20260729-200938\native\radar-ref\target\aarch64-linux-android\release\.fingerprint\pulp-b612dca2c4d37ecd\dep-lib-pulp","14","7/28/2026 7:01:30 PM"
"C:\Users\glenn\Documents\Code Black Telemetry Backups\atlas-production-working-tree-20260729-200938\native\radar-ref\target\aarch64-linux-android\release\.fingerprint\pulp-b612dca2c4d37ecd\invoked.timestamp","48","7/28/2026 7:01:30 PM"
"C:\Users\glenn\Documents\Code Black Telemetry Backups\atlas-production-working-tree-20260729-200938\native\radar-ref\target\aarch64-linux-android\release\.fingerprint\pulp-b612dca2c4d37ecd\lib-pulp","16","7/28/2026 7:01:40 PM"
"C:\Users\glenn\Documents\Code Black Telemetry Backups\atlas-production-working-tree-20260729-200938\native\radar-ref\target\aarch64-linux-android\release\.fingerprint\pulp-b612dca2c4d37ecd\lib-pulp.json","1020","7/28/2026 7:01:40 PM"
"C:\Users\glenn\Documents\Code Black Telemetry Backups\atlas-production-working-tree-20260729-200938\native\radar-ref\target\aarch64-linux-android\release\.fingerprint\pulp-fecc9dfc1684a145\run-build-script-build-script-build","16","7/28/2026 7:01:28 PM"
"C:\Users\glenn\Documents\Code Black Telemetry Backups\atlas-production-working-tree-20260729-200938\native\radar-ref\target\aarch64-linux-android\release\.fingerprint\pulp-fecc9dfc1684a145\run-build-script-build-script-build.json","258","7/28/2026 7:01:28 PM"
"C:\Users\glenn\Documents\Code Black Telemetry Backups\atlas-production-working-tree-20260729-200938\native\radar-ref\target\aarch64-linux-android\release\.fingerprint\pulp-wasm-simd-flag-89c3c67d2854c5e3\dep-lib-pulp_wasm_simd_flag","14","7/28/2026 7:01:28 PM"
"C:\Users\glenn\Documents\Code Black Telemetry Backups\atlas-production-working-tree-20260729-200938\native\radar-ref\target\aarch64-linux-android\release\.fingerprint\pulp-wasm-simd-flag-89c3c67d2854c5e3\invoked.timestamp","48","7/28/2026 7:01:28 PM"
"C:\Users\glenn\Documents\Code Black Telemetry Backups\atlas-production-working-tree-20260729-200938\native\radar-ref\target\aarch64-linux-android\release\.fingerprint\pulp-wasm-simd-flag-89c3c67d2854c5e3\lib-pulp_wasm_simd_flag","16","7/28/2026 7:01:28 PM"
"C:\Users\glenn\Documents\Code Black Telemetry Backups\atlas-production-working-tree-20260729-200938\native\radar-ref\target\aarch64-linux-android\release\.fingerprint\pulp-wasm-simd-flag-89c3c67d2854c5e3\lib-pulp_wasm_simd_flag.json","463","7/28/2026 7:01:28 PM"
"C:\Users\glenn\Documents\Code Black Telemetry Backups\atlas-production-working-tree-20260729-200938\native\radar-ref\target\aarch64-linux-android\release\.fingerprint\pxfm-a6c127143c777fec\dep-lib-pxfm","14","7/28/2026 7:01:30 PM"
"C:\Users\glenn\Documents\Code Black Telemetry Backups\atlas-production-working-tree-20260729-200938\native\radar-ref\target\aarch64-linux-android\release\.fingerprint\pxfm-a6c127143c777fec\invoked.timestamp","48","7/28/2026 7:01:30 PM"
"C:\Users\glenn\Documents\Code Black Telemetry Backups\atlas-production-working-tree-20260729-200938\native\radar-ref\target\aarch64-linux-android\release\.fingerprint\pxfm-a6c127143c777fec\lib-pxfm","16","7/28/2026 7:01:39 PM"
"C:\Users\glenn\Documents\Code Black Telemetry Backups\atlas-production-working-tree-20260729-200938\native\radar-ref\target\aarch64-linux-android\release\.fingerprint\pxfm-a6c127143c777fec\lib-pxfm.json","388","7/28/2026 7:01:39 PM"
"C:\Users\glenn\Documents\Code Black Telemetry Backups\atlas-production-working-tree-20260729-200938\native\radar-ref\target\aarch64-linux-android\release\.fingerprint\qoi-8bab91ba37b02dff\dep-lib-qoi","14","7/28/2026 7:01:31 PM"
"C:\Users\glenn\Documents\Code Black Telemetry Backups\atlas-production-working-tree-20260729-200938\native\radar-ref\target\aarch64-linux-android\release\.fingerprint\qoi-8bab91ba37b02dff\invoked.timestamp","48","7/28/2026 7:01:31 PM"
"C:\Users\glenn\Documents\Code Black Telemetry Backups\atlas-production-working-tree-20260729-200938\native\radar-ref\target\aarch64-linux-android\release\.fingerprint\qoi-8bab91ba37b02dff\lib-qoi","16","7/28/2026 7:01:31 PM"
"C:\Users\glenn\Documents\Code Black Telemetry Backups\atlas-production-working-tree-20260729-200938\native\radar-ref\target\aarch64-linux-android\release\.fingerprint\qoi-8bab91ba37b02dff\lib-qoi.json","513","7/28/2026 7:01:31 PM"
"C:\Users\glenn\Documents\Code Black Telemetry Backups\atlas-production-working-tree-20260729-200938\native\radar-ref\target\aarch64-linux-android\release\.fingerprint\quick-error-4727bd6313b1a6ff\dep-lib-quick_error","14","7/28/2026 7:01:27 PM"
"C:\Users\glenn\Documents\Code Black Telemetry Backups\atlas-production-working-tree-20260729-200938\native\radar-ref\target\aarch64-linux-android\release\.fingerprint\quick-error-4727bd6313b1a6ff\invoked.timestamp","48","7/28/2026 7:01:27 PM"
"C:\Users\glenn\Documents\Code Black Telemetry Backups\atlas-production-working-tree-20260729-200938\native\radar-ref\target\aarch64-linux-android\release\.fingerprint\quick-error-4727bd6313b1a6ff\lib-quick_error","16","7/28/2026 7:01:27 PM"
"C:\Users\glenn\Documents\Code Black Telemetry Backups\atlas-production-working-tree-20260729-200938\native\radar-ref\target\aarch64-linux-android\release\.fingerprint\quick-error-4727bd6313b1a6ff\lib-quick_error.json","401","7/28/2026 7:01:27 PM"
"C:\Users\glenn\Documents\Code Black Telemetry Backups\atlas-production-working-tree-20260729-200938\native\radar-ref\target\aarch64-linux-android\release\.fingerprint\rav1e-87695eeba745320e\run-build-script-build-script-build","16","7/28/2026 7:01:28 PM"
"C:\Users\glenn\Documents\Code Black Telemetry Backups\atlas-production-working-tree-20260729-200938\native\radar-ref\target\aarch64-linux-android\release\.fingerprint\rav1e-87695eeba745320e\run-build-script-build-script-build.json","257","7/28/2026 7:01:28 PM"
"C:\Users\glenn\Documents\Code Black Telemetry Backups\atlas-production-working-tree-20260729-200938\native\radar-ref\target\aarch64-linux-android\release\.fingerprint\rav1e-adb6df3760c755a4\dep-lib-rav1e","91","7/28/2026 7:01:39 PM"
"C:\Users\glenn\Documents\Code Black Telemetry Backups\atlas-production-working-tree-20260729-200938\native\radar-ref\target\aarch64-linux-android\release\.fingerprint\rav1e-adb6df3760c755a4\invoked.timestamp","48","7/28/2026 7:01:39 PM"
"C:\Users\glenn\Documents\Code Black Telemetry Backups\atlas-production-working-tree-20260729-200938\native\radar-ref\target\aarch64-linux-android\release\.fingerprint\rav1e-adb6df3760c755a4\lib-rav1e","16","7/28/2026 7:01:46 PM"
"C:\Users\glenn\Documents\Code Black Telemetry Backups\atlas-production-working-tree-20260729-200938\native\radar-ref\target\aarch64-linux-android\release\.fingerprint\rav1e-adb6df3760c755a4\lib-rav1e.json","2346","7/28/2026 7:01:46 PM"
"C:\Users\glenn\Documents\Code Black Telemetry Backups\atlas-production-working-tree-20260729-200938\native\radar-ref\target\aarch64-linux-android\release\.fingerprint\ravif-ac93a02a8cbca783\dep-lib-ravif","14","7/28/2026 7:01:44 PM"
"C:\Users\glenn\Documents\Code Black Telemetry Backups\atlas-production-working-tree-20260729-200938\native\radar-ref\target\aarch64-linux-android\release\.fingerprint\ravif-ac93a02a8cbca783\invoked.timestamp","48","7/28/2026 7:01:44 PM"
"C:\Users\glenn\Documents\Code Black Telemetry Backups\atlas-production-working-tree-20260729-200938\native\radar-ref\target\aarch64-linux-android\release\.fingerprint\ravif-ac93a02a8cbca783\lib-ravif","16","7/28/2026 7:02:10 PM"
"C:\Users\glenn\Documents\Code Black Telemetry Backups\atlas-production-working-tree-20260729-200938\native\radar-ref\target\aarch64-linux-android\release\.fingerprint\ravif-ac93a02a8cbca783\lib-ravif.json","849","7/28/2026 7:02:10 PM"
"C:\Users\glenn\Documents\Code Black Telemetry Backups\atlas-production-working-tree-20260729-200938\native\radar-ref\target\aarch64-linux-android\release\.fingerprint\rayon-4b60cac08a310f94\dep-lib-rayon","14","7/28/2026 7:01:29 PM"
"C:\Users\glenn\Documents\Code Black Telemetry Backups\atlas-production-working-tree-20260729-200938\native\radar-ref\target\aarch64-linux-android\release\.fingerprint\rayon-4b60cac08a310f94\invoked.timestamp","48","7/28/2026 7:01:29 PM"
"C:\Users\glenn\Documents\Code Black Telemetry Backups\atlas-production-working-tree-20260729-200938\native\radar-ref\target\aarch64-linux-android\release\.fingerprint\rayon-4b60cac08a310f94\lib-rayon","16","7/28/2026 7:01:35 PM"
"C:\Users\glenn\Documents\Code Black Telemetry Backups\atlas-production-working-tree-20260729-200938\native\radar-ref\target\aarch64-linux-android\release\.fingerprint\rayon-4b60cac08a310f94\lib-rayon.json","526","7/28/2026 7:01:35 PM"
"C:\Users\glenn\Documents\Code Black Telemetry Backups\atlas-production-working-tree-20260729-200938\native\radar-ref\target\aarch64-linux-android\release\.fingerprint\rayon-core-0393dcc5d8855b9b\dep-lib-rayon_core","14","7/28/2026 7:01:28 PM"
"C:\Users\glenn\Documents\Code Black Telemetry Backups\atlas-production-working-tree-20260729-200938\native\radar-ref\target\aarch64-linux-android\release\.fingerprint\rayon-core-0393dcc5d8855b9b\invoked.timestamp","48","7/28/2026 7:01:28 PM"
"C:\Users\glenn\Documents\Code Black Telemetry Backups\atlas-production-working-tree-20260729-200938\native\radar-ref\target\aarch64-linux-android\release\.fingerprint\rayon-core-0393dcc5d8855b9b\lib-rayon_core","16","7/28/2026 7:01:30 PM"
"C:\Users\glenn\Documents\Code Black Telemetry Backups\atlas-production-working-tree-20260729-200938\native\radar-ref\target\aarch64-linux-android\release\.fingerprint\rayon-core-0393dcc5d8855b9b\lib-rayon_core.json","621","7/28/2026 7:01:30 PM"
"C:\Users\glenn\Documents\Code Black Telemetry Backups\atlas-production-working-tree-20260729-200938\native\radar-ref\target\aarch64-linux-android\release\.fingerprint\rayon-core-35458fb816c48178\run-build-script-build-script-build","16","7/28/2026 7:01:26 PM"
"C:\Users\glenn\Documents\Code Black Telemetry Backups\atlas-production-working-tree-20260729-200938\native\radar-ref\target\aarch64-linux-android\release\.fingerprint\rayon-core-35458fb816c48178\run-build-script-build-script-build.json","359","7/28/2026 7:01:26 PM"
"C:\Users\glenn\Documents\Code Black Telemetry Backups\atlas-production-working-tree-20260729-200938\native\radar-ref\target\aarch64-linux-android\release\.fingerprint\reborrow-16e6fed85b3efef7\dep-lib-reborrow","14","7/28/2026 7:01:28 PM"
"C:\Users\glenn\Documents\Code Black Telemetry Backups\atlas-production-working-tree-20260729-200938\native\radar-ref\target\aarch64-linux-android\release\.fingerprint\reborrow-16e6fed85b3efef7\invoked.timestamp","48","7/28/2026 7:01:28 PM"
"C:\Users\glenn\Documents\Code Black Telemetry Backups\atlas-production-working-tree-20260729-200938\native\radar-ref\target\aarch64-linux-android\release\.fingerprint\reborrow-16e6fed85b3efef7\lib-reborrow","16","7/28/2026 7:01:28 PM"
"C:\Users\glenn\Documents\Code Black Telemetry Backups\atlas-production-working-tree-20260729-200938\native\radar-ref\target\aarch64-linux-android\release\.fingerprint\reborrow-16e6fed85b3efef7\lib-reborrow.json","452","7/28/2026 7:01:28 PM"
"C:\Users\glenn\Documents\Code Black Telemetry Backups\atlas-production-working-tree-20260729-200938\native\radar-ref\target\aarch64-linux-android\release\.fingerprint\rgb-115244e7c43f319c\dep-lib-rgb","14","7/28/2026 7:01:30 PM"
"C:\Users\glenn\Documents\Code Black Telemetry Backups\atlas-production-working-tree-20260729-200938\native\radar-ref\target\aarch64-linux-android\release\.fingerprint\rgb-115244e7c43f319c\invoked.timestamp","48","7/28/2026 7:01:30 PM"
"C:\Users\glenn\Documents\Code Black Telemetry Backups\atlas-production-working-tree-20260729-200938\native\radar-ref\target\aarch64-linux-android\release\.fingerprint\rgb-115244e7c43f319c\lib-rgb","16","7/28/2026 7:01:31 PM"
"C:\Users\glenn\Documents\Code Black Telemetry Backups\atlas-production-working-tree-20260729-200938\native\radar-ref\target\aarch64-linux-android\release\.fingerprint\rgb-115244e7c43f319c\lib-rgb.json","513","7/28/2026 7:01:31 PM"
"C:\Users\glenn\Documents\Code Black Telemetry Backups\atlas-production-working-tree-20260729-200938\native\radar-ref\target\aarch64-linux-android\release\.fingerprint\serde-0eb5b919b2985cc2\run-build-script-build-script-build","16","7/28/2026 7:01:32 PM"
"C:\Users\glenn\Documents\Code Black Telemetry Backups\atlas-production-working-tree-20260729-200938\native\radar-ref\target\aarch64-linux-android\release\.fingerprint\serde-0eb5b919b2985cc2\run-build-script-build-script-build.json","353","7/28/2026 7:01:32 PM"
"C:\Users\glenn\Documents\Code Black Telemetry Backups\atlas-production-working-tree-20260729-200938\native\radar-ref\target\aarch64-linux-android\release\.fingerprint\serde-1eaf23146480bbe3\dep-lib-serde","93","7/28/2026 7:01:38 PM"
"C:\Users\glenn\Documents\Code Black Telemetry Backups\atlas-production-working-tree-20260729-200938\native\radar-ref\target\aarch64-linux-android\release\.fingerprint\serde-1eaf23146480bbe3\invoked.timestamp","48","7/28/2026 7:01:38 PM"
"C:\Users\glenn\Documents\Code Black Telemetry Backups\atlas-production-working-tree-20260729-200938\native\radar-ref\target\aarch64-linux-android\release\.fingerprint\serde-1eaf23146480bbe3\lib-serde","16","7/28/2026 7:01:39 PM"
"C:\Users\glenn\Documents\Code Black Telemetry Backups\atlas-production-working-tree-20260729-200938\native\radar-ref\target\aarch64-linux-android\release\.fingerprint\serde-1eaf23146480bbe3\lib-serde.json","719","7/28/2026 7:01:39 PM"
"C:\Users\glenn\Documents\Code Black Telemetry Backups\atlas-production-working-tree-20260729-200938\native\radar-ref\target\aarch64-linux-android\release\.fingerprint\serde_core-5a325f8d91381133\run-build-script-build-script-build","16","7/28/2026 7:01:29 PM"
"C:\Users\glenn\Documents\Code Black Telemetry Backups\atlas-production-working-tree-20260729-200938\native\radar-ref\target\aarch64-linux-android\release\.fingerprint\serde_core-5a325f8d91381133\run-build-script-build-script-build.json","360","7/28/2026 7:01:29 PM"
"C:\Users\glenn\Documents\Code Black Telemetry Backups\atlas-production-working-tree-20260729-200938\native\radar-ref\target\aarch64-linux-android\release\.fingerprint\serde_core-a04d82c174d034cd\dep-lib-serde_core","98","7/28/2026 7:01:31 PM"
"C:\Users\glenn\Documents\Code Black Telemetry Backups\atlas-production-working-tree-20260729-200938\native\radar-ref\target\aarch64-linux-android\release\.fingerprint\serde_core-a04d82c174d034cd\invoked.timestamp","48","7/28/2026 7:01:31 PM"
"C:\Users\glenn\Documents\Code Black Telemetry Backups\atlas-production-working-tree-20260729-200938\native\radar-ref\target\aarch64-linux-android\release\.fingerprint\serde_core-a04d82c174d034cd\lib-serde_core","16","7/28/2026 7:01:36 PM"
"C:\Users\glenn\Documents\Code Black Telemetry Backups\atlas-production-working-tree-20260729-200938\native\radar-ref\target\aarch64-linux-android\release\.fingerprint\serde_core-a04d82c174d034cd\lib-serde_core.json","553","7/28/2026 7:01:36 PM"
"C:\Users\glenn\Documents\Code Black Telemetry Backups\atlas-production-working-tree-20260729-200938\native\radar-ref\target\aarch64-linux-android\release\.fingerprint\serde_json-5f97d9a871b075b5\dep-lib-serde_json","14","7/28/2026 7:01:36 PM"
"C:\Users\glenn\Documents\Code Black Telemetry Backups\atlas-production-working-tree-20260729-200938\native\radar-ref\target\aarch64-linux-android\release\.fingerprint\serde_json-5f97d9a871b075b5\invoked.timestamp","48","7/28/2026 7:01:36 PM"
"C:\Users\glenn\Documents\Code Black Telemetry Backups\atlas-production-working-tree-20260729-200938\native\radar-ref\target\aarch64-linux-android\release\.fingerprint\serde_json-5f97d9a871b075b5\lib-serde_json","16","7/28/2026 7:01:39 PM"
"C:\Users\glenn\Documents\Code Black Telemetry Backups\atlas-production-working-tree-20260729-200938\native\radar-ref\target\aarch64-linux-android\release\.fingerprint\serde_json-5f97d9a871b075b5\lib-serde_json.json","867","7/28/2026 7:01:39 PM"
"C:\Users\glenn\Documents\Code Black Telemetry Backups\atlas-production-working-tree-20260729-200938\native\radar-ref\target\aarch64-linux-android\release\.fingerprint\serde_json-eb7321613cc5c32c\run-build-script-build-script-build","16","7/28/2026 7:01:32 PM"
"C:\Users\glenn\Documents\Code Black Telemetry Backups\atlas-production-working-tree-20260729-200938\native\radar-ref\target\aarch64-linux-android\release\.fingerprint\serde_json-eb7321613cc5c32c\run-build-script-build-script-build.json","359","7/28/2026 7:01:32 PM"
"C:\Users\glenn\Documents\Code Black Telemetry Backups\atlas-production-working-tree-20260729-200938\native\radar-ref\target\aarch64-linux-android\release\.fingerprint\sha2-ec0c29be62054b51\dep-lib-sha2","14","7/28/2026 7:01:28 PM"
"C:\Users\glenn\Documents\Code Black Telemetry Backups\atlas-production-working-tree-20260729-200938\native\radar-ref\target\aarch64-linux-android\release\.fingerprint\sha2-ec0c29be62054b51\invoked.timestamp","48","7/28/2026 7:01:28 PM"
"C:\Users\glenn\Documents\Code Black Telemetry Backups\atlas-production-working-tree-20260729-200938\native\radar-ref\target\aarch64-linux-android\release\.fingerprint\sha2-ec0c29be62054b51\lib-sha2","16","7/28/2026 7:01:30 PM"
"C:\Users\glenn\Documents\Code Black Telemetry Backups\atlas-production-working-tree-20260729-200938\native\radar-ref\target\aarch64-linux-android\release\.fingerprint\sha2-ec0c29be62054b51\lib-sha2.json","731","7/28/2026 7:01:30 PM"
"C:\Users\glenn\Documents\Code Black Telemetry Backups\atlas-production-working-tree-20260729-200938\native\radar-ref\target\aarch64-linux-android\release\.fingerprint\simd-adler32-693d7d24244db034\dep-lib-simd_adler32","14","7/28/2026 7:01:25 PM"
"C:\Users\glenn\Documents\Code Black Telemetry Backups\atlas-production-working-tree-20260729-200938\native\radar-ref\target\aarch64-linux-android\release\.fingerprint\simd-adler32-693d7d24244db034\invoked.timestamp","48","7/28/2026 7:01:25 PM"
"C:\Users\glenn\Documents\Code Black Telemetry Backups\atlas-production-working-tree-20260729-200938\native\radar-ref\target\aarch64-linux-android\release\.fingerprint\simd-adler32-693d7d24244db034\lib-simd_adler32","16","7/28/2026 7:01:25 PM"
"C:\Users\glenn\Documents\Code Black Telemetry Backups\atlas-production-working-tree-20260729-200938\native\radar-ref\target\aarch64-linux-android\release\.fingerprint\simd-adler32-693d7d24244db034\lib-simd_adler32.json","498","7/28/2026 7:01:25 PM"
"C:\Users\glenn\Documents\Code Black Telemetry Backups\atlas-production-working-tree-20260729-200938\native\radar-ref\target\aarch64-linux-android\release\.fingerprint\smallvec-1ca3a720d7894594\dep-lib-smallvec","14","7/28/2026 7:01:30 PM"
"C:\Users\glenn\Documents\Code Black Telemetry Backups\atlas-production-working-tree-20260729-200938\native\radar-ref\target\aarch64-linux-android\release\.fingerprint\smallvec-1ca3a720d7894594\invoked.timestamp","48","7/28/2026 7:01:30 PM"
"C:\Users\glenn\Documents\Code Black Telemetry Backups\atlas-production-working-tree-20260729-200938\native\radar-ref\target\aarch64-linux-android\release\.fingerprint\smallvec-1ca3a720d7894594\lib-smallvec","16","7/28/2026 7:01:31 PM"
"C:\Users\glenn\Documents\Code Black Telemetry Backups\atlas-production-working-tree-20260729-200938\native\radar-ref\target\aarch64-linux-android\release\.fingerprint\smallvec-1ca3a720d7894594\lib-smallvec.json","639","7/28/2026 7:01:31 PM"
"C:\Users\glenn\Documents\Code Black Telemetry Backups\atlas-production-working-tree-20260729-200938\native\radar-ref\target\aarch64-linux-android\release\.fingerprint\stable_deref_trait-bfe25a773b8c21b3\dep-lib-stable_deref_trait","14","7/28/2026 7:01:26 PM"
"C:\Users\glenn\Documents\Code Black Telemetry Backups\atlas-production-working-tree-20260729-200938\native\radar-ref\target\aarch64-linux-android\release\.fingerprint\stable_deref_trait-bfe25a773b8c21b3\invoked.timestamp","48","7/28/2026 7:01:26 PM"
"C:\Users\glenn\Documents\Code Black Telemetry Backups\atlas-production-working-tree-20260729-200938\native\radar-ref\target\aarch64-linux-android\release\.fingerprint\stable_deref_trait-bfe25a773b8c21b3\lib-stable_deref_trait","16","7/28/2026 7:01:26 PM"
"C:\Users\glenn\Documents\Code Black Telemetry Backups\atlas-production-working-tree-20260729-200938\native\radar-ref\target\aarch64-linux-android\release\.fingerprint\stable_deref_trait-bfe25a773b8c21b3\lib-stable_deref_trait.json","448","7/28/2026 7:01:26 PM"
"C:\Users\glenn\Documents\Code Black Telemetry Backups\atlas-production-working-tree-20260729-200938\native\radar-ref\target\aarch64-linux-android\release\.fingerprint\thiserror-330fcca974a2b8fc\run-build-script-build-script-build","16","7/28/2026 7:01:26 PM"
"C:\Users\glenn\Documents\Code Black Telemetry Backups\atlas-production-working-tree-20260729-200938\native\radar-ref\target\aarch64-linux-android\release\.fingerprint\thiserror-330fcca974a2b8fc\run-build-script-build-script-build.json","422","7/28/2026 7:01:26 PM"
"C:\Users\glenn\Documents\Code Black Telemetry Backups\atlas-production-working-tree-20260729-200938\native\radar-ref\target\aarch64-linux-android\release\.fingerprint\thiserror-80ded2bc6ea1cbd3\dep-lib-thiserror","97","7/28/2026 7:01:35 PM"
"C:\Users\glenn\Documents\Code Black Telemetry Backups\atlas-production-working-tree-20260729-200938\native\radar-ref\target\aarch64-linux-android\release\.fingerprint\thiserror-80ded2bc6ea1cbd3\invoked.timestamp","48","7/28/2026 7:01:35 PM"
"C:\Users\glenn\Documents\Code Black Telemetry Backups\atlas-production-working-tree-20260729-200938\native\radar-ref\target\aarch64-linux-android\release\.fingerprint\thiserror-80ded2bc6ea1cbd3\lib-thiserror","16","7/28/2026 7:01:35 PM"
"C:\Users\glenn\Documents\Code Black Telemetry Backups\atlas-production-working-tree-20260729-200938\native\radar-ref\target\aarch64-linux-android\release\.fingerprint\thiserror-80ded2bc6ea1cbd3\lib-thiserror.json","576","7/28/2026 7:01:35 PM"
"C:\Users\glenn\Documents\Code Black Telemetry Backups\atlas-production-working-tree-20260729-200938\native\radar-ref\target\aarch64-linux-android\release\.fingerprint\thiserror-9e586a2bd9c780d4\run-build-script-build-script-build","16","7/28/2026 7:01:31 PM"
"C:\Users\glenn\Documents\Code Black Telemetry Backups\atlas-production-working-tree-20260729-200938\native\radar-ref\target\aarch64-linux-android\release\.fingerprint\thiserror-9e586a2bd9c780d4\run-build-script-build-script-build.json","423","7/28/2026 7:01:31 PM"
"C:\Users\glenn\Documents\Code Black Telemetry Backups\atlas-production-working-tree-20260729-200938\native\radar-ref\target\aarch64-linux-android\release\.fingerprint\thiserror-ded8bd96f10ab565\dep-lib-thiserror","14","7/28/2026 7:01:37 PM"
"C:\Users\glenn\Documents\Code Black Telemetry Backups\atlas-production-working-tree-20260729-200938\native\radar-ref\target\aarch64-linux-android\release\.fingerprint\thiserror-ded8bd96f10ab565\invoked.timestamp","48","7/28/2026 7:01:37 PM"
"C:\Users\glenn\Documents\Code Black Telemetry Backups\atlas-production-working-tree-20260729-200938\native\radar-ref\target\aarch64-linux-android\release\.fingerprint\thiserror-ded8bd96f10ab565\lib-thiserror","16","7/28/2026 7:01:37 PM"
"C:\Users\glenn\Documents\Code Black Telemetry Backups\atlas-production-working-tree-20260729-200938\native\radar-ref\target\aarch64-linux-android\release\.fingerprint\thiserror-ded8bd96f10ab565\lib-thiserror.json","536","7/28/2026 7:01:37 PM"
"C:\Users\glenn\Documents\Code Black Telemetry Backups\atlas-production-working-tree-20260729-200938\native\radar-ref\target\aarch64-linux-android\release\.fingerprint\tiff-139c553bf021631a\dep-lib-tiff","14","7/28/2026 7:01:43 PM"
"C:\Users\glenn\Documents\Code Black Telemetry Backups\atlas-production-working-tree-20260729-200938\native\radar-ref\target\aarch64-linux-android\release\.fingerprint\tiff-139c553bf021631a\invoked.timestamp","48","7/28/2026 7:01:43 PM"
"C:\Users\glenn\Documents\Code Black Telemetry Backups\atlas-production-working-tree-20260729-200938\native\radar-ref\target\aarch64-linux-android\release\.fingerprint\tiff-139c553bf021631a\lib-tiff","16","7/28/2026 7:01:46 PM"
"C:\Users\glenn\Documents\Code Black Telemetry Backups\atlas-production-working-tree-20260729-200938\native\radar-ref\target\aarch64-linux-android\release\.fingerprint\tiff-139c553bf021631a\lib-tiff.json","863","7/28/2026 7:01:46 PM"
"C:\Users\glenn\Documents\Code Black Telemetry Backups\atlas-production-working-tree-20260729-200938\native\radar-ref\target\aarch64-linux-android\release\.fingerprint\typenum-4fba8fb9a3982725\dep-lib-typenum","14","7/28/2026 7:01:25 PM"
"C:\Users\glenn\Documents\Code Black Telemetry Backups\atlas-production-working-tree-20260729-200938\native\radar-ref\target\aarch64-linux-android\release\.fingerprint\typenum-4fba8fb9a3982725\invoked.timestamp","48","7/28/2026 7:01:25 PM"
"C:\Users\glenn\Documents\Code Black Telemetry Backups\atlas-production-working-tree-20260729-200938\native\radar-ref\target\aarch64-linux-android\release\.fingerprint\typenum-4fba8fb9a3982725\lib-typenum","16","7/28/2026 7:01:26 PM"
"C:\Users\glenn\Documents\Code Black Telemetry Backups\atlas-production-working-tree-20260729-200938\native\radar-ref\target\aarch64-linux-android\release\.fingerprint\typenum-4fba8fb9a3982725\lib-typenum.json","467","7/28/2026 7:01:26 PM"
"C:\Users\glenn\Documents\Code Black Telemetry Backups\atlas-production-working-tree-20260729-200938\native\radar-ref\target\aarch64-linux-android\release\.fingerprint\uom-ff16aa520f4a648d\dep-lib-uom","14","7/28/2026 7:01:31 PM"
"C:\Users\glenn\Documents\Code Black Telemetry Backups\atlas-production-working-tree-20260729-200938\native\radar-ref\target\aarch64-linux-android\release\.fingerprint\uom-ff16aa520f4a648d\invoked.timestamp","48","7/28/2026 7:01:31 PM"
"C:\Users\glenn\Documents\Code Black Telemetry Backups\atlas-production-working-tree-20260729-200938\native\radar-ref\target\aarch64-linux-android\release\.fingerprint\uom-ff16aa520f4a648d\lib-uom","16","7/28/2026 7:01:57 PM"
"C:\Users\glenn\Documents\Code Black Telemetry Backups\atlas-production-working-tree-20260729-200938\native\radar-ref\target\aarch64-linux-android\release\.fingerprint\uom-ff16aa520f4a648d\lib-uom.json","1015","7/28/2026 7:01:57 PM"
"C:\Users\glenn\Documents\Code Black Telemetry Backups\atlas-production-working-tree-20260729-200938\native\radar-ref\target\aarch64-linux-android\release\.fingerprint\v_frame-fdbd6788320405bf\dep-lib-v_frame","14","7/28/2026 7:01:37 PM"
"C:\Users\glenn\Documents\Code Black Telemetry Backups\atlas-production-working-tree-20260729-200938\native\radar-ref\target\aarch64-linux-android\release\.fingerprint\v_frame-fdbd6788320405bf\invoked.timestamp","48","7/28/2026 7:01:37 PM"
"C:\Users\glenn\Documents\Code Black Telemetry Backups\atlas-production-working-tree-20260729-200938\native\radar-ref\target\aarch64-linux-android\release\.fingerprint\v_frame-fdbd6788320405bf\lib-v_frame","16","7/28/2026 7:01:38 PM"
"C:\Users\glenn\Documents\Code Black Telemetry Backups\atlas-production-working-tree-20260729-200938\native\radar-ref\target\aarch64-linux-android\release\.fingerprint\v_frame-fdbd6788320405bf\lib-v_frame.json","570","7/28/2026 7:01:38 PM"
"C:\Users\glenn\Documents\Code Black Telemetry Backups\atlas-production-working-tree-20260729-200938\native\radar-ref\target\aarch64-linux-android\release\.fingerprint\weezl-1b72445162e8f2b8\dep-lib-weezl","14","7/28/2026 7:01:28 PM"
"C:\Users\glenn\Documents\Code Black Telemetry Backups\atlas-production-working-tree-20260729-200938\native\radar-ref\target\aarch64-linux-android\release\.fingerprint\weezl-1b72445162e8f2b8\invoked.timestamp","48","7/28/2026 7:01:28 PM"
"C:\Users\glenn\Documents\Code Black Telemetry Backups\atlas-production-working-tree-20260729-200938\native\radar-ref\target\aarch64-linux-android\release\.fingerprint\weezl-1b72445162e8f2b8\lib-weezl","16","7/28/2026 7:01:30 PM"
"C:\Users\glenn\Documents\Code Black Telemetry Backups\atlas-production-working-tree-20260729-200938\native\radar-ref\target\aarch64-linux-android\release\.fingerprint\weezl-1b72445162e8f2b8\lib-weezl.json","476","7/28/2026 7:01:30 PM"
"C:\Users\glenn\Documents\Code Black Telemetry Backups\atlas-production-working-tree-20260729-200938\native\radar-ref\target\aarch64-linux-android\release\.fingerprint\y4m-a145d372fca4b118\dep-lib-y4m","14","7/28/2026 7:01:27 PM"
"C:\Users\glenn\Documents\Code Black Telemetry Backups\atlas-production-working-tree-20260729-200938\native\radar-ref\target\aarch64-linux-android\release\.fingerprint\y4m-a145d372fca4b118\invoked.timestamp","48","7/28/2026 7:01:27 PM"
"C:\Users\glenn\Documents\Code Black Telemetry Backups\atlas-production-working-tree-20260729-200938\native\radar-ref\target\aarch64-linux-android\release\.fingerprint\y4m-a145d372fca4b118\lib-y4m","16","7/28/2026 7:01:27 PM"
"C:\Users\glenn\Documents\Code Black Telemetry Backups\atlas-production-working-tree-20260729-200938\native\radar-ref\target\aarch64-linux-android\release\.fingerprint\y4m-a145d372fca4b118\lib-y4m.json","386","7/28/2026 7:01:27 PM"
"C:\Users\glenn\Documents\Code Black Telemetry Backups\atlas-production-working-tree-20260729-200938\native\radar-ref\target\aarch64-linux-android\release\.fingerprint\zerocopy-7d439a6f76cb3446\dep-lib-zerocopy","14","7/28/2026 7:01:38 PM"
"C:\Users\glenn\Documents\Code Black Telemetry Backups\atlas-production-working-tree-20260729-200938\native\radar-ref\target\aarch64-linux-android\release\.fingerprint\zerocopy-7d439a6f76cb3446\invoked.timestamp","48","7/28/2026 7:01:38 PM"
"C:\Users\glenn\Documents\Code Black Telemetry Backups\atlas-production-working-tree-20260729-200938\native\radar-ref\target\aarch64-linux-android\release\.fingerprint\zerocopy-7d439a6f76cb3446\lib-zerocopy","16","7/28/2026 7:01:43 PM"
"C:\Users\glenn\Documents\Code Black Telemetry Backups\atlas-production-working-tree-20260729-200938\native\radar-ref\target\aarch64-linux-android\release\.fingerprint\zerocopy-7d439a6f76cb3446\lib-zerocopy.json","722","7/28/2026 7:01:43 PM"
"C:\Users\glenn\Documents\Code Black Telemetry Backups\atlas-production-working-tree-20260729-200938\native\radar-ref\target\aarch64-linux-android\release\.fingerprint\zerocopy-8c62f6f69d3c32d6\run-build-script-build-script-build","16","7/28/2026 7:01:26 PM"
"C:\Users\glenn\Documents\Code Black Telemetry Backups\atlas-production-working-tree-20260729-200938\native\radar-ref\target\aarch64-linux-android\release\.fingerprint\zerocopy-8c62f6f69d3c32d6\run-build-script-build-script-build.json","370","7/28/2026 7:01:26 PM"
"C:\Users\glenn\Documents\Code Black Telemetry Backups\atlas-production-working-tree-20260729-200938\native\radar-ref\target\aarch64-linux-android\release\.fingerprint\zmij-b3ef6c027d8533c7\run-build-script-build-script-build","16","7/28/2026 7:01:31 PM"
"C:\Users\glenn\Documents\Code Black Telemetry Backups\atlas-production-working-tree-20260729-200938\native\radar-ref\target\aarch64-linux-android\release\.fingerprint\zmij-b3ef6c027d8533c7\run-build-script-build-script-build.json","352","7/28/2026 7:01:31 PM"
"C:\Users\glenn\Documents\Code Black Telemetry Backups\atlas-production-working-tree-20260729-200938\native\radar-ref\target\aarch64-linux-android\release\.fingerprint\zmij-d06b0b87cb18bca8\dep-lib-zmij","14","7/28/2026 7:01:32 PM"
"C:\Users\glenn\Documents\Code Black Telemetry Backups\atlas-production-working-tree-20260729-200938\native\radar-ref\target\aarch64-linux-android\release\.fingerprint\zmij-d06b0b87cb18bca8\invoked.timestamp","48","7/28/2026 7:01:32 PM"
"C:\Users\glenn\Documents\Code Black Telemetry Backups\atlas-production-working-tree-20260729-200938\native\radar-ref\target\aarch64-linux-android\release\.fingerprint\zmij-d06b0b87cb18bca8\lib-zmij","16","7/28/2026 7:01:33 PM"
"C:\Users\glenn\Documents\Code Black Telemetry Backups\atlas-production-working-tree-20260729-200938\native\radar-ref\target\aarch64-linux-android\release\.fingerprint\zmij-d06b0b87cb18bca8\lib-zmij.json","472","7/28/2026 7:01:33 PM"
"C:\Users\glenn\Documents\Code Black Telemetry Backups\atlas-production-working-tree-20260729-200938\native\radar-ref\target\aarch64-linux-android\release\.fingerprint\zune-core-2e5f437bcd7b1de8\dep-lib-zune_core","14","7/28/2026 7:01:28 PM"
"C:\Users\glenn\Documents\Code Black Telemetry Backups\atlas-production-working-tree-20260729-200938\native\radar-ref\target\aarch64-linux-android\release\.fingerprint\zune-core-2e5f437bcd7b1de8\invoked.timestamp","48","7/28/2026 7:01:28 PM"
"C:\Users\glenn\Documents\Code Black Telemetry Backups\atlas-production-working-tree-20260729-200938\native\radar-ref\target\aarch64-linux-android\release\.fingerprint\zune-core-2e5f437bcd7b1de8\lib-zune_core","16","7/28/2026 7:01:29 PM"
"C:\Users\glenn\Documents\Code Black Telemetry Backups\atlas-production-working-tree-20260729-200938\native\radar-ref\target\aarch64-linux-android\release\.fingerprint\zune-core-2e5f437bcd7b1de8\lib-zune_core.json","434","7/28/2026 7:01:29 PM"
"C:\Users\glenn\Documents\Code Black Telemetry Backups\atlas-production-working-tree-20260729-200938\native\radar-ref\target\aarch64-linux-android\release\.fingerprint\zune-inflate-e6b82a8c70bc38dc\dep-lib-zune_inflate","14","7/28/2026 7:01:29 PM"
"C:\Users\glenn\Documents\Code Black Telemetry Backups\atlas-production-working-tree-20260729-200938\native\radar-ref\target\aarch64-linux-android\release\.fingerprint\zune-inflate-e6b82a8c70bc38dc\invoked.timestamp","48","7/28/2026 7:01:29 PM"
"C:\Users\glenn\Documents\Code Black Telemetry Backups\atlas-production-working-tree-20260729-200938\native\radar-ref\target\aarch64-linux-android\release\.fingerprint\zune-inflate-e6b82a8c70bc38dc\lib-zune_inflate","16","7/28/2026 7:01:30 PM"
"C:\Users\glenn\Documents\Code Black Telemetry Backups\atlas-production-working-tree-20260729-200938\native\radar-ref\target\aarch64-linux-android\release\.fingerprint\zune-inflate-e6b82a8c70bc38dc\lib-zune_inflate.json","551","7/28/2026 7:01:30 PM"
"C:\Users\glenn\Documents\Code Black Telemetry Backups\atlas-production-working-tree-20260729-200938\native\radar-ref\target\aarch64-linux-android\release\.fingerprint\zune-jpeg-702f0e76f776824d\dep-lib-zune_jpeg","14","7/28/2026 7:01:29 PM"
"C:\Users\glenn\Documents\Code Black Telemetry Backups\atlas-production-working-tree-20260729-200938\native\radar-ref\target\aarch64-linux-android\release\.fingerprint\zune-jpeg-702f0e76f776824d\invoked.timestamp","48","7/28/2026 7:01:29 PM"
"C:\Users\glenn\Documents\Code Black Telemetry Backups\atlas-production-working-tree-20260729-200938\native\radar-ref\target\aarch64-linux-android\release\.fingerprint\zune-jpeg-702f0e76f776824d\lib-zune_jpeg","16","7/28/2026 7:01:31 PM"
"C:\Users\glenn\Documents\Code Black Telemetry Backups\atlas-production-working-tree-20260729-200938\native\radar-ref\target\aarch64-linux-android\release\.fingerprint\zune-jpeg-702f0e76f776824d\lib-zune_jpeg.json","565","7/28/2026 7:01:31 PM"
"C:\Users\glenn\Documents\Code Black Telemetry Backups\atlas-production-working-tree-20260729-200938\native\radar-ref\target\aarch64-linux-android\release\deps\adler2-9b3a96473f528b87.d","1154","7/28/2026 7:01:26 PM"
"C:\Users\glenn\Documents\Code Black Telemetry Backups\atlas-production-working-tree-20260729-200938\native\radar-ref\target\aarch64-linux-android\release\deps\aligned-a80e0999d0e10b57.d","788","7/28/2026 7:01:26 PM"
"C:\Users\glenn\Documents\Code Black Telemetry Backups\atlas-production-working-tree-20260729-200938\native\radar-ref\target\aarch64-linux-android\release\deps\aligned_vec-7e588955dd5a3a7b.d","1205","7/28/2026 7:01:37 PM"
"C:\Users\glenn\Documents\Code Black Telemetry Backups\atlas-production-working-tree-20260729-200938\native\radar-ref\target\aarch64-linux-android\release\deps\android_system_properties-cf3d4d8a49baf28e.d","914","7/28/2026 7:01:27 PM"
"C:\Users\glenn\Documents\Code Black Telemetry Backups\atlas-production-working-tree-20260729-200938\native\radar-ref\target\aarch64-linux-android\release\deps\anyhow-ea6d12dc0db7657f.d","4659","7/28/2026 7:01:27 PM"
"C:\Users\glenn\Documents\Code Black Telemetry Backups\atlas-production-working-tree-20260729-200938\native\radar-ref\target\aarch64-linux-android\release\deps\arrayvec-ac8d8fc7a5bd7e8f.d","3177","7/28/2026 7:01:26 PM"
"C:\Users\glenn\Documents\Code Black Telemetry Backups\atlas-production-working-tree-20260729-200938\native\radar-ref\target\aarch64-linux-android\release\deps\as_slice-acc05424ea1457c0.d","795","7/28/2026 7:01:26 PM"
"C:\Users\glenn\Documents\Code Black Telemetry Backups\atlas-production-working-tree-20260729-200938\native\radar-ref\target\aarch64-linux-android\release\deps\av1_grain-2d83db05255b0c1b.d","3200","7/28/2026 7:01:38 PM"
"C:\Users\glenn\Documents\Code Black Telemetry Backups\atlas-production-working-tree-20260729-200938\native\radar-ref\target\aarch64-linux-android\release\deps\avif_serialize-2f088a83a4b4672b.d","2084","7/28/2026 7:01:28 PM"
"C:\Users\glenn\Documents\Code Black Telemetry Backups\atlas-production-working-tree-20260729-200938\native\radar-ref\target\aarch64-linux-android\release\deps\av_scenechange-e1dab69e583ad5da.d","9978","7/28/2026 7:01:38 PM"
"C:\Users\glenn\Documents\Code Black Telemetry Backups\atlas-production-working-tree-20260729-200938\native\radar-ref\target\aarch64-linux-android\release\deps\bitflags-7f21db38905f08e0.d","3165","7/28/2026 7:01:29 PM"
"C:\Users\glenn\Documents\Code Black Telemetry Backups\atlas-production-working-tree-20260729-200938\native\radar-ref\target\aarch64-linux-android\release\deps\bitstream_io-b752c77a61c44ae8.d","2046","7/28/2026 7:01:27 PM"
"C:\Users\glenn\Documents\Code Black Telemetry Backups\atlas-production-working-tree-20260729-200938\native\radar-ref\target\aarch64-linux-android\release\deps\bit_field-20b185f7ff353f40.d","806","7/28/2026 7:01:30 PM"
"C:\Users\glenn\Documents\Code Black Telemetry Backups\atlas-production-working-tree-20260729-200938\native\radar-ref\target\aarch64-linux-android\release\deps\block_buffer-1387bf4a90d5c915.d","1236","7/28/2026 7:01:28 PM"
"C:\Users\glenn\Documents\Code Black Telemetry Backups\atlas-production-working-tree-20260729-200938\native\radar-ref\target\aarch64-linux-android\release\deps\bytemuck-2e594a5ecbef8868.d","5703","7/28/2026 7:01:26 PM"
"C:\Users\glenn\Documents\Code Black Telemetry Backups\atlas-production-working-tree-20260729-200938\native\radar-ref\target\aarch64-linux-android\release\deps\byteorder_lite-5cac26b6dda7fe49.d","1234","7/28/2026 7:01:30 PM"
"C:\Users\glenn\Documents\Code Black Telemetry Backups\atlas-production-working-tree-20260729-200938\native\radar-ref\target\aarch64-linux-android\release\deps\bytes-84f4192caf5b88ef.d","7463","7/28/2026 7:01:32 PM"
"C:\Users\glenn\Documents\Code Black Telemetry Backups\atlas-production-working-tree-20260729-200938\native\radar-ref\target\aarch64-linux-android\release\deps\bzip2-b495049cce9cec86.d","2262","7/28/2026 7:01:34 PM"
"C:\Users\glenn\Documents\Code Black Telemetry Backups\atlas-production-working-tree-20260729-200938\native\radar-ref\target\aarch64-linux-android\release\deps\cesu8-e96545ece5ff86b9.d","1155","7/28/2026 7:01:34 PM"
"C:\Users\glenn\Documents\Code Black Telemetry Backups\atlas-production-working-tree-20260729-200938\native\radar-ref\target\aarch64-linux-android\release\deps\cfg_if-0c3a29b29cd4df60.d","781","7/28/2026 7:01:25 PM"
"C:\Users\glenn\Documents\Code Black Telemetry Backups\atlas-production-working-tree-20260729-200938\native\radar-ref\target\aarch64-linux-android\release\deps\chrono-9890a9d5c399e60b.d","13676","7/28/2026 7:01:29 PM"
"C:\Users\glenn\Documents\Code Black Telemetry Backups\atlas-production-working-tree-20260729-200938\native\radar-ref\target\aarch64-linux-android\release\deps\codeblack_radar.d","288","7/29/2026 7:52:31 AM"
"C:\Users\glenn\Documents\Code Black Telemetry Backups\atlas-production-working-tree-20260729-200938\native\radar-ref\target\aarch64-linux-android\release\deps\codeblack_radar_ref.d","296","7/28/2026 7:53:29 PM"
"C:\Users\glenn\Documents\Code Black Telemetry Backups\atlas-production-working-tree-20260729-200938\native\radar-ref\target\aarch64-linux-android\release\deps\color_quant-247ea5eb36c29429.d","1209","7/28/2026 7:01:30 PM"
"C:\Users\glenn\Documents\Code Black Telemetry Backups\atlas-production-working-tree-20260729-200938\native\radar-ref\target\aarch64-linux-android\release\deps\combine-d1b1ffc5a321e15f.d","9417","7/28/2026 7:01:34 PM"
"C:\Users\glenn\Documents\Code Black Telemetry Backups\atlas-production-working-tree-20260729-200938\native\radar-ref\target\aarch64-linux-android\release\deps\cpufeatures-7a45595e4484d54f.d","1229","7/28/2026 7:01:28 PM"
"C:\Users\glenn\Documents\Code Black Telemetry Backups\atlas-production-working-tree-20260729-200938\native\radar-ref\target\aarch64-linux-android\release\deps\crc32fast-85c1f23f347b0620.d","2863","7/28/2026 7:01:26 PM"
"C:\Users\glenn\Documents\Code Black Telemetry Backups\atlas-production-working-tree-20260729-200938\native\radar-ref\target\aarch64-linux-android\release\deps\crossbeam_deque-736e5d42967b0880.d","1257","7/28/2026 7:01:28 PM"
"C:\Users\glenn\Documents\Code Black Telemetry Backups\atlas-production-working-tree-20260729-200938\native\radar-ref\target\aarch64-linux-android\release\deps\crossbeam_epoch-db36a6d627fc2a94.d","5571","7/28/2026 7:01:27 PM"
"C:\Users\glenn\Documents\Code Black Telemetry Backups\atlas-production-working-tree-20260729-200938\native\radar-ref\target\aarch64-linux-android\release\deps\crossbeam_utils-6111d23a6345650c.d","6200","7/28/2026 7:01:26 PM"
"C:\Users\glenn\Documents\Code Black Telemetry Backups\atlas-production-working-tree-20260729-200938\native\radar-ref\target\aarch64-linux-android\release\deps\crypto_common-d73d899107e609f2.d","830","7/28/2026 7:01:28 PM"
"C:\Users\glenn\Documents\Code Black Telemetry Backups\atlas-production-working-tree-20260729-200938\native\radar-ref\target\aarch64-linux-android\release\deps\debug_unreachable-ff939bb49ae54b00.d","874","7/28/2026 7:01:28 PM"
"C:\Users\glenn\Documents\Code Black Telemetry Backups\atlas-production-working-tree-20260729-200938\native\radar-ref\target\aarch64-linux-android\release\deps\digest-69b71370ef35e28b.d","3307","7/28/2026 7:01:28 PM"
"C:\Users\glenn\Documents\Code Black Telemetry Backups\atlas-production-working-tree-20260729-200938\native\radar-ref\target\aarch64-linux-android\release\deps\either-fd7e6bc596729043.d","1583","7/28/2026 7:01:26 PM"
"C:\Users\glenn\Documents\Code Black Telemetry Backups\atlas-production-working-tree-20260729-200938\native\radar-ref\target\aarch64-linux-android\release\deps\equator-45c4d865befe2b7d.d","3555","7/28/2026 7:01:37 PM"
"C:\Users\glenn\Documents\Code Black Telemetry Backups\atlas-production-working-tree-20260729-200938\native\radar-ref\target\aarch64-linux-android\release\deps\exr-e0ffd012a50c90a5.d","20286","7/28/2026 7:01:43 PM"
"C:\Users\glenn\Documents\Code Black Telemetry Backups\atlas-production-working-tree-20260729-200938\native\radar-ref\target\aarch64-linux-android\release\deps\fax-0690087a6e8a4648.d","2601","7/28/2026 7:01:30 PM"
"C:\Users\glenn\Documents\Code Black Telemetry Backups\atlas-production-working-tree-20260729-200938\native\radar-ref\target\aarch64-linux-android\release\deps\fdeflate-07420cff89264dfd.d","2379","7/28/2026 7:01:29 PM"
"C:\Users\glenn\Documents\Code Black Telemetry Backups\atlas-production-working-tree-20260729-200938\native\radar-ref\target\aarch64-linux-android\release\deps\flate2-aad0c18a83bcc347.d","7851","7/28/2026 7:01:27 PM"
"C:\Users\glenn\Documents\Code Black Telemetry Backups\atlas-production-working-tree-20260729-200938\native\radar-ref\target\aarch64-linux-android\release\deps\generic_array-cfb2c08108c87427.d","3300","7/28/2026 7:01:27 PM"
"C:\Users\glenn\Documents\Code Black Telemetry Backups\atlas-production-working-tree-20260729-200938\native\radar-ref\target\aarch64-linux-android\release\deps\gif-02d23634ae9459e3.d","3479","7/28/2026 7:01:31 PM"
"C:\Users\glenn\Documents\Code Black Telemetry Backups\atlas-production-working-tree-20260729-200938\native\radar-ref\target\aarch64-linux-android\release\deps\half-8944a158486ef94d.d","3891","7/28/2026 7:01:43 PM"
"C:\Users\glenn\Documents\Code Black Telemetry Backups\atlas-production-working-tree-20260729-200938\native\radar-ref\target\aarch64-linux-android\release\deps\hex-0b1ef3c121f76269.d","1125","7/28/2026 7:01:28 PM"
"C:\Users\glenn\Documents\Code Black Telemetry Backups\atlas-production-working-tree-20260729-200938\native\radar-ref\target\aarch64-linux-android\release\deps\iana_time_zone-2e2b8ea277325787.d","1703","7/28/2026 7:01:28 PM"
"C:\Users\glenn\Documents\Code Black Telemetry Backups\atlas-production-working-tree-20260729-200938\native\radar-ref\target\aarch64-linux-android\release\deps\image-b9c26c2347c10a59.d","29090","7/28/2026 7:01:48 PM"
"C:\Users\glenn\Documents\Code Black Telemetry Backups\atlas-production-working-tree-20260729-200938\native\radar-ref\target\aarch64-linux-android\release\deps\image_webp-35291abdbf367197.d","5753","7/28/2026 7:01:31 PM"
"C:\Users\glenn\Documents\Code Black Telemetry Backups\atlas-production-working-tree-20260729-200938\native\radar-ref\target\aarch64-linux-android\release\deps\imgref-77e56694befade47.d","1920","7/28/2026 7:01:28 PM"
"C:\Users\glenn\Documents\Code Black Telemetry Backups\atlas-production-working-tree-20260729-200938\native\radar-ref\target\aarch64-linux-android\release\deps\itertools-2786d5a61a756103.d","21347","7/28/2026 7:01:27 PM"
"C:\Users\glenn\Documents\Code Black Telemetry Backups\atlas-production-working-tree-20260729-200938\native\radar-ref\target\aarch64-linux-android\release\deps\itoa-c7c8b88dc6f6edfb.d","1156","7/28/2026 7:01:35 PM"
"C:\Users\glenn\Documents\Code Black Telemetry Backups\atlas-production-working-tree-20260729-200938\native\radar-ref\target\aarch64-linux-android\release\deps\jni-29f0844a0c7cd72e.d","18027","7/28/2026 7:01:41 PM"
"C:\Users\glenn\Documents\Code Black Telemetry Backups\atlas-production-working-tree-20260729-200938\native\radar-ref\target\aarch64-linux-android\release\deps\jni_sys-0d0bc73a900ee673.d","788","7/28/2026 7:01:37 PM"
"C:\Users\glenn\Documents\Code Black Telemetry Backups\atlas-production-working-tree-20260729-200938\native\radar-ref\target\aarch64-linux-android\release\deps\jni_sys-1ce0f96558917054.d","788","7/28/2026 7:01:36 PM"
"C:\Users\glenn\Documents\Code Black Telemetry Backups\atlas-production-working-tree-20260729-200938\native\radar-ref\target\aarch64-linux-android\release\deps\lebe-63535a6b11eab433.d","767","7/28/2026 7:01:30 PM"
"C:\Users\glenn\Documents\Code Black Telemetry Backups\atlas-production-working-tree-20260729-200938\native\radar-ref\target\aarch64-linux-android\release\deps\libadler2-9b3a96473f528b87.rlib","26768","7/28/2026 7:01:26 PM"
"C:\Users\glenn\Documents\Code Black Telemetry Backups\atlas-production-working-tree-20260729-200938\native\radar-ref\target\aarch64-linux-android\release\deps\libadler2-9b3a96473f528b87.rmeta","19952","7/28/2026 7:01:26 PM"
"C:\Users\glenn\Documents\Code Black Telemetry Backups\atlas-production-working-tree-20260729-200938\native\radar-ref\target\aarch64-linux-android\release\deps\libaligned-a80e0999d0e10b57.rlib","59872","7/28/2026 7:01:27 PM"
"C:\Users\glenn\Documents\Code Black Telemetry Backups\atlas-production-working-tree-20260729-200938\native\radar-ref\target\aarch64-linux-android\release\deps\libaligned-a80e0999d0e10b57.rmeta","56115","7/28/2026 7:01:26 PM"
"C:\Users\glenn\Documents\Code Black Telemetry Backups\atlas-production-working-tree-20260729-200938\native\radar-ref\target\aarch64-linux-android\release\deps\libaligned_vec-7e588955dd5a3a7b.rlib","216452","7/28/2026 7:01:37 PM"
"C:\Users\glenn\Documents\Code Black Telemetry Backups\atlas-production-working-tree-20260729-200938\native\radar-ref\target\aarch64-linux-android\release\deps\libaligned_vec-7e588955dd5a3a7b.rmeta","206729","7/28/2026 7:01:37 PM"
"C:\Users\glenn\Documents\Code Black Telemetry Backups\atlas-production-working-tree-20260729-200938\native\radar-ref\target\aarch64-linux-android\release\deps\libandroid_system_properties-cf3d4d8a49baf28e.rlib","31268","7/28/2026 7:01:28 PM"
"C:\Users\glenn\Documents\Code Black Telemetry Backups\atlas-production-working-tree-20260729-200938\native\radar-ref\target\aarch64-linux-android\release\deps\libandroid_system_properties-cf3d4d8a49baf28e.rmeta","13070","7/28/2026 7:01:27 PM"
"C:\Users\glenn\Documents\Code Black Telemetry Backups\atlas-production-working-tree-20260729-200938\native\radar-ref\target\aarch64-linux-android\release\deps\libanyhow-ea6d12dc0db7657f.rlib","550150","7/28/2026 7:01:28 PM"
"C:\Users\glenn\Documents\Code Black Telemetry Backups\atlas-production-working-tree-20260729-200938\native\radar-ref\target\aarch64-linux-android\release\deps\libanyhow-ea6d12dc0db7657f.rmeta","455395","7/28/2026 7:01:27 PM"
"C:\Users\glenn\Documents\Code Black Telemetry Backups\atlas-production-working-tree-20260729-200938\native\radar-ref\target\aarch64-linux-android\release\deps\libarrayvec-ac8d8fc7a5bd7e8f.rlib","359420","7/28/2026 7:01:26 PM"
"C:\Users\glenn\Documents\Code Black Telemetry Backups\atlas-production-working-tree-20260729-200938\native\radar-ref\target\aarch64-linux-android\release\deps\libarrayvec-ac8d8fc7a5bd7e8f.rmeta","354633","7/28/2026 7:01:26 PM"
"C:\Users\glenn\Documents\Code Black Telemetry Backups\atlas-production-working-tree-20260729-200938\native\radar-ref\target\aarch64-linux-android\release\deps\libas_slice-acc05424ea1457c0.rlib","12818","7/28/2026 7:01:26 PM"
"C:\Users\glenn\Documents\Code Black Telemetry Backups\atlas-production-working-tree-20260729-200938\native\radar-ref\target\aarch64-linux-android\release\deps\libas_slice-acc05424ea1457c0.rmeta","9057","7/28/2026 7:01:26 PM"
"C:\Users\glenn\Documents\Code Black Telemetry Backups\atlas-production-working-tree-20260729-200938\native\radar-ref\target\aarch64-linux-android\release\deps\libav1_grain-2d83db05255b0c1b.rlib","555186","7/28/2026 7:01:40 PM"
"C:\Users\glenn\Documents\Code Black Telemetry Backups\atlas-production-working-tree-20260729-200938\native\radar-ref\target\aarch64-linux-android\release\deps\libav1_grain-2d83db05255b0c1b.rmeta","217816","7/28/2026 7:01:39 PM"
"C:\Users\glenn\Documents\Code Black Telemetry Backups\atlas-production-working-tree-20260729-200938\native\radar-ref\target\aarch64-linux-android\release\deps\libavif_serialize-2f088a83a4b4672b.rlib","488874","7/28/2026 7:01:30 PM"
"C:\Users\glenn\Documents\Code Black Telemetry Backups\atlas-production-working-tree-20260729-200938\native\radar-ref\target\aarch64-linux-android\release\deps\libavif_serialize-2f088a83a4b4672b.rmeta","407632","7/28/2026 7:01:29 PM"
"C:\Users\glenn\Documents\Code Black Telemetry Backups\atlas-production-working-tree-20260729-200938\native\radar-ref\target\aarch64-linux-android\release\deps\libav_scenechange-e1dab69e583ad5da.rlib","1076982","7/28/2026 7:01:39 PM"
"C:\Users\glenn\Documents\Code Black Telemetry Backups\atlas-production-working-tree-20260729-200938\native\radar-ref\target\aarch64-linux-android\release\deps\libav_scenechange-e1dab69e583ad5da.rmeta","1001174","7/28/2026 7:01:39 PM"
"C:\Users\glenn\Documents\Code Black Telemetry Backups\atlas-production-working-tree-20260729-200938\native\radar-ref\target\aarch64-linux-android\release\deps\libbitflags-7f21db38905f08e0.rlib","261074","7/28/2026 7:01:29 PM"
"C:\Users\glenn\Documents\Code Black Telemetry Backups\atlas-production-working-tree-20260729-200938\native\radar-ref\target\aarch64-linux-android\release\deps\libbitflags-7f21db38905f08e0.rmeta","243932","7/28/2026 7:01:29 PM"
"C:\Users\glenn\Documents\Code Black Telemetry Backups\atlas-production-working-tree-20260729-200938\native\radar-ref\target\aarch64-linux-android\release\deps\libbitstream_io-b752c77a61c44ae8.rlib","1351182","7/28/2026 7:01:28 PM"
"C:\Users\glenn\Documents\Code Black Telemetry Backups\atlas-production-working-tree-20260729-200938\native\radar-ref\target\aarch64-linux-android\release\deps\libbitstream_io-b752c77a61c44ae8.rmeta","1343825","7/28/2026 7:01:28 PM"
"C:\Users\glenn\Documents\Code Black Telemetry Backups\atlas-production-working-tree-20260729-200938\native\radar-ref\target\aarch64-linux-android\release\deps\libbit_field-20b185f7ff353f40.rlib","110972","7/28/2026 7:01:31 PM"
"C:\Users\glenn\Documents\Code Black Telemetry Backups\atlas-production-working-tree-20260729-200938\native\radar-ref\target\aarch64-linux-android\release\deps\libbit_field-20b185f7ff353f40.rmeta","107204","7/28/2026 7:01:30 PM"
"C:\Users\glenn\Documents\Code Black Telemetry Backups\atlas-production-working-tree-20260729-200938\native\radar-ref\target\aarch64-linux-android\release\deps\libblock_buffer-1387bf4a90d5c915.rlib","69586","7/28/2026 7:01:28 PM"
"C:\Users\glenn\Documents\Code Black Telemetry Backups\atlas-production-working-tree-20260729-200938\native\radar-ref\target\aarch64-linux-android\release\deps\libblock_buffer-1387bf4a90d5c915.rmeta","64910","7/28/2026 7:01:28 PM"
"C:\Users\glenn\Documents\Code Black Telemetry Backups\atlas-production-working-tree-20260729-200938\native\radar-ref\target\aarch64-linux-android\release\deps\libbytemuck-2e594a5ecbef8868.rlib","702666","7/28/2026 7:01:27 PM"
"C:\Users\glenn\Documents\Code Black Telemetry Backups\atlas-production-working-tree-20260729-200938\native\radar-ref\target\aarch64-linux-android\release\deps\libbytemuck-2e594a5ecbef8868.rmeta","693885","7/28/2026 7:01:27 PM"
"C:\Users\glenn\Documents\Code Black Telemetry Backups\atlas-production-working-tree-20260729-200938\native\radar-ref\target\aarch64-linux-android\release\deps\libbyteorder_lite-5cac26b6dda7fe49.rlib","406320","7/28/2026 7:01:31 PM"
"C:\Users\glenn\Documents\Code Black Telemetry Backups\atlas-production-working-tree-20260729-200938\native\radar-ref\target\aarch64-linux-android\release\deps\libbyteorder_lite-5cac26b6dda7fe49.rmeta","400506","7/28/2026 7:01:31 PM"
"C:\Users\glenn\Documents\Code Black Telemetry Backups\atlas-production-working-tree-20260729-200938\native\radar-ref\target\aarch64-linux-android\release\deps\libbytes-84f4192caf5b88ef.rlib","1150362","7/28/2026 7:01:33 PM"
"C:\Users\glenn\Documents\Code Black Telemetry Backups\atlas-production-working-tree-20260729-200938\native\radar-ref\target\aarch64-linux-android\release\deps\libbytes-84f4192caf5b88ef.rmeta","1073683","7/28/2026 7:01:33 PM"
"C:\Users\glenn\Documents\Code Black Telemetry Backups\atlas-production-working-tree-20260729-200938\native\radar-ref\target\aarch64-linux-android\release\deps\libbz2_rs_sys-2bb44f8decd10f78.d","4241","7/28/2026 7:01:32 PM"
"C:\Users\glenn\Documents\Code Black Telemetry Backups\atlas-production-working-tree-20260729-200938\native\radar-ref\target\aarch64-linux-android\release\deps\libbzip2-b495049cce9cec86.rlib","189090","7/28/2026 7:01:34 PM"
"C:\Users\glenn\Documents\Code Black Telemetry Backups\atlas-production-working-tree-20260729-200938\native\radar-ref\target\aarch64-linux-android\release\deps\libbzip2-b495049cce9cec86.rmeta","168178","7/28/2026 7:01:34 PM"
"C:\Users\glenn\Documents\Code Black Telemetry Backups\atlas-production-working-tree-20260729-200938\native\radar-ref\target\aarch64-linux-android\release\deps\libc-02f1cfe76b96f795.d","11014","7/28/2026 7:01:26 PM"
"C:\Users\glenn\Documents\Code Black Telemetry Backups\atlas-production-working-tree-20260729-200938\native\radar-ref\target\aarch64-linux-android\release\deps\libcesu8-e96545ece5ff86b9.rlib","48112","7/28/2026 7:01:35 PM"
"C:\Users\glenn\Documents\Code Black Telemetry Backups\atlas-production-working-tree-20260729-200938\native\radar-ref\target\aarch64-linux-android\release\deps\libcesu8-e96545ece5ff86b9.rmeta","28158","7/28/2026 7:01:34 PM"
"C:\Users\glenn\Documents\Code Black Telemetry Backups\atlas-production-working-tree-20260729-200938\native\radar-ref\target\aarch64-linux-android\release\deps\libcfg_if-0c3a29b29cd4df60.rlib","9238","7/28/2026 7:01:25 PM"
"C:\Users\glenn\Documents\Code Black Telemetry Backups\atlas-production-working-tree-20260729-200938\native\radar-ref\target\aarch64-linux-android\release\deps\libcfg_if-0c3a29b29cd4df60.rmeta","5496","7/28/2026 7:01:25 PM"
"C:\Users\glenn\Documents\Code Black Telemetry Backups\atlas-production-working-tree-20260729-200938\native\radar-ref\target\aarch64-linux-android\release\deps\libchrono-9890a9d5c399e60b.rlib","2840774","7/28/2026 7:01:35 PM"
"C:\Users\glenn\Documents\Code Black Telemetry Backups\atlas-production-working-tree-20260729-200938\native\radar-ref\target\aarch64-linux-android\release\deps\libchrono-9890a9d5c399e60b.rmeta","2317854","7/28/2026 7:01:31 PM"
"C:\Users\glenn\Documents\Code Black Telemetry Backups\atlas-production-working-tree-20260729-200938\native\radar-ref\target\aarch64-linux-android\release\deps\libcodeblack_radar.so","4077896","7/29/2026 7:53:29 AM"
"C:\Users\glenn\Documents\Code Black Telemetry Backups\atlas-production-working-tree-20260729-200938\native\radar-ref\target\aarch64-linux-android\release\deps\libcodeblack_radar_ref.so","4077896","7/28/2026 7:54:24 PM"
"C:\Users\glenn\Documents\Code Black Telemetry Backups\atlas-production-working-tree-20260729-200938\native\radar-ref\target\aarch64-linux-android\release\deps\libcolor_quant-247ea5eb36c29429.rlib","49616","7/28/2026 7:01:30 PM"
"C:\Users\glenn\Documents\Code Black Telemetry Backups\atlas-production-working-tree-20260729-200938\native\radar-ref\target\aarch64-linux-android\release\deps\libcolor_quant-247ea5eb36c29429.rmeta","22971","7/28/2026 7:01:30 PM"
"C:\Users\glenn\Documents\Code Black Telemetry Backups\atlas-production-working-tree-20260729-200938\native\radar-ref\target\aarch64-linux-android\release\deps\libcombine-d1b1ffc5a321e15f.rlib","6683416","7/28/2026 7:01:41 PM"
"C:\Users\glenn\Documents\Code Black Telemetry Backups\atlas-production-working-tree-20260729-200938\native\radar-ref\target\aarch64-linux-android\release\deps\libcombine-d1b1ffc5a321e15f.rmeta","6666965","7/28/2026 7:01:41 PM"
"C:\Users\glenn\Documents\Code Black Telemetry Backups\atlas-production-working-tree-20260729-200938\native\radar-ref\target\aarch64-linux-android\release\deps\libcpufeatures-7a45595e4484d54f.rlib","19836","7/28/2026 7:01:28 PM"
"C:\Users\glenn\Documents\Code Black Telemetry Backups\atlas-production-working-tree-20260729-200938\native\radar-ref\target\aarch64-linux-android\release\deps\libcpufeatures-7a45595e4484d54f.rmeta","15500","7/28/2026 7:01:28 PM"
"C:\Users\glenn\Documents\Code Black Telemetry Backups\atlas-production-working-tree-20260729-200938\native\radar-ref\target\aarch64-linux-android\release\deps\libcrc32fast-85c1f23f347b0620.rlib","76190","7/28/2026 7:01:26 PM"
"C:\Users\glenn\Documents\Code Black Telemetry Backups\atlas-production-working-tree-20260729-200938\native\radar-ref\target\aarch64-linux-android\release\deps\libcrc32fast-85c1f23f347b0620.rmeta","43001","7/28/2026 7:01:26 PM"
"C:\Users\glenn\Documents\Code Black Telemetry Backups\atlas-production-working-tree-20260729-200938\native\radar-ref\target\aarch64-linux-android\release\deps\libcrossbeam_deque-736e5d42967b0880.rlib","233392","7/28/2026 7:01:28 PM"
"C:\Users\glenn\Documents\Code Black Telemetry Backups\atlas-production-working-tree-20260729-200938\native\radar-ref\target\aarch64-linux-android\release\deps\libcrossbeam_deque-736e5d42967b0880.rmeta","229592","7/28/2026 7:01:28 PM"
"C:\Users\glenn\Documents\Code Black Telemetry Backups\atlas-production-working-tree-20260729-200938\native\radar-ref\target\aarch64-linux-android\release\deps\libcrossbeam_epoch-db36a6d627fc2a94.rlib","419768","7/28/2026 7:01:28 PM"
"C:\Users\glenn\Documents\Code Black Telemetry Backups\atlas-production-working-tree-20260729-200938\native\radar-ref\target\aarch64-linux-android\release\deps\libcrossbeam_epoch-db36a6d627fc2a94.rmeta","367538","7/28/2026 7:01:28 PM"
"C:\Users\glenn\Documents\Code Black Telemetry Backups\atlas-production-working-tree-20260729-200938\native\radar-ref\target\aarch64-linux-android\release\deps\libcrossbeam_utils-6111d23a6345650c.rlib","812560","7/28/2026 7:01:27 PM"
"C:\Users\glenn\Documents\Code Black Telemetry Backups\atlas-production-working-tree-20260729-200938\native\radar-ref\target\aarch64-linux-android\release\deps\libcrossbeam_utils-6111d23a6345650c.rmeta","748194","7/28/2026 7:01:27 PM"
"C:\Users\glenn\Documents\Code Black Telemetry Backups\atlas-production-working-tree-20260729-200938\native\radar-ref\target\aarch64-linux-android\release\deps\libcrypto_common-d73d899107e609f2.rlib","35694","7/28/2026 7:01:28 PM"
"C:\Users\glenn\Documents\Code Black Telemetry Backups\atlas-production-working-tree-20260729-200938\native\radar-ref\target\aarch64-linux-android\release\deps\libcrypto_common-d73d899107e609f2.rmeta","30985","7/28/2026 7:01:28 PM"
"C:\Users\glenn\Documents\Code Black Telemetry Backups\atlas-production-working-tree-20260729-200938\native\radar-ref\target\aarch64-linux-android\release\deps\libdebug_unreachable-ff939bb49ae54b00.rlib","6708","7/28/2026 7:01:28 PM"
"C:\Users\glenn\Documents\Code Black Telemetry Backups\atlas-production-working-tree-20260729-200938\native\radar-ref\target\aarch64-linux-android\release\deps\libdebug_unreachable-ff939bb49ae54b00.rmeta","2894","7/28/2026 7:01:28 PM"
"C:\Users\glenn\Documents\Code Black Telemetry Backups\atlas-production-working-tree-20260729-200938\native\radar-ref\target\aarch64-linux-android\release\deps\libdigest-69b71370ef35e28b.rlib","199104","7/28/2026 7:01:28 PM"
"C:\Users\glenn\Documents\Code Black Telemetry Backups\atlas-production-working-tree-20260729-200938\native\radar-ref\target\aarch64-linux-android\release\deps\libdigest-69b71370ef35e28b.rmeta","193550","7/28/2026 7:01:28 PM"
"C:\Users\glenn\Documents\Code Black Telemetry Backups\atlas-production-working-tree-20260729-200938\native\radar-ref\target\aarch64-linux-android\release\deps\libeither-fd7e6bc596729043.rlib","279502","7/28/2026 7:01:26 PM"
"C:\Users\glenn\Documents\Code Black Telemetry Backups\atlas-production-working-tree-20260729-200938\native\radar-ref\target\aarch64-linux-android\release\deps\libeither-fd7e6bc596729043.rmeta","275753","7/28/2026 7:01:26 PM"
"C:\Users\glenn\Documents\Code Black Telemetry Backups\atlas-production-working-tree-20260729-200938\native\radar-ref\target\aarch64-linux-android\release\deps\libequator-45c4d865befe2b7d.rlib","347816","7/28/2026 7:01:37 PM"
"C:\Users\glenn\Documents\Code Black Telemetry Backups\atlas-production-working-tree-20260729-200938\native\radar-ref\target\aarch64-linux-android\release\deps\libequator-45c4d865befe2b7d.rmeta","337556","7/28/2026 7:01:37 PM"
"C:\Users\glenn\Documents\Code Black Telemetry Backups\atlas-production-working-tree-20260729-200938\native\radar-ref\target\aarch64-linux-android\release\deps\libexr-e0ffd012a50c90a5.rlib","7318256","7/28/2026 7:01:52 PM"
"C:\Users\glenn\Documents\Code Black Telemetry Backups\atlas-production-working-tree-20260729-200938\native\radar-ref\target\aarch64-linux-android\release\deps\libexr-e0ffd012a50c90a5.rmeta","6054105","7/28/2026 7:01:47 PM"
"C:\Users\glenn\Documents\Code Black Telemetry Backups\atlas-production-working-tree-20260729-200938\native\radar-ref\target\aarch64-linux-android\release\deps\libfax-0690087a6e8a4648.rlib","260754","7/28/2026 7:01:30 PM"
"C:\Users\glenn\Documents\Code Black Telemetry Backups\atlas-production-working-tree-20260729-200938\native\radar-ref\target\aarch64-linux-android\release\deps\libfax-0690087a6e8a4648.rmeta","222799","7/28/2026 7:01:30 PM"
"C:\Users\glenn\Documents\Code Black Telemetry Backups\atlas-production-working-tree-20260729-200938\native\radar-ref\target\aarch64-linux-android\release\deps\libfdeflate-07420cff89264dfd.rlib","262008","7/28/2026 7:01:30 PM"
"C:\Users\glenn\Documents\Code Black Telemetry Backups\atlas-production-working-tree-20260729-200938\native\radar-ref\target\aarch64-linux-android\release\deps\libfdeflate-07420cff89264dfd.rmeta","170796","7/28/2026 7:01:29 PM"
"C:\Users\glenn\Documents\Code Black Telemetry Backups\atlas-production-working-tree-20260729-200938\native\radar-ref\target\aarch64-linux-android\release\deps\libflate2-aad0c18a83bcc347.rlib","701616","7/28/2026 7:01:28 PM"
"C:\Users\glenn\Documents\Code Black Telemetry Backups\atlas-production-working-tree-20260729-200938\native\radar-ref\target\aarch64-linux-android\release\deps\libflate2-aad0c18a83bcc347.rmeta","639933","7/28/2026 7:01:28 PM"
"C:\Users\glenn\Documents\Code Black Telemetry Backups\atlas-production-working-tree-20260729-200938\native\radar-ref\target\aarch64-linux-android\release\deps\libgeneric_array-cfb2c08108c87427.rlib","1010320","7/28/2026 7:01:28 PM"
"C:\Users\glenn\Documents\Code Black Telemetry Backups\atlas-production-working-tree-20260729-200938\native\radar-ref\target\aarch64-linux-android\release\deps\libgeneric_array-cfb2c08108c87427.rmeta","1004157","7/28/2026 7:01:28 PM"
"C:\Users\glenn\Documents\Code Black Telemetry Backups\atlas-production-working-tree-20260729-200938\native\radar-ref\target\aarch64-linux-android\release\deps\libgif-02d23634ae9459e3.rlib","749082","7/28/2026 7:01:33 PM"
"C:\Users\glenn\Documents\Code Black Telemetry Backups\atlas-production-working-tree-20260729-200938\native\radar-ref\target\aarch64-linux-android\release\deps\libgif-02d23634ae9459e3.rmeta","458901","7/28/2026 7:01:31 PM"
"C:\Users\glenn\Documents\Code Black Telemetry Backups\atlas-production-working-tree-20260729-200938\native\radar-ref\target\aarch64-linux-android\release\deps\libhalf-8944a158486ef94d.rlib","618992","7/28/2026 7:01:43 PM"
"C:\Users\glenn\Documents\Code Black Telemetry Backups\atlas-production-working-tree-20260729-200938\native\radar-ref\target\aarch64-linux-android\release\deps\libhalf-8944a158486ef94d.rmeta","589643","7/28/2026 7:01:43 PM"
"C:\Users\glenn\Documents\Code Black Telemetry Backups\atlas-production-working-tree-20260729-200938\native\radar-ref\target\aarch64-linux-android\release\deps\libhex-0b1ef3c121f76269.rlib","432986","7/28/2026 7:01:28 PM"
"C:\Users\glenn\Documents\Code Black Telemetry Backups\atlas-production-working-tree-20260729-200938\native\radar-ref\target\aarch64-linux-android\release\deps\libhex-0b1ef3c121f76269.rmeta","426499","7/28/2026 7:01:28 PM"
"C:\Users\glenn\Documents\Code Black Telemetry Backups\atlas-production-working-tree-20260729-200938\native\radar-ref\target\aarch64-linux-android\release\deps\libiana_time_zone-2e2b8ea277325787.rlib","24388","7/28/2026 7:01:28 PM"
"C:\Users\glenn\Documents\Code Black Telemetry Backups\atlas-production-working-tree-20260729-200938\native\radar-ref\target\aarch64-linux-android\release\deps\libiana_time_zone-2e2b8ea277325787.rmeta","13355","7/28/2026 7:01:28 PM"
"C:\Users\glenn\Documents\Code Black Telemetry Backups\atlas-production-working-tree-20260729-200938\native\radar-ref\target\aarch64-linux-android\release\deps\libimage-b9c26c2347c10a59.rlib","11091180","7/28/2026 7:02:18 PM"
"C:\Users\glenn\Documents\Code Black Telemetry Backups\atlas-production-working-tree-20260729-200938\native\radar-ref\target\aarch64-linux-android\release\deps\libimage-b9c26c2347c10a59.rmeta","4946362","7/28/2026 7:01:53 PM"
"C:\Users\glenn\Documents\Code Black Telemetry Backups\atlas-production-working-tree-20260729-200938\native\radar-ref\target\aarch64-linux-android\release\deps\libimage_webp-35291abdbf367197.rlib","1492118","7/28/2026 7:01:35 PM"
"C:\Users\glenn\Documents\Code Black Telemetry Backups\atlas-production-working-tree-20260729-200938\native\radar-ref\target\aarch64-linux-android\release\deps\libimage_webp-35291abdbf367197.rmeta","1226912","7/28/2026 7:01:33 PM"
"C:\Users\glenn\Documents\Code Black Telemetry Backups\atlas-production-working-tree-20260729-200938\native\radar-ref\target\aarch64-linux-android\release\deps\libimgref-77e56694befade47.rlib","245534","7/28/2026 7:01:29 PM"
"C:\Users\glenn\Documents\Code Black Telemetry Backups\atlas-production-working-tree-20260729-200938\native\radar-ref\target\aarch64-linux-android\release\deps\libimgref-77e56694befade47.rmeta","238893","7/28/2026 7:01:29 PM"
"C:\Users\glenn\Documents\Code Black Telemetry Backups\atlas-production-working-tree-20260729-200938\native\radar-ref\target\aarch64-linux-android\release\deps\libitertools-2786d5a61a756103.rlib","3143006","7/28/2026 7:01:31 PM"
"C:\Users\glenn\Documents\Code Black Telemetry Backups\atlas-production-working-tree-20260729-200938\native\radar-ref\target\aarch64-linux-android\release\deps\libitertools-2786d5a61a756103.rmeta","3128478","7/28/2026 7:01:30 PM"
"C:\Users\glenn\Documents\Code Black Telemetry Backups\atlas-production-working-tree-20260729-200938\native\radar-ref\target\aarch64-linux-android\release\deps\libitoa-c7c8b88dc6f6edfb.rlib","89238","7/28/2026 7:01:35 PM"
"C:\Users\glenn\Documents\Code Black Telemetry Backups\atlas-production-working-tree-20260729-200938\native\radar-ref\target\aarch64-linux-android\release\deps\libitoa-c7c8b88dc6f6edfb.rmeta","77991","7/28/2026 7:01:35 PM"
"C:\Users\glenn\Documents\Code Black Telemetry Backups\atlas-production-working-tree-20260729-200938\native\radar-ref\target\aarch64-linux-android\release\deps\libjni-29f0844a0c7cd72e.rlib","4059804","7/28/2026 7:01:45 PM"
"C:\Users\glenn\Documents\Code Black Telemetry Backups\atlas-production-working-tree-20260729-200938\native\radar-ref\target\aarch64-linux-android\release\deps\libjni-29f0844a0c7cd72e.rmeta","3418808","7/28/2026 7:01:43 PM"
"C:\Users\glenn\Documents\Code Black Telemetry Backups\atlas-production-working-tree-20260729-200938\native\radar-ref\target\aarch64-linux-android\release\deps\libjni_sys-0d0bc73a900ee673.rlib","65056","7/28/2026 7:01:37 PM"
"C:\Users\glenn\Documents\Code Black Telemetry Backups\atlas-production-working-tree-20260729-200938\native\radar-ref\target\aarch64-linux-android\release\deps\libjni_sys-0d0bc73a900ee673.rmeta","61299","7/28/2026 7:01:37 PM"
"C:\Users\glenn\Documents\Code Black Telemetry Backups\atlas-production-working-tree-20260729-200938\native\radar-ref\target\aarch64-linux-android\release\deps\libjni_sys-1ce0f96558917054.rlib","383032","7/28/2026 7:01:37 PM"
"C:\Users\glenn\Documents\Code Black Telemetry Backups\atlas-production-working-tree-20260729-200938\native\radar-ref\target\aarch64-linux-android\release\deps\libjni_sys-1ce0f96558917054.rmeta","370594","7/28/2026 7:01:37 PM"
"C:\Users\glenn\Documents\Code Black Telemetry Backups\atlas-production-working-tree-20260729-200938\native\radar-ref\target\aarch64-linux-android\release\deps\liblebe-63535a6b11eab433.rlib","277122","7/28/2026 7:01:31 PM"
"C:\Users\glenn\Documents\Code Black Telemetry Backups\atlas-production-working-tree-20260729-200938\native\radar-ref\target\aarch64-linux-android\release\deps\liblebe-63535a6b11eab433.rmeta","273385","7/28/2026 7:01:30 PM"
"C:\Users\glenn\Documents\Code Black Telemetry Backups\atlas-production-working-tree-20260729-200938\native\radar-ref\target\aarch64-linux-android\release\deps\liblibbz2_rs_sys-2bb44f8decd10f78.rlib","499852","7/28/2026 7:01:35 PM"
"C:\Users\glenn\Documents\Code Black Telemetry Backups\atlas-production-working-tree-20260729-200938\native\radar-ref\target\aarch64-linux-android\release\deps\liblibbz2_rs_sys-2bb44f8decd10f78.rmeta","307630","7/28/2026 7:01:32 PM"
"C:\Users\glenn\Documents\Code Black Telemetry Backups\atlas-production-working-tree-20260729-200938\native\radar-ref\target\aarch64-linux-android\release\deps\liblibc-02f1cfe76b96f795.rlib","2477472","7/28/2026 7:01:27 PM"
"C:\Users\glenn\Documents\Code Black Telemetry Backups\atlas-production-working-tree-20260729-200938\native\radar-ref\target\aarch64-linux-android\release\deps\liblibc-02f1cfe76b96f795.rmeta","2471242","7/28/2026 7:01:27 PM"
"C:\Users\glenn\Documents\Code Black Telemetry Backups\atlas-production-working-tree-20260729-200938\native\radar-ref\target\aarch64-linux-android\release\deps\liblibm-ed6a3ac9b7b18545.rlib","1470086","7/28/2026 7:01:30 PM"
"C:\Users\glenn\Documents\Code Black Telemetry Backups\atlas-production-working-tree-20260729-200938\native\radar-ref\target\aarch64-linux-android\release\deps\liblibm-ed6a3ac9b7b18545.rmeta","1338529","7/28/2026 7:01:29 PM"
"C:\Users\glenn\Documents\Code Black Telemetry Backups\atlas-production-working-tree-20260729-200938\native\radar-ref\target\aarch64-linux-android\release\deps\liblog-1b0e1834806ec796.rlib","224380","7/28/2026 7:01:26 PM"
"C:\Users\glenn\Documents\Code Black Telemetry Backups\atlas-production-working-tree-20260729-200938\native\radar-ref\target\aarch64-linux-android\release\deps\liblog-1b0e1834806ec796.rmeta","207263","7/28/2026 7:01:25 PM"
"C:\Users\glenn\Documents\Code Black Telemetry Backups\atlas-production-working-tree-20260729-200938\native\radar-ref\target\aarch64-linux-android\release\deps\libloop9-18939fabec6cc2fc.rlib","28916","7/28/2026 7:01:29 PM"
"C:\Users\glenn\Documents\Code Black Telemetry Backups\atlas-production-working-tree-20260729-200938\native\radar-ref\target\aarch64-linux-android\release\deps\libloop9-18939fabec6cc2fc.rmeta","25173","7/28/2026 7:01:29 PM"
"C:\Users\glenn\Documents\Code Black Telemetry Backups\atlas-production-working-tree-20260729-200938\native\radar-ref\target\aarch64-linux-android\release\deps\libm-ed6a3ac9b7b18545.d","56429","7/28/2026 7:01:27 PM"
"C:\Users\glenn\Documents\Code Black Telemetry Backups\atlas-production-working-tree-20260729-200938\native\radar-ref\target\aarch64-linux-android\release\deps\libmaybe_rayon-6ccbaed6bc9b510a.rlib","8012","7/28/2026 7:01:35 PM"
"C:\Users\glenn\Documents\Code Black Telemetry Backups\atlas-production-working-tree-20260729-200938\native\radar-ref\target\aarch64-linux-android\release\deps\libmaybe_rayon-6ccbaed6bc9b510a.rmeta","4236","7/28/2026 7:01:35 PM"
"C:\Users\glenn\Documents\Code Black Telemetry Backups\atlas-production-working-tree-20260729-200938\native\radar-ref\target\aarch64-linux-android\release\deps\libmemchr-8a495a870d4cce03.rlib","1241168","7/28/2026 7:01:26 PM"
"C:\Users\glenn\Documents\Code Black Telemetry Backups\atlas-production-working-tree-20260729-200938\native\radar-ref\target\aarch64-linux-android\release\deps\libmemchr-8a495a870d4cce03.rmeta","1196697","7/28/2026 7:01:26 PM"
"C:\Users\glenn\Documents\Code Black Telemetry Backups\atlas-production-working-tree-20260729-200938\native\radar-ref\target\aarch64-linux-android\release\deps\libminiz_oxide-dc19ddfe86a02b39.rlib","563472","7/28/2026 7:01:28 PM"
"C:\Users\glenn\Documents\Code Black Telemetry Backups\atlas-production-working-tree-20260729-200938\native\radar-ref\target\aarch64-linux-android\release\deps\libminiz_oxide-dc19ddfe86a02b39.rmeta","393789","7/28/2026 7:01:27 PM"
"C:\Users\glenn\Documents\Code Black Telemetry Backups\atlas-production-working-tree-20260729-200938\native\radar-ref\target\aarch64-linux-android\release\deps\libmoxcms-8accce1d38f7c490.rlib","8050696","7/28/2026 7:01:50 PM"
"C:\Users\glenn\Documents\Code Black Telemetry Backups\atlas-production-working-tree-20260729-200938\native\radar-ref\target\aarch64-linux-android\release\deps\libmoxcms-8accce1d38f7c490.rmeta","5376462","7/28/2026 7:01:41 PM"
"C:\Users\glenn\Documents\Code Black Telemetry Backups\atlas-production-working-tree-20260729-200938\native\radar-ref\target\aarch64-linux-android\release\deps\libnexrad_data-c63116597aa0d195.rlib","332158","7/28/2026 7:02:02 PM"
"C:\Users\glenn\Documents\Code Black Telemetry Backups\atlas-production-working-tree-20260729-200938\native\radar-ref\target\aarch64-linux-android\release\deps\libnexrad_data-c63116597aa0d195.rmeta","144509","7/28/2026 7:02:01 PM"
"C:\Users\glenn\Documents\Code Black Telemetry Backups\atlas-production-working-tree-20260729-200938\native\radar-ref\target\aarch64-linux-android\release\deps\libnexrad_decode-684d2e37958ce78f.rlib","7137398","7/28/2026 7:02:03 PM"
"C:\Users\glenn\Documents\Code Black Telemetry Backups\atlas-production-working-tree-20260729-200938\native\radar-ref\target\aarch64-linux-android\release\deps\libnexrad_decode-684d2e37958ce78f.rmeta","6451243","7/28/2026 7:02:01 PM"
"C:\Users\glenn\Documents\Code Black Telemetry Backups\atlas-production-working-tree-20260729-200938\native\radar-ref\target\aarch64-linux-android\release\deps\libnexrad_model-060dafa698904a76.rlib","845366","7/28/2026 7:01:37 PM"
"C:\Users\glenn\Documents\Code Black Telemetry Backups\atlas-production-working-tree-20260729-200938\native\radar-ref\target\aarch64-linux-android\release\deps\libnexrad_model-060dafa698904a76.rmeta","522995","7/28/2026 7:01:36 PM"
"C:\Users\glenn\Documents\Code Black Telemetry Backups\atlas-production-working-tree-20260729-200938\native\radar-ref\target\aarch64-linux-android\release\deps\libnexrad_render-2f8e4a909009bd4e.rlib","308140","7/28/2026 7:01:53 PM"
"C:\Users\glenn\Documents\Code Black Telemetry Backups\atlas-production-working-tree-20260729-200938\native\radar-ref\target\aarch64-linux-android\release\deps\libnexrad_render-2f8e4a909009bd4e.rmeta","144757","7/28/2026 7:01:53 PM"
"C:\Users\glenn\Documents\Code Black Telemetry Backups\atlas-production-working-tree-20260729-200938\native\radar-ref\target\aarch64-linux-android\release\deps\libnom-b469582f91de9a70.rlib","4834326","7/28/2026 7:01:34 PM"
"C:\Users\glenn\Documents\Code Black Telemetry Backups\atlas-production-working-tree-20260729-200938\native\radar-ref\target\aarch64-linux-android\release\deps\libnom-b469582f91de9a70.rmeta","4775306","7/28/2026 7:01:33 PM"
"C:\Users\glenn\Documents\Code Black Telemetry Backups\atlas-production-working-tree-20260729-200938\native\radar-ref\target\aarch64-linux-android\release\deps\libno_std_io2-67c42f510e27d859.rlib","6202","7/28/2026 7:01:27 PM"
"C:\Users\glenn\Documents\Code Black Telemetry Backups\atlas-production-working-tree-20260729-200938\native\radar-ref\target\aarch64-linux-android\release\deps\libno_std_io2-67c42f510e27d859.rmeta","2429","7/28/2026 7:01:27 PM"
"C:\Users\glenn\Documents\Code Black Telemetry Backups\atlas-production-working-tree-20260729-200938\native\radar-ref\target\aarch64-linux-android\release\deps\libnum_bigint-7fae0b7bc5a8b8d7.rlib","3165940","7/28/2026 7:01:35 PM"
"C:\Users\glenn\Documents\Code Black Telemetry Backups\atlas-production-working-tree-20260729-200938\native\radar-ref\target\aarch64-linux-android\release\deps\libnum_bigint-7fae0b7bc5a8b8d7.rmeta","2767864","7/28/2026 7:01:32 PM"
"C:\Users\glenn\Documents\Code Black Telemetry Backups\atlas-production-working-tree-20260729-200938\native\radar-ref\target\aarch64-linux-android\release\deps\libnum_complex-3266590f27489b63.rlib","837842","7/28/2026 7:01:30 PM"
"C:\Users\glenn\Documents\Code Black Telemetry Backups\atlas-production-working-tree-20260729-200938\native\radar-ref\target\aarch64-linux-android\release\deps\libnum_complex-3266590f27489b63.rmeta","816139","7/28/2026 7:01:30 PM"
"C:\Users\glenn\Documents\Code Black Telemetry Backups\atlas-production-working-tree-20260729-200938\native\radar-ref\target\aarch64-linux-android\release\deps\libnum_integer-fcf602c48282cf6f.rlib","364582","7/28/2026 7:01:29 PM"
"C:\Users\glenn\Documents\Code Black Telemetry Backups\atlas-production-working-tree-20260729-200938\native\radar-ref\target\aarch64-linux-android\release\deps\libnum_integer-fcf602c48282cf6f.rmeta","338507","7/28/2026 7:01:29 PM"
"C:\Users\glenn\Documents\Code Black Telemetry Backups\atlas-production-working-tree-20260729-200938\native\radar-ref\target\aarch64-linux-android\release\deps\libnum_rational-44354bc51e5bd481.rlib","627884","7/28/2026 7:01:35 PM"
"C:\Users\glenn\Documents\Code Black Telemetry Backups\atlas-production-working-tree-20260729-200938\native\radar-ref\target\aarch64-linux-android\release\deps\libnum_rational-44354bc51e5bd481.rmeta","512317","7/28/2026 7:01:33 PM"
"C:\Users\glenn\Documents\Code Black Telemetry Backups\atlas-production-working-tree-20260729-200938\native\radar-ref\target\aarch64-linux-android\release\deps\libnum_traits-f9f32b858598ff9f.rlib","1953080","7/28/2026 7:01:28 PM"
"C:\Users\glenn\Documents\Code Black Telemetry Backups\atlas-production-working-tree-20260729-200938\native\radar-ref\target\aarch64-linux-android\release\deps\libnum_traits-f9f32b858598ff9f.rmeta","1931495","7/28/2026 7:01:28 PM"
"C:\Users\glenn\Documents\Code Black Telemetry Backups\atlas-production-working-tree-20260729-200938\native\radar-ref\target\aarch64-linux-android\release\deps\libpng-24112e0a317923f6.rlib","1546282","7/28/2026 7:01:35 PM"
"C:\Users\glenn\Documents\Code Black Telemetry Backups\atlas-production-working-tree-20260729-200938\native\radar-ref\target\aarch64-linux-android\release\deps\libpng-24112e0a317923f6.rmeta","1246514","7/28/2026 7:01:33 PM"
"C:\Users\glenn\Documents\Code Black Telemetry Backups\atlas-production-working-tree-20260729-200938\native\radar-ref\target\aarch64-linux-android\release\deps\libprofiling-ce0af2457f5ca07d.rlib","11080","7/28/2026 7:01:36 PM"
"C:\Users\glenn\Documents\Code Black Telemetry Backups\atlas-production-working-tree-20260729-200938\native\radar-ref\target\aarch64-linux-android\release\deps\libprofiling-ce0af2457f5ca07d.rmeta","7306","7/28/2026 7:01:36 PM"
"C:\Users\glenn\Documents\Code Black Telemetry Backups\atlas-production-working-tree-20260729-200938\native\radar-ref\target\aarch64-linux-android\release\deps\libpulp-b612dca2c4d37ecd.rlib","9231922","7/28/2026 7:01:40 PM"
"C:\Users\glenn\Documents\Code Black Telemetry Backups\atlas-production-working-tree-20260729-200938\native\radar-ref\target\aarch64-linux-android\release\deps\libpulp-b612dca2c4d37ecd.rmeta","9206461","7/28/2026 7:01:39 PM"
"C:\Users\glenn\Documents\Code Black Telemetry Backups\atlas-production-working-tree-20260729-200938\native\radar-ref\target\aarch64-linux-android\release\deps\libpulp_wasm_simd_flag-89c3c67d2854c5e3.rlib","5280","7/28/2026 7:01:28 PM"
"C:\Users\glenn\Documents\Code Black Telemetry Backups\atlas-production-working-tree-20260729-200938\native\radar-ref\target\aarch64-linux-android\release\deps\libpulp_wasm_simd_flag-89c3c67d2854c5e3.rmeta","1450","7/28/2026 7:01:28 PM"
"C:\Users\glenn\Documents\Code Black Telemetry Backups\atlas-production-working-tree-20260729-200938\native\radar-ref\target\aarch64-linux-android\release\deps\libpxfm-a6c127143c777fec.rlib","3571110","7/28/2026 7:01:39 PM"
"C:\Users\glenn\Documents\Code Black Telemetry Backups\atlas-production-working-tree-20260729-200938\native\radar-ref\target\aarch64-linux-android\release\deps\libpxfm-a6c127143c777fec.rmeta","2491729","7/28/2026 7:01:35 PM"
"C:\Users\glenn\Documents\Code Black Telemetry Backups\atlas-production-working-tree-20260729-200938\native\radar-ref\target\aarch64-linux-android\release\deps\libqoi-8bab91ba37b02dff.rlib","272724","7/28/2026 7:01:31 PM"
"C:\Users\glenn\Documents\Code Black Telemetry Backups\atlas-production-working-tree-20260729-200938\native\radar-ref\target\aarch64-linux-android\release\deps\libqoi-8bab91ba37b02dff.rmeta","259307","7/28/2026 7:01:31 PM"
"C:\Users\glenn\Documents\Code Black Telemetry Backups\atlas-production-working-tree-20260729-200938\native\radar-ref\target\aarch64-linux-android\release\deps\libquick_error-4727bd6313b1a6ff.rlib","85648","7/28/2026 7:01:27 PM"
"C:\Users\glenn\Documents\Code Black Telemetry Backups\atlas-production-working-tree-20260729-200938\native\radar-ref\target\aarch64-linux-android\release\deps\libquick_error-4727bd6313b1a6ff.rmeta","81872","7/28/2026 7:01:27 PM"
"C:\Users\glenn\Documents\Code Black Telemetry Backups\atlas-production-working-tree-20260729-200938\native\radar-ref\target\aarch64-linux-android\release\deps\librav1e-adb6df3760c755a4.rlib","7455670","7/28/2026 7:01:46 PM"
"C:\Users\glenn\Documents\Code Black Telemetry Backups\atlas-production-working-tree-20260729-200938\native\radar-ref\target\aarch64-linux-android\release\deps\librav1e-adb6df3760c755a4.rmeta","6732763","7/28/2026 7:01:44 PM"
"C:\Users\glenn\Documents\Code Black Telemetry Backups\atlas-production-working-tree-20260729-200938\native\radar-ref\target\aarch64-linux-android\release\deps\libravif-ac93a02a8cbca783.rlib","5024082","7/28/2026 7:02:10 PM"
"C:\Users\glenn\Documents\Code Black Telemetry Backups\atlas-production-working-tree-20260729-200938\native\radar-ref\target\aarch64-linux-android\release\deps\libravif-ac93a02a8cbca783.rmeta","174045","7/28/2026 7:01:45 PM"
"C:\Users\glenn\Documents\Code Black Telemetry Backups\atlas-production-working-tree-20260729-200938\native\radar-ref\target\aarch64-linux-android\release\deps\librayon-4b60cac08a310f94.rlib","4517400","7/28/2026 7:01:35 PM"
"C:\Users\glenn\Documents\Code Black Telemetry Backups\atlas-production-working-tree-20260729-200938\native\radar-ref\target\aarch64-linux-android\release\deps\librayon-4b60cac08a310f94.rmeta","4468165","7/28/2026 7:01:35 PM"
"C:\Users\glenn\Documents\Code Black Telemetry Backups\atlas-production-working-tree-20260729-200938\native\radar-ref\target\aarch64-linux-android\release\deps\librayon_core-0393dcc5d8855b9b.rlib","802904","7/28/2026 7:01:30 PM"
"C:\Users\glenn\Documents\Code Black Telemetry Backups\atlas-production-working-tree-20260729-200938\native\radar-ref\target\aarch64-linux-android\release\deps\librayon_core-0393dcc5d8855b9b.rmeta","555558","7/28/2026 7:01:29 PM"
"C:\Users\glenn\Documents\Code Black Telemetry Backups\atlas-production-working-tree-20260729-200938\native\radar-ref\target\aarch64-linux-android\release\deps\libreborrow-16e6fed85b3efef7.rlib","25106","7/28/2026 7:01:28 PM"
"C:\Users\glenn\Documents\Code Black Telemetry Backups\atlas-production-working-tree-20260729-200938\native\radar-ref\target\aarch64-linux-android\release\deps\libreborrow-16e6fed85b3efef7.rmeta","21348","7/28/2026 7:01:28 PM"
"C:\Users\glenn\Documents\Code Black Telemetry Backups\atlas-production-working-tree-20260729-200938\native\radar-ref\target\aarch64-linux-android\release\deps\librgb-115244e7c43f319c.rlib","721304","7/28/2026 7:01:31 PM"
"C:\Users\glenn\Documents\Code Black Telemetry Backups\atlas-production-working-tree-20260729-200938\native\radar-ref\target\aarch64-linux-android\release\deps\librgb-115244e7c43f319c.rmeta","717579","7/28/2026 7:01:31 PM"
"C:\Users\glenn\Documents\Code Black Telemetry Backups\atlas-production-working-tree-20260729-200938\native\radar-ref\target\aarch64-linux-android\release\deps\libserde-1eaf23146480bbe3.rlib","997044","7/28/2026 7:01:39 PM"
"C:\Users\glenn\Documents\Code Black Telemetry Backups\atlas-production-working-tree-20260729-200938\native\radar-ref\target\aarch64-linux-android\release\deps\libserde-1eaf23146480bbe3.rmeta","964740","7/28/2026 7:01:39 PM"
"C:\Users\glenn\Documents\Code Black Telemetry Backups\atlas-production-working-tree-20260729-200938\native\radar-ref\target\aarch64-linux-android\release\deps\libserde_core-a04d82c174d034cd.rlib","5437274","7/28/2026 7:01:36 PM"
"C:\Users\glenn\Documents\Code Black Telemetry Backups\atlas-production-working-tree-20260729-200938\native\radar-ref\target\aarch64-linux-android\release\deps\libserde_core-a04d82c174d034cd.rmeta","5369003","7/28/2026 7:01:36 PM"
"C:\Users\glenn\Documents\Code Black Telemetry Backups\atlas-production-working-tree-20260729-200938\native\radar-ref\target\aarch64-linux-android\release\deps\libserde_json-5f97d9a871b075b5.rlib","2041836","7/28/2026 7:01:39 PM"
"C:\Users\glenn\Documents\Code Black Telemetry Backups\atlas-production-working-tree-20260729-200938\native\radar-ref\target\aarch64-linux-android\release\deps\libserde_json-5f97d9a871b075b5.rmeta","1707939","7/28/2026 7:01:38 PM"
"C:\Users\glenn\Documents\Code Black Telemetry Backups\atlas-production-working-tree-20260729-200938\native\radar-ref\target\aarch64-linux-android\release\deps\libsha2-ec0c29be62054b51.rlib","180346","7/28/2026 7:01:30 PM"
"C:\Users\glenn\Documents\Code Black Telemetry Backups\atlas-production-working-tree-20260729-200938\native\radar-ref\target\aarch64-linux-android\release\deps\libsha2-ec0c29be62054b51.rmeta","142999","7/28/2026 7:01:29 PM"
"C:\Users\glenn\Documents\Code Black Telemetry Backups\atlas-production-working-tree-20260729-200938\native\radar-ref\target\aarch64-linux-android\release\deps\libsimd_adler32-693d7d24244db034.rlib","422084","7/28/2026 7:01:25 PM"
"C:\Users\glenn\Documents\Code Black Telemetry Backups\atlas-production-working-tree-20260729-200938\native\radar-ref\target\aarch64-linux-android\release\deps\libsimd_adler32-693d7d24244db034.rmeta","407932","7/28/2026 7:01:25 PM"
"C:\Users\glenn\Documents\Code Black Telemetry Backups\atlas-production-working-tree-20260729-200938\native\radar-ref\target\aarch64-linux-android\release\deps\libsmallvec-1ca3a720d7894594.rlib","320730","7/28/2026 7:01:31 PM"
"C:\Users\glenn\Documents\Code Black Telemetry Backups\atlas-production-working-tree-20260729-200938\native\radar-ref\target\aarch64-linux-android\release\deps\libsmallvec-1ca3a720d7894594.rmeta","311391","7/28/2026 7:01:31 PM"
"C:\Users\glenn\Documents\Code Black Telemetry Backups\atlas-production-working-tree-20260729-200938\native\radar-ref\target\aarch64-linux-android\release\deps\libstable_deref_trait-bfe25a773b8c21b3.rlib","14106","7/28/2026 7:01:26 PM"
"C:\Users\glenn\Documents\Code Black Telemetry Backups\atlas-production-working-tree-20260729-200938\native\radar-ref\target\aarch64-linux-android\release\deps\libstable_deref_trait-bfe25a773b8c21b3.rmeta","10284","7/28/2026 7:01:26 PM"
"C:\Users\glenn\Documents\Code Black Telemetry Backups\atlas-production-working-tree-20260729-200938\native\radar-ref\target\aarch64-linux-android\release\deps\libthiserror-80ded2bc6ea1cbd3.rlib","36424","7/28/2026 7:01:35 PM"
"C:\Users\glenn\Documents\Code Black Telemetry Backups\atlas-production-working-tree-20260729-200938\native\radar-ref\target\aarch64-linux-android\release\deps\libthiserror-80ded2bc6ea1cbd3.rmeta","32651","7/28/2026 7:01:35 PM"
"C:\Users\glenn\Documents\Code Black Telemetry Backups\atlas-production-working-tree-20260729-200938\native\radar-ref\target\aarch64-linux-android\release\deps\libthiserror-ded8bd96f10ab565.rlib","30804","7/28/2026 7:01:37 PM"
"C:\Users\glenn\Documents\Code Black Telemetry Backups\atlas-production-working-tree-20260729-200938\native\radar-ref\target\aarch64-linux-android\release\deps\libthiserror-ded8bd96f10ab565.rmeta","27033","7/28/2026 7:01:37 PM"
"C:\Users\glenn\Documents\Code Black Telemetry Backups\atlas-production-working-tree-20260729-200938\native\radar-ref\target\aarch64-linux-android\release\deps\libtiff-139c553bf021631a.rlib","2543690","7/28/2026 7:01:46 PM"
"C:\Users\glenn\Documents\Code Black Telemetry Backups\atlas-production-working-tree-20260729-200938\native\radar-ref\target\aarch64-linux-android\release\deps\libtiff-139c553bf021631a.rmeta","2032329","7/28/2026 7:01:45 PM"
"C:\Users\glenn\Documents\Code Black Telemetry Backups\atlas-production-working-tree-20260729-200938\native\radar-ref\target\aarch64-linux-android\release\deps\libtypenum-4fba8fb9a3982725.rlib","2783144","7/28/2026 7:01:26 PM"
"C:\Users\glenn\Documents\Code Black Telemetry Backups\atlas-production-working-tree-20260729-200938\native\radar-ref\target\aarch64-linux-android\release\deps\libtypenum-4fba8fb9a3982725.rmeta","2777386","7/28/2026 7:01:26 PM"
"C:\Users\glenn\Documents\Code Black Telemetry Backups\atlas-production-working-tree-20260729-200938\native\radar-ref\target\aarch64-linux-android\release\deps\libuom-ff16aa520f4a648d.rlib","51205758","7/28/2026 7:01:57 PM"
"C:\Users\glenn\Documents\Code Black Telemetry Backups\atlas-production-working-tree-20260729-200938\native\radar-ref\target\aarch64-linux-android\release\deps\libuom-ff16aa520f4a648d.rmeta","50700355","7/28/2026 7:01:56 PM"
"C:\Users\glenn\Documents\Code Black Telemetry Backups\atlas-production-working-tree-20260729-200938\native\radar-ref\target\aarch64-linux-android\release\deps\libv_frame-fdbd6788320405bf.rlib","252232","7/28/2026 7:01:38 PM"
"C:\Users\glenn\Documents\Code Black Telemetry Backups\atlas-production-working-tree-20260729-200938\native\radar-ref\target\aarch64-linux-android\release\deps\libv_frame-fdbd6788320405bf.rmeta","246266","7/28/2026 7:01:38 PM"
"C:\Users\glenn\Documents\Code Black Telemetry Backups\atlas-production-working-tree-20260729-200938\native\radar-ref\target\aarch64-linux-android\release\deps\libweezl-1b72445162e8f2b8.rlib","425860","7/28/2026 7:01:30 PM"
"C:\Users\glenn\Documents\Code Black Telemetry Backups\atlas-production-working-tree-20260729-200938\native\radar-ref\target\aarch64-linux-android\release\deps\libweezl-1b72445162e8f2b8.rmeta","278532","7/28/2026 7:01:29 PM"
"C:\Users\glenn\Documents\Code Black Telemetry Backups\atlas-production-working-tree-20260729-200938\native\radar-ref\target\aarch64-linux-android\release\deps\liby4m-a145d372fca4b118.rlib","155516","7/28/2026 7:01:27 PM"
"C:\Users\glenn\Documents\Code Black Telemetry Backups\atlas-production-working-tree-20260729-200938\native\radar-ref\target\aarch64-linux-android\release\deps\liby4m-a145d372fca4b118.rmeta","132594","7/28/2026 7:01:27 PM"
"C:\Users\glenn\Documents\Code Black Telemetry Backups\atlas-production-working-tree-20260729-200938\native\radar-ref\target\aarch64-linux-android\release\deps\libzerocopy-7d439a6f76cb3446.rlib","15485774","7/28/2026 7:01:43 PM"
"C:\Users\glenn\Documents\Code Black Telemetry Backups\atlas-production-working-tree-20260729-200938\native\radar-ref\target\aarch64-linux-android\release\deps\libzerocopy-7d439a6f76cb3446.rmeta","15482022","7/28/2026 7:01:43 PM"
"C:\Users\glenn\Documents\Code Black Telemetry Backups\atlas-production-working-tree-20260729-200938\native\radar-ref\target\aarch64-linux-android\release\deps\libzmij-d06b0b87cb18bca8.rlib","181518","7/28/2026 7:01:33 PM"
"C:\Users\glenn\Documents\Code Black Telemetry Backups\atlas-production-working-tree-20260729-200938\native\radar-ref\target\aarch64-linux-android\release\deps\libzmij-d06b0b87cb18bca8.rmeta","149672","7/28/2026 7:01:32 PM"
"C:\Users\glenn\Documents\Code Black Telemetry Backups\atlas-production-working-tree-20260729-200938\native\radar-ref\target\aarch64-linux-android\release\deps\libzune_core-2e5f437bcd7b1de8.rlib","374068","7/28/2026 7:01:29 PM"
"C:\Users\glenn\Documents\Code Black Telemetry Backups\atlas-production-working-tree-20260729-200938\native\radar-ref\target\aarch64-linux-android\release\deps\libzune_core-2e5f437bcd7b1de8.rmeta","359032","7/28/2026 7:01:29 PM"
"C:\Users\glenn\Documents\Code Black Telemetry Backups\atlas-production-working-tree-20260729-200938\native\radar-ref\target\aarch64-linux-android\release\deps\libzune_inflate-e6b82a8c70bc38dc.rlib","145136","7/28/2026 7:01:29 PM"
"C:\Users\glenn\Documents\Code Black Telemetry Backups\atlas-production-working-tree-20260729-200938\native\radar-ref\target\aarch64-linux-android\release\deps\libzune_inflate-e6b82a8c70bc38dc.rmeta","89596","7/28/2026 7:01:29 PM"
"C:\Users\glenn\Documents\Code Black Telemetry Backups\atlas-production-working-tree-20260729-200938\native\radar-ref\target\aarch64-linux-android\release\deps\libzune_jpeg-702f0e76f776824d.rlib","2276940","7/28/2026 7:01:31 PM"
"C:\Users\glenn\Documents\Code Black Telemetry Backups\atlas-production-working-tree-20260729-200938\native\radar-ref\target\aarch64-linux-android\release\deps\libzune_jpeg-702f0e76f776824d.rmeta","2185265","7/28/2026 7:01:30 PM"
"C:\Users\glenn\Documents\Code Black Telemetry Backups\atlas-production-working-tree-20260729-200938\native\radar-ref\target\aarch64-linux-android\release\deps\log-1b0e1834806ec796.d","1907","7/28/2026 7:01:25 PM"
"C:\Users\glenn\Documents\Code Black Telemetry Backups\atlas-production-working-tree-20260729-200938\native\radar-ref\target\aarch64-linux-android\release\deps\loop9-18939fabec6cc2fc.d","774","7/28/2026 7:01:29 PM"
"C:\Users\glenn\Documents\Code Black Telemetry Backups\atlas-production-working-tree-20260729-200938\native\radar-ref\target\aarch64-linux-android\release\deps\maybe_rayon-6ccbaed6bc9b510a.d","816","7/28/2026 7:01:35 PM"
"C:\Users\glenn\Documents\Code Black Telemetry Backups\atlas-production-working-tree-20260729-200938\native\radar-ref\target\aarch64-linux-android\release\deps\memchr-8a495a870d4cce03.d","10408","7/28/2026 7:01:25 PM"
"C:\Users\glenn\Documents\Code Black Telemetry Backups\atlas-production-working-tree-20260729-200938\native\radar-ref\target\aarch64-linux-android\release\deps\miniz_oxide-dc19ddfe86a02b39.d","5527","7/28/2026 7:01:26 PM"
"C:\Users\glenn\Documents\Code Black Telemetry Backups\atlas-production-working-tree-20260729-200938\native\radar-ref\target\aarch64-linux-android\release\deps\moxcms-8accce1d38f7c490.d","30901","7/28/2026 7:01:35 PM"
"C:\Users\glenn\Documents\Code Black Telemetry Backups\atlas-production-working-tree-20260729-200938\native\radar-ref\target\aarch64-linux-android\release\deps\nexrad_data-c63116597aa0d195.d","3458","7/28/2026 7:02:01 PM"
"C:\Users\glenn\Documents\Code Black Telemetry Backups\atlas-production-working-tree-20260729-200938\native\radar-ref\target\aarch64-linux-android\release\deps\nexrad_decode-684d2e37958ce78f.d","77889","7/28/2026 7:01:57 PM"
"C:\Users\glenn\Documents\Code Black Telemetry Backups\atlas-production-working-tree-20260729-200938\native\radar-ref\target\aarch64-linux-android\release\deps\nexrad_model-060dafa698904a76.d","9414","7/28/2026 7:01:35 PM"
"C:\Users\glenn\Documents\Code Black Telemetry Backups\atlas-production-working-tree-20260729-200938\native\radar-ref\target\aarch64-linux-android\release\deps\nexrad_render-2f8e4a909009bd4e.d","2161","7/28/2026 7:01:53 PM"
"C:\Users\glenn\Documents\Code Black Telemetry Backups\atlas-production-working-tree-20260729-200938\native\radar-ref\target\aarch64-linux-android\release\deps\nom-b469582f91de9a70.d","8953","7/28/2026 7:01:27 PM"
"C:\Users\glenn\Documents\Code Black Telemetry Backups\atlas-production-working-tree-20260729-200938\native\radar-ref\target\aarch64-linux-android\release\deps\no_std_io2-67c42f510e27d859.d","809","7/28/2026 7:01:27 PM"
"C:\Users\glenn\Documents\Code Black Telemetry Backups\atlas-production-working-tree-20260729-200938\native\radar-ref\target\aarch64-linux-android\release\deps\num_bigint-7fae0b7bc5a8b8d7.d","12328","7/28/2026 7:01:30 PM"
"C:\Users\glenn\Documents\Code Black Telemetry Backups\atlas-production-working-tree-20260729-200938\native\radar-ref\target\aarch64-linux-android\release\deps\num_complex-3266590f27489b63.d","2027","7/28/2026 7:01:29 PM"
"C:\Users\glenn\Documents\Code Black Telemetry Backups\atlas-production-working-tree-20260729-200938\native\radar-ref\target\aarch64-linux-android\release\deps\num_integer-fcf602c48282cf6f.d","1630","7/28/2026 7:01:29 PM"
"C:\Users\glenn\Documents\Code Black Telemetry Backups\atlas-production-working-tree-20260729-200938\native\radar-ref\target\aarch64-linux-android\release\deps\num_rational-44354bc51e5bd481.d","1216","7/28/2026 7:01:33 PM"
"C:\Users\glenn\Documents\Code Black Telemetry Backups\atlas-production-working-tree-20260729-200938\native\radar-ref\target\aarch64-linux-android\release\deps\num_traits-f9f32b858598ff9f.d","8163","7/28/2026 7:01:27 PM"
"C:\Users\glenn\Documents\Code Black Telemetry Backups\atlas-production-working-tree-20260729-200938\native\radar-ref\target\aarch64-linux-android\release\deps\png-24112e0a317923f6.d","7557","7/28/2026 7:01:31 PM"
"C:\Users\glenn\Documents\Code Black Telemetry Backups\atlas-production-working-tree-20260729-200938\native\radar-ref\target\aarch64-linux-android\release\deps\profiling-ce0af2457f5ca07d.d","1219","7/28/2026 7:01:36 PM"
"C:\Users\glenn\Documents\Code Black Telemetry Backups\atlas-production-working-tree-20260729-200938\native\radar-ref\target\aarch64-linux-android\release\deps\pulp-b612dca2c4d37ecd.d","1994","7/28/2026 7:01:35 PM"
"C:\Users\glenn\Documents\Code Black Telemetry Backups\atlas-production-working-tree-20260729-200938\native\radar-ref\target\aarch64-linux-android\release\deps\pulp_wasm_simd_flag-89c3c67d2854c5e3.d","872","7/28/2026 7:01:28 PM"
"C:\Users\glenn\Documents\Code Black Telemetry Backups\atlas-production-working-tree-20260729-200938\native\radar-ref\target\aarch64-linux-android\release\deps\pxfm-a6c127143c777fec.d","105485","7/28/2026 7:01:30 PM"
"C:\Users\glenn\Documents\Code Black Telemetry Backups\atlas-production-working-tree-20260729-200938\native\radar-ref\target\aarch64-linux-android\release\deps\qoi-8bab91ba37b02dff.d","3696","7/28/2026 7:01:31 PM"
"C:\Users\glenn\Documents\Code Black Telemetry Backups\atlas-production-working-tree-20260729-200938\native\radar-ref\target\aarch64-linux-android\release\deps\quick_error-4727bd6313b1a6ff.d","816","7/28/2026 7:01:27 PM"
"C:\Users\glenn\Documents\Code Black Telemetry Backups\atlas-production-working-tree-20260729-200938\native\radar-ref\target\aarch64-linux-android\release\deps\rav1e-adb6df3760c755a4.d","27313","7/28/2026 7:01:40 PM"
"C:\Users\glenn\Documents\Code Black Telemetry Backups\atlas-production-working-tree-20260729-200938\native\radar-ref\target\aarch64-linux-android\release\deps\ravif-ac93a02a8cbca783.d","1949","7/28/2026 7:01:44 PM"
"C:\Users\glenn\Documents\Code Black Telemetry Backups\atlas-production-working-tree-20260729-200938\native\radar-ref\target\aarch64-linux-android\release\deps\rayon-4b60cac08a310f94.d","40799","7/28/2026 7:01:30 PM"
"C:\Users\glenn\Documents\Code Black Telemetry Backups\atlas-production-working-tree-20260729-200938\native\radar-ref\target\aarch64-linux-android\release\deps\rayon_core-0393dcc5d8855b9b.d","10347","7/28/2026 7:01:28 PM"
"C:\Users\glenn\Documents\Code Black Telemetry Backups\atlas-production-working-tree-20260729-200938\native\radar-ref\target\aarch64-linux-android\release\deps\reborrow-16e6fed85b3efef7.d","795","7/28/2026 7:01:28 PM"
"C:\Users\glenn\Documents\Code Black Telemetry Backups\atlas-production-working-tree-20260729-200938\native\radar-ref\target\aarch64-linux-android\release\deps\rgb-115244e7c43f319c.d","8647","7/28/2026 7:01:31 PM"
"C:\Users\glenn\Documents\Code Black Telemetry Backups\atlas-production-working-tree-20260729-200938\native\radar-ref\target\aarch64-linux-android\release\deps\serde-1eaf23146480bbe3.d","3143","7/28/2026 7:01:38 PM"
"C:\Users\glenn\Documents\Code Black Telemetry Backups\atlas-production-working-tree-20260729-200938\native\radar-ref\target\aarch64-linux-android\release\deps\serde_core-a04d82c174d034cd.d","8768","7/28/2026 7:01:31 PM"
"C:\Users\glenn\Documents\Code Black Telemetry Backups\atlas-production-working-tree-20260729-200938\native\radar-ref\target\aarch64-linux-android\release\deps\serde_json-5f97d9a871b075b5.d","6940","7/28/2026 7:01:36 PM"
"C:\Users\glenn\Documents\Code Black Telemetry Backups\atlas-production-working-tree-20260729-200938\native\radar-ref\target\aarch64-linux-android\release\deps\sha2-ec0c29be62054b51.d","3081","7/28/2026 7:01:29 PM"
"C:\Users\glenn\Documents\Code Black Telemetry Backups\atlas-production-working-tree-20260729-200938\native\radar-ref\target\aarch64-linux-android\release\deps\simd_adler32-693d7d24244db034.d","4580","7/28/2026 7:01:25 PM"
"C:\Users\glenn\Documents\Code Black Telemetry Backups\atlas-production-working-tree-20260729-200938\native\radar-ref\target\aarch64-linux-android\release\deps\smallvec-1ca3a720d7894594.d","799","7/28/2026 7:01:30 PM"
"C:\Users\glenn\Documents\Code Black Telemetry Backups\atlas-production-working-tree-20260729-200938\native\radar-ref\target\aarch64-linux-android\release\deps\stable_deref_trait-bfe25a773b8c21b3.d","865","7/28/2026 7:01:26 PM"
"C:\Users\glenn\Documents\Code Black Telemetry Backups\atlas-production-working-tree-20260729-200938\native\radar-ref\target\aarch64-linux-android\release\deps\thiserror-80ded2bc6ea1cbd3.d","3163","7/28/2026 7:01:35 PM"
"C:\Users\glenn\Documents\Code Black Telemetry Backups\atlas-production-working-tree-20260729-200938\native\radar-ref\target\aarch64-linux-android\release\deps\thiserror-ded8bd96f10ab565.d","1608","7/28/2026 7:01:37 PM"
"C:\Users\glenn\Documents\Code Black Telemetry Backups\atlas-production-working-tree-20260729-200938\native\radar-ref\target\aarch64-linux-android\release\deps\tiff-139c553bf021631a.d","8678","7/28/2026 7:01:43 PM"
"C:\Users\glenn\Documents\Code Black Telemetry Backups\atlas-production-working-tree-20260729-200938\native\radar-ref\target\aarch64-linux-android\release\deps\typenum-4fba8fb9a3982725.d","5528","7/28/2026 7:01:25 PM"
"C:\Users\glenn\Documents\Code Black Telemetry Backups\atlas-production-working-tree-20260729-200938\native\radar-ref\target\aarch64-linux-android\release\deps\uom-ff16aa520f4a648d.d","53232","7/28/2026 7:01:35 PM"
"C:\Users\glenn\Documents\Code Black Telemetry Backups\atlas-production-working-tree-20260729-200938\native\radar-ref\target\aarch64-linux-android\release\deps\v_frame-fdbd6788320405bf.d","2308","7/28/2026 7:01:37 PM"
"C:\Users\glenn\Documents\Code Black Telemetry Backups\atlas-production-working-tree-20260729-200938\native\radar-ref\target\aarch64-linux-android\release\deps\weezl-1b72445162e8f2b8.d","1917","7/28/2026 7:01:28 PM"
"C:\Users\glenn\Documents\Code Black Telemetry Backups\atlas-production-working-tree-20260729-200938\native\radar-ref\target\aarch64-linux-android\release\deps\y4m-a145d372fca4b118.d","760","7/28/2026 7:01:27 PM"
"C:\Users\glenn\Documents\Code Black Telemetry Backups\atlas-production-working-tree-20260729-200938\native\radar-ref\target\aarch64-linux-android\release\deps\zerocopy-7d439a6f76cb3446.d","8133","7/28/2026 7:01:39 PM"
"C:\Users\glenn\Documents\Code Black Telemetry Backups\atlas-production-working-tree-20260729-200938\native\radar-ref\target\aarch64-linux-android\release\deps\zmij-d06b0b87cb18bca8.d","1148","7/28/2026 7:01:32 PM"
"C:\Users\glenn\Documents\Code Black Telemetry Backups\atlas-production-working-tree-20260729-200938\native\radar-ref\target\aarch64-linux-android\release\deps\zune_core-2e5f437bcd7b1de8.d","8207","7/28/2026 7:01:28 PM"
"C:\Users\glenn\Documents\Code Black Telemetry Backups\atlas-production-working-tree-20260729-200938\native\radar-ref\target\aarch64-linux-android\release\deps\zune_inflate-e6b82a8c70bc38dc.d","4632","7/28/2026 7:01:29 PM"
"C:\Users\glenn\Documents\Code Black Telemetry Backups\atlas-production-working-tree-20260729-200938\native\radar-ref\target\aarch64-linux-android\release\deps\zune_jpeg-702f0e76f776824d.d","11175","7/28/2026 7:01:29 PM"
"C:\Users\glenn\Documents\Code Black Telemetry Backups\atlas-production-working-tree-20260729-200938\native\radar-ref\target\release\.cargo-artifact-lock","0","7/28/2026 7:01:25 PM"
"C:\Users\glenn\Documents\Code Black Telemetry Backups\atlas-production-working-tree-20260729-200938\native\radar-ref\target\release\.cargo-build-lock","0","7/28/2026 7:01:25 PM"
"C:\Users\glenn\Documents\Code Black Telemetry Backups\atlas-production-working-tree-20260729-200938\native\radar-ref\target\release\.cargo-lock","0","7/28/2026 7:01:25 PM"
"C:\Users\glenn\Documents\Code Black Telemetry Backups\atlas-production-working-tree-20260729-200938\native\radar-ref\target\release\.fingerprint\anyhow-83a0dcb5f59cfd31\build-script-build-script-build","16","7/28/2026 7:01:26 PM"
"C:\Users\glenn\Documents\Code Black Telemetry Backups\atlas-production-working-tree-20260729-200938\native\radar-ref\target\release\.fingerprint\anyhow-83a0dcb5f59cfd31\build-script-build-script-build.json","426","7/28/2026 7:01:26 PM"
"C:\Users\glenn\Documents\Code Black Telemetry Backups\atlas-production-working-tree-20260729-200938\native\radar-ref\target\release\.fingerprint\anyhow-83a0dcb5f59cfd31\dep-build-script-build-script-build","14","7/28/2026 7:01:26 PM"
"C:\Users\glenn\Documents\Code Black Telemetry Backups\atlas-production-working-tree-20260729-200938\native\radar-ref\target\release\.fingerprint\anyhow-83a0dcb5f59cfd31\invoked.timestamp","48","7/28/2026 7:01:26 PM"
"C:\Users\glenn\Documents\Code Black Telemetry Backups\atlas-production-working-tree-20260729-200938\native\radar-ref\target\release\.fingerprint\arg_enum_proc_macro-3092e26512eb053a\dep-lib-arg_enum_proc_macro","14","7/28/2026 7:01:35 PM"
"C:\Users\glenn\Documents\Code Black Telemetry Backups\atlas-production-working-tree-20260729-200938\native\radar-ref\target\release\.fingerprint\arg_enum_proc_macro-3092e26512eb053a\invoked.timestamp","48","7/28/2026 7:01:35 PM"
"C:\Users\glenn\Documents\Code Black Telemetry Backups\atlas-production-working-tree-20260729-200938\native\radar-ref\target\release\.fingerprint\arg_enum_proc_macro-3092e26512eb053a\lib-arg_enum_proc_macro","16","7/28/2026 7:01:36 PM"
"C:\Users\glenn\Documents\Code Black Telemetry Backups\atlas-production-working-tree-20260729-200938\native\radar-ref\target\release\.fingerprint\arg_enum_proc_macro-3092e26512eb053a\lib-arg_enum_proc_macro.json","548","7/28/2026 7:01:36 PM"
"C:\Users\glenn\Documents\Code Black Telemetry Backups\atlas-production-working-tree-20260729-200938\native\radar-ref\target\release\.fingerprint\autocfg-cd490c0cc3e0f0a0\dep-lib-autocfg","14","7/28/2026 7:01:25 PM"
"C:\Users\glenn\Documents\Code Black Telemetry Backups\atlas-production-working-tree-20260729-200938\native\radar-ref\target\release\.fingerprint\autocfg-cd490c0cc3e0f0a0\invoked.timestamp","48","7/28/2026 7:01:25 PM"
"C:\Users\glenn\Documents\Code Black Telemetry Backups\atlas-production-working-tree-20260729-200938\native\radar-ref\target\release\.fingerprint\autocfg-cd490c0cc3e0f0a0\lib-autocfg","16","7/28/2026 7:01:26 PM"
"C:\Users\glenn\Documents\Code Black Telemetry Backups\atlas-production-working-tree-20260729-200938\native\radar-ref\target\release\.fingerprint\autocfg-cd490c0cc3e0f0a0\lib-autocfg.json","352","7/28/2026 7:01:26 PM"
"C:\Users\glenn\Documents\Code Black Telemetry Backups\atlas-production-working-tree-20260729-200938\native\radar-ref\target\release\.fingerprint\av-scenechange-a0c215f4356db12e\build-script-build-script-build","16","7/28/2026 7:01:27 PM"
"C:\Users\glenn\Documents\Code Black Telemetry Backups\atlas-production-working-tree-20260729-200938\native\radar-ref\target\release\.fingerprint\av-scenechange-a0c215f4356db12e\build-script-build-script-build.json","636","7/28/2026 7:01:27 PM"
"C:\Users\glenn\Documents\Code Black Telemetry Backups\atlas-production-working-tree-20260729-200938\native\radar-ref\target\release\.fingerprint\av-scenechange-a0c215f4356db12e\dep-build-script-build-script-build","14","7/28/2026 7:01:26 PM"
"C:\Users\glenn\Documents\Code Black Telemetry Backups\atlas-production-working-tree-20260729-200938\native\radar-ref\target\release\.fingerprint\av-scenechange-a0c215f4356db12e\invoked.timestamp","48","7/28/2026 7:01:26 PM"
"C:\Users\glenn\Documents\Code Black Telemetry Backups\atlas-production-working-tree-20260729-200938\native\radar-ref\target\release\.fingerprint\built-678ace74d1623c7f\dep-lib-built","14","7/28/2026 7:01:26 PM"
"C:\Users\glenn\Documents\Code Black Telemetry Backups\atlas-production-working-tree-20260729-200938\native\radar-ref\target\release\.fingerprint\built-678ace74d1623c7f\invoked.timestamp","48","7/28/2026 7:01:26 PM"
"C:\Users\glenn\Documents\Code Black Telemetry Backups\atlas-production-working-tree-20260729-200938\native\radar-ref\target\release\.fingerprint\built-678ace74d1623c7f\lib-built","16","7/28/2026 7:01:27 PM"
"C:\Users\glenn\Documents\Code Black Telemetry Backups\atlas-production-working-tree-20260729-200938\native\radar-ref\target\release\.fingerprint\built-678ace74d1623c7f\lib-built.json","427","7/28/2026 7:01:27 PM"
"C:\Users\glenn\Documents\Code Black Telemetry Backups\atlas-production-working-tree-20260729-200938\native\radar-ref\target\release\.fingerprint\crc32fast-628658b17efc12f1\build-script-build-script-build","16","7/28/2026 7:01:26 PM"
"C:\Users\glenn\Documents\Code Black Telemetry Backups\atlas-production-working-tree-20260729-200938\native\radar-ref\target\release\.fingerprint\crc32fast-628658b17efc12f1\build-script-build-script-build.json","428","7/28/2026 7:01:26 PM"
"C:\Users\glenn\Documents\Code Black Telemetry Backups\atlas-production-working-tree-20260729-200938\native\radar-ref\target\release\.fingerprint\crc32fast-628658b17efc12f1\dep-build-script-build-script-build","14","7/28/2026 7:01:25 PM"
"C:\Users\glenn\Documents\Code Black Telemetry Backups\atlas-production-working-tree-20260729-200938\native\radar-ref\target\release\.fingerprint\crc32fast-628658b17efc12f1\invoked.timestamp","48","7/28/2026 7:01:25 PM"
"C:\Users\glenn\Documents\Code Black Telemetry Backups\atlas-production-working-tree-20260729-200938\native\radar-ref\target\release\.fingerprint\crossbeam-deque-5aead5ad910c2d00\build-script-build-script-build","16","7/28/2026 7:01:26 PM"
"C:\Users\glenn\Documents\Code Black Telemetry Backups\atlas-production-working-tree-20260729-200938\native\radar-ref\target\release\.fingerprint\crossbeam-deque-5aead5ad910c2d00\build-script-build-script-build.json","420","7/28/2026 7:01:26 PM"
"C:\Users\glenn\Documents\Code Black Telemetry Backups\atlas-production-working-tree-20260729-200938\native\radar-ref\target\release\.fingerprint\crossbeam-deque-5aead5ad910c2d00\dep-build-script-build-script-build","14","7/28/2026 7:01:25 PM"
"C:\Users\glenn\Documents\Code Black Telemetry Backups\atlas-production-working-tree-20260729-200938\native\radar-ref\target\release\.fingerprint\crossbeam-deque-5aead5ad910c2d00\invoked.timestamp","48","7/28/2026 7:01:25 PM"
"C:\Users\glenn\Documents\Code Black Telemetry Backups\atlas-production-working-tree-20260729-200938\native\radar-ref\target\release\.fingerprint\crossbeam-epoch-2e47d961246a7bd5\build-script-build-script-build","16","7/28/2026 7:01:26 PM"
"C:\Users\glenn\Documents\Code Black Telemetry Backups\atlas-production-working-tree-20260729-200938\native\radar-ref\target\release\.fingerprint\crossbeam-epoch-2e47d961246a7bd5\build-script-build-script-build.json","468","7/28/2026 7:01:26 PM"
"C:\Users\glenn\Documents\Code Black Telemetry Backups\atlas-production-working-tree-20260729-200938\native\radar-ref\target\release\.fingerprint\crossbeam-epoch-2e47d961246a7bd5\dep-build-script-build-script-build","14","7/28/2026 7:01:25 PM"
"C:\Users\glenn\Documents\Code Black Telemetry Backups\atlas-production-working-tree-20260729-200938\native\radar-ref\target\release\.fingerprint\crossbeam-epoch-2e47d961246a7bd5\invoked.timestamp","48","7/28/2026 7:01:25 PM"
"C:\Users\glenn\Documents\Code Black Telemetry Backups\atlas-production-working-tree-20260729-200938\native\radar-ref\target\release\.fingerprint\crossbeam-utils-181100076aa156f3\build-script-build-script-build","16","7/28/2026 7:01:26 PM"
"C:\Users\glenn\Documents\Code Black Telemetry Backups\atlas-production-working-tree-20260729-200938\native\radar-ref\target\release\.fingerprint\crossbeam-utils-181100076aa156f3\build-script-build-script-build.json","443","7/28/2026 7:01:26 PM"
"C:\Users\glenn\Documents\Code Black Telemetry Backups\atlas-production-working-tree-20260729-200938\native\radar-ref\target\release\.fingerprint\crossbeam-utils-181100076aa156f3\dep-build-script-build-script-build","14","7/28/2026 7:01:25 PM"
"C:\Users\glenn\Documents\Code Black Telemetry Backups\atlas-production-working-tree-20260729-200938\native\radar-ref\target\release\.fingerprint\crossbeam-utils-181100076aa156f3\invoked.timestamp","48","7/28/2026 7:01:25 PM"
"C:\Users\glenn\Documents\Code Black Telemetry Backups\atlas-production-working-tree-20260729-200938\native\radar-ref\target\release\.fingerprint\equator-macro-1c53a38a73e83ed5\dep-lib-equator_macro","14","7/28/2026 7:01:35 PM"
"C:\Users\glenn\Documents\Code Black Telemetry Backups\atlas-production-working-tree-20260729-200938\native\radar-ref\target\release\.fingerprint\equator-macro-1c53a38a73e83ed5\invoked.timestamp","48","7/28/2026 7:01:35 PM"
"C:\Users\glenn\Documents\Code Black Telemetry Backups\atlas-production-working-tree-20260729-200938\native\radar-ref\target\release\.fingerprint\equator-macro-1c53a38a73e83ed5\lib-equator_macro","16","7/28/2026 7:01:36 PM"
"C:\Users\glenn\Documents\Code Black Telemetry Backups\atlas-production-working-tree-20260729-200938\native\radar-ref\target\release\.fingerprint\equator-macro-1c53a38a73e83ed5\lib-equator_macro.json","539","7/28/2026 7:01:36 PM"
"C:\Users\glenn\Documents\Code Black Telemetry Backups\atlas-production-working-tree-20260729-200938\native\radar-ref\target\release\.fingerprint\generic-array-68de86ce7a7d1bc4\build-script-build-script-build","16","7/28/2026 7:01:26 PM"
"C:\Users\glenn\Documents\Code Black Telemetry Backups\atlas-production-working-tree-20260729-200938\native\radar-ref\target\release\.fingerprint\generic-array-68de86ce7a7d1bc4\build-script-build-script-build.json","499","7/28/2026 7:01:26 PM"
"C:\Users\glenn\Documents\Code Black Telemetry Backups\atlas-production-working-tree-20260729-200938\native\radar-ref\target\release\.fingerprint\generic-array-68de86ce7a7d1bc4\dep-build-script-build-script-build","14","7/28/2026 7:01:26 PM"
"C:\Users\glenn\Documents\Code Black Telemetry Backups\atlas-production-working-tree-20260729-200938\native\radar-ref\target\release\.fingerprint\generic-array-68de86ce7a7d1bc4\invoked.timestamp","48","7/28/2026 7:01:26 PM"
"C:\Users\glenn\Documents\Code Black Telemetry Backups\atlas-production-working-tree-20260729-200938\native\radar-ref\target\release\.fingerprint\jni-sys-569a4e533fc50f77\build-script-build-script-build","16","7/28/2026 7:01:30 PM"
"C:\Users\glenn\Documents\Code Black Telemetry Backups\atlas-production-working-tree-20260729-200938\native\radar-ref\target\release\.fingerprint\jni-sys-569a4e533fc50f77\build-script-build-script-build.json","394","7/28/2026 7:01:30 PM"
"C:\Users\glenn\Documents\Code Black Telemetry Backups\atlas-production-working-tree-20260729-200938\native\radar-ref\target\release\.fingerprint\jni-sys-569a4e533fc50f77\dep-build-script-build-script-build","32","7/28/2026 7:01:30 PM"
"C:\Users\glenn\Documents\Code Black Telemetry Backups\atlas-production-working-tree-20260729-200938\native\radar-ref\target\release\.fingerprint\jni-sys-569a4e533fc50f77\invoked.timestamp","48","7/28/2026 7:01:30 PM"
"C:\Users\glenn\Documents\Code Black Telemetry Backups\atlas-production-working-tree-20260729-200938\native\radar-ref\target\release\.fingerprint\jni-sys-macros-7a8cfa81e6f593f8\dep-lib-jni_sys_macros","14","7/28/2026 7:01:35 PM"
"C:\Users\glenn\Documents\Code Black Telemetry Backups\atlas-production-working-tree-20260729-200938\native\radar-ref\target\release\.fingerprint\jni-sys-macros-7a8cfa81e6f593f8\invoked.timestamp","48","7/28/2026 7:01:35 PM"
"C:\Users\glenn\Documents\Code Black Telemetry Backups\atlas-production-working-tree-20260729-200938\native\radar-ref\target\release\.fingerprint\jni-sys-macros-7a8cfa81e6f593f8\lib-jni_sys_macros","16","7/28/2026 7:01:36 PM"
"C:\Users\glenn\Documents\Code Black Telemetry Backups\atlas-production-working-tree-20260729-200938\native\radar-ref\target\release\.fingerprint\jni-sys-macros-7a8cfa81e6f593f8\lib-jni_sys_macros.json","476","7/28/2026 7:01:36 PM"
"C:\Users\glenn\Documents\Code Black Telemetry Backups\atlas-production-working-tree-20260729-200938\native\radar-ref\target\release\.fingerprint\libc-86cccd99386cc328\build-script-build-script-build","16","7/28/2026 7:01:26 PM"
"C:\Users\glenn\Documents\Code Black Telemetry Backups\atlas-production-working-tree-20260729-200938\native\radar-ref\target\release\.fingerprint\libc-86cccd99386cc328\build-script-build-script-build.json","525","7/28/2026 7:01:26 PM"
"C:\Users\glenn\Documents\Code Black Telemetry Backups\atlas-production-working-tree-20260729-200938\native\radar-ref\target\release\.fingerprint\libc-86cccd99386cc328\dep-build-script-build-script-build","14","7/28/2026 7:01:25 PM"
"C:\Users\glenn\Documents\Code Black Telemetry Backups\atlas-production-working-tree-20260729-200938\native\radar-ref\target\release\.fingerprint\libc-86cccd99386cc328\invoked.timestamp","48","7/28/2026 7:01:25 PM"
"C:\Users\glenn\Documents\Code Black Telemetry Backups\atlas-production-working-tree-20260729-200938\native\radar-ref\target\release\.fingerprint\libm-e5db7d186f33eeb2\build-script-build-script-build","16","7/28/2026 7:01:27 PM"
"C:\Users\glenn\Documents\Code Black Telemetry Backups\atlas-production-working-tree-20260729-200938\native\radar-ref\target\release\.fingerprint\libm-e5db7d186f33eeb2\build-script-build-script-build.json","505","7/28/2026 7:01:27 PM"
"C:\Users\glenn\Documents\Code Black Telemetry Backups\atlas-production-working-tree-20260729-200938\native\radar-ref\target\release\.fingerprint\libm-e5db7d186f33eeb2\dep-build-script-build-script-build","14","7/28/2026 7:01:26 PM"
"C:\Users\glenn\Documents\Code Black Telemetry Backups\atlas-production-working-tree-20260729-200938\native\radar-ref\target\release\.fingerprint\libm-e5db7d186f33eeb2\invoked.timestamp","48","7/28/2026 7:01:26 PM"
"C:\Users\glenn\Documents\Code Black Telemetry Backups\atlas-production-working-tree-20260729-200938\native\radar-ref\target\release\.fingerprint\noop_proc_macro-78c80edd2d049a92\dep-lib-noop_proc_macro","14","7/28/2026 7:01:28 PM"
"C:\Users\glenn\Documents\Code Black Telemetry Backups\atlas-production-working-tree-20260729-200938\native\radar-ref\target\release\.fingerprint\noop_proc_macro-78c80edd2d049a92\invoked.timestamp","48","7/28/2026 7:01:28 PM"
"C:\Users\glenn\Documents\Code Black Telemetry Backups\atlas-production-working-tree-20260729-200938\native\radar-ref\target\release\.fingerprint\noop_proc_macro-78c80edd2d049a92\lib-noop_proc_macro","16","7/28/2026 7:01:29 PM"
"C:\Users\glenn\Documents\Code Black Telemetry Backups\atlas-production-working-tree-20260729-200938\native\radar-ref\target\release\.fingerprint\noop_proc_macro-78c80edd2d049a92\lib-noop_proc_macro.json","368","7/28/2026 7:01:29 PM"
"C:\Users\glenn\Documents\Code Black Telemetry Backups\atlas-production-working-tree-20260729-200938\native\radar-ref\target\release\.fingerprint\num-derive-19ee2e29ac2a7353\dep-lib-num_derive","14","7/28/2026 7:01:35 PM"
"C:\Users\glenn\Documents\Code Black Telemetry Backups\atlas-production-working-tree-20260729-200938\native\radar-ref\target\release\.fingerprint\num-derive-19ee2e29ac2a7353\invoked.timestamp","48","7/28/2026 7:01:35 PM"
"C:\Users\glenn\Documents\Code Black Telemetry Backups\atlas-production-working-tree-20260729-200938\native\radar-ref\target\release\.fingerprint\num-derive-19ee2e29ac2a7353\lib-num_derive","16","7/28/2026 7:01:37 PM"
"C:\Users\glenn\Documents\Code Black Telemetry Backups\atlas-production-working-tree-20260729-200938\native\radar-ref\target\release\.fingerprint\num-derive-19ee2e29ac2a7353\lib-num_derive.json","531","7/28/2026 7:01:37 PM"
"C:\Users\glenn\Documents\Code Black Telemetry Backups\atlas-production-working-tree-20260729-200938\native\radar-ref\target\release\.fingerprint\num-traits-b0e074cc7db47925\build-script-build-script-build","16","7/28/2026 7:01:26 PM"
"C:\Users\glenn\Documents\Code Black Telemetry Backups\atlas-production-working-tree-20260729-200938\native\radar-ref\target\release\.fingerprint\num-traits-b0e074cc7db47925\build-script-build-script-build.json","503","7/28/2026 7:01:26 PM"
"C:\Users\glenn\Documents\Code Black Telemetry Backups\atlas-production-working-tree-20260729-200938\native\radar-ref\target\release\.fingerprint\num-traits-b0e074cc7db47925\dep-build-script-build-script-build","14","7/28/2026 7:01:26 PM"
"C:\Users\glenn\Documents\Code Black Telemetry Backups\atlas-production-working-tree-20260729-200938\native\radar-ref\target\release\.fingerprint\num-traits-b0e074cc7db47925\invoked.timestamp","48","7/28/2026 7:01:26 PM"
"C:\Users\glenn\Documents\Code Black Telemetry Backups\atlas-production-working-tree-20260729-200938\native\radar-ref\target\release\.fingerprint\paste-2e5f491153807f25\dep-lib-paste","14","7/28/2026 7:01:26 PM"
"C:\Users\glenn\Documents\Code Black Telemetry Backups\atlas-production-working-tree-20260729-200938\native\radar-ref\target\release\.fingerprint\paste-2e5f491153807f25\invoked.timestamp","48","7/28/2026 7:01:26 PM"
"C:\Users\glenn\Documents\Code Black Telemetry Backups\atlas-production-working-tree-20260729-200938\native\radar-ref\target\release\.fingerprint\paste-2e5f491153807f25\lib-paste","16","7/28/2026 7:01:27 PM"
"C:\Users\glenn\Documents\Code Black Telemetry Backups\atlas-production-working-tree-20260729-200938\native\radar-ref\target\release\.fingerprint\paste-2e5f491153807f25\lib-paste.json","418","7/28/2026 7:01:27 PM"
"C:\Users\glenn\Documents\Code Black Telemetry Backups\atlas-production-working-tree-20260729-200938\native\radar-ref\target\release\.fingerprint\paste-49744427390137dc\run-build-script-build-script-build","16","7/28/2026 7:01:26 PM"
"C:\Users\glenn\Documents\Code Black Telemetry Backups\atlas-production-working-tree-20260729-200938\native\radar-ref\target\release\.fingerprint\paste-49744427390137dc\run-build-script-build-script-build.json","331","7/28/2026 7:01:26 PM"
"C:\Users\glenn\Documents\Code Black Telemetry Backups\atlas-production-working-tree-20260729-200938\native\radar-ref\target\release\.fingerprint\paste-985dfc866dec0017\build-script-build-script-build","16","7/28/2026 7:01:26 PM"
"C:\Users\glenn\Documents\Code Black Telemetry Backups\atlas-production-working-tree-20260729-200938\native\radar-ref\target\release\.fingerprint\paste-985dfc866dec0017\build-script-build-script-build.json","371","7/28/2026 7:01:26 PM"
"C:\Users\glenn\Documents\Code Black Telemetry Backups\atlas-production-working-tree-20260729-200938\native\radar-ref\target\release\.fingerprint\paste-985dfc866dec0017\dep-build-script-build-script-build","14","7/28/2026 7:01:25 PM"
"C:\Users\glenn\Documents\Code Black Telemetry Backups\atlas-production-working-tree-20260729-200938\native\radar-ref\target\release\.fingerprint\paste-985dfc866dec0017\invoked.timestamp","48","7/28/2026 7:01:25 PM"
"C:\Users\glenn\Documents\Code Black Telemetry Backups\atlas-production-working-tree-20260729-200938\native\radar-ref\target\release\.fingerprint\pastey-d32cd66eae31a00f\dep-lib-pastey","14","7/28/2026 7:01:27 PM"
"C:\Users\glenn\Documents\Code Black Telemetry Backups\atlas-production-working-tree-20260729-200938\native\radar-ref\target\release\.fingerprint\pastey-d32cd66eae31a00f\invoked.timestamp","48","7/28/2026 7:01:27 PM"
"C:\Users\glenn\Documents\Code Black Telemetry Backups\atlas-production-working-tree-20260729-200938\native\radar-ref\target\release\.fingerprint\pastey-d32cd66eae31a00f\lib-pastey","16","7/28/2026 7:01:28 PM"
"C:\Users\glenn\Documents\Code Black Telemetry Backups\atlas-production-working-tree-20260729-200938\native\radar-ref\target\release\.fingerprint\pastey-d32cd66eae31a00f\lib-pastey.json","351","7/28/2026 7:01:28 PM"
"C:\Users\glenn\Documents\Code Black Telemetry Backups\atlas-production-working-tree-20260729-200938\native\radar-ref\target\release\.fingerprint\proc-macro2-0998db0882a08eda\dep-lib-proc_macro2","14","7/28/2026 7:01:26 PM"
"C:\Users\glenn\Documents\Code Black Telemetry Backups\atlas-production-working-tree-20260729-200938\native\radar-ref\target\release\.fingerprint\proc-macro2-0998db0882a08eda\invoked.timestamp","48","7/28/2026 7:01:26 PM"
"C:\Users\glenn\Documents\Code Black Telemetry Backups\atlas-production-working-tree-20260729-200938\native\radar-ref\target\release\.fingerprint\proc-macro2-0998db0882a08eda\lib-proc_macro2","16","7/28/2026 7:01:27 PM"
"C:\Users\glenn\Documents\Code Black Telemetry Backups\atlas-production-working-tree-20260729-200938\native\radar-ref\target\release\.fingerprint\proc-macro2-0998db0882a08eda\lib-proc_macro2.json","581","7/28/2026 7:01:27 PM"
"C:\Users\glenn\Documents\Code Black Telemetry Backups\atlas-production-working-tree-20260729-200938\native\radar-ref\target\release\.fingerprint\proc-macro2-361d56bb242a563b\run-build-script-build-script-build","16","7/28/2026 7:01:26 PM"
"C:\Users\glenn\Documents\Code Black Telemetry Backups\atlas-production-working-tree-20260729-200938\native\radar-ref\target\release\.fingerprint\proc-macro2-361d56bb242a563b\run-build-script-build-script-build.json","493","7/28/2026 7:01:26 PM"
"C:\Users\glenn\Documents\Code Black Telemetry Backups\atlas-production-working-tree-20260729-200938\native\radar-ref\target\release\.fingerprint\proc-macro2-b434ac223649143c\build-script-build-script-build","16","7/28/2026 7:01:26 PM"
"C:\Users\glenn\Documents\Code Black Telemetry Backups\atlas-production-working-tree-20260729-200938\native\radar-ref\target\release\.fingerprint\proc-macro2-b434ac223649143c\build-script-build-script-build.json","464","7/28/2026 7:01:26 PM"
"C:\Users\glenn\Documents\Code Black Telemetry Backups\atlas-production-working-tree-20260729-200938\native\radar-ref\target\release\.fingerprint\proc-macro2-b434ac223649143c\dep-build-script-build-script-build","14","7/28/2026 7:01:25 PM"
"C:\Users\glenn\Documents\Code Black Telemetry Backups\atlas-production-working-tree-20260729-200938\native\radar-ref\target\release\.fingerprint\proc-macro2-b434ac223649143c\invoked.timestamp","48","7/28/2026 7:01:25 PM"
"C:\Users\glenn\Documents\Code Black Telemetry Backups\atlas-production-working-tree-20260729-200938\native\radar-ref\target\release\.fingerprint\profiling-procmacros-b4669c2f9538e58a\dep-lib-profiling_procmacros","14","7/28/2026 7:01:35 PM"
"C:\Users\glenn\Documents\Code Black Telemetry Backups\atlas-production-working-tree-20260729-200938\native\radar-ref\target\release\.fingerprint\profiling-procmacros-b4669c2f9538e58a\invoked.timestamp","48","7/28/2026 7:01:35 PM"
"C:\Users\glenn\Documents\Code Black Telemetry Backups\atlas-production-working-tree-20260729-200938\native\radar-ref\target\release\.fingerprint\profiling-procmacros-b4669c2f9538e58a\lib-profiling_procmacros","16","7/28/2026 7:01:36 PM"
"C:\Users\glenn\Documents\Code Black Telemetry Backups\atlas-production-working-tree-20260729-200938\native\radar-ref\target\release\.fingerprint\profiling-procmacros-b4669c2f9538e58a\lib-profiling_procmacros.json","618","7/28/2026 7:01:36 PM"
"C:\Users\glenn\Documents\Code Black Telemetry Backups\atlas-production-working-tree-20260729-200938\native\radar-ref\target\release\.fingerprint\pulp-8256220f3a36292d\build-script-build-script-build","16","7/28/2026 7:01:27 PM"
"C:\Users\glenn\Documents\Code Black Telemetry Backups\atlas-production-working-tree-20260729-200938\native\radar-ref\target\release\.fingerprint\pulp-8256220f3a36292d\build-script-build-script-build.json","569","7/28/2026 7:01:27 PM"
"C:\Users\glenn\Documents\Code Black Telemetry Backups\atlas-production-working-tree-20260729-200938\native\radar-ref\target\release\.fingerprint\pulp-8256220f3a36292d\dep-build-script-build-script-build","14","7/28/2026 7:01:26 PM"
"C:\Users\glenn\Documents\Code Black Telemetry Backups\atlas-production-working-tree-20260729-200938\native\radar-ref\target\release\.fingerprint\pulp-8256220f3a36292d\invoked.timestamp","48","7/28/2026 7:01:26 PM"
"C:\Users\glenn\Documents\Code Black Telemetry Backups\atlas-production-working-tree-20260729-200938\native\radar-ref\target\release\.fingerprint\quote-3c190399b9a4f056\run-build-script-build-script-build","16","7/28/2026 7:01:26 PM"
"C:\Users\glenn\Documents\Code Black Telemetry Backups\atlas-production-working-tree-20260729-200938\native\radar-ref\target\release\.fingerprint\quote-3c190399b9a4f056\run-build-script-build-script-build.json","331","7/28/2026 7:01:26 PM"
"C:\Users\glenn\Documents\Code Black Telemetry Backups\atlas-production-working-tree-20260729-200938\native\radar-ref\target\release\.fingerprint\quote-66c935687517eb75\dep-lib-quote","14","7/28/2026 7:01:27 PM"
"C:\Users\glenn\Documents\Code Black Telemetry Backups\atlas-production-working-tree-20260729-200938\native\radar-ref\target\release\.fingerprint\quote-66c935687517eb75\invoked.timestamp","48","7/28/2026 7:01:27 PM"
"C:\Users\glenn\Documents\Code Black Telemetry Backups\atlas-production-working-tree-20260729-200938\native\radar-ref\target\release\.fingerprint\quote-66c935687517eb75\lib-quote","16","7/28/2026 7:01:28 PM"
"C:\Users\glenn\Documents\Code Black Telemetry Backups\atlas-production-working-tree-20260729-200938\native\radar-ref\target\release\.fingerprint\quote-66c935687517eb75\lib-quote.json","534","7/28/2026 7:01:28 PM"
"C:\Users\glenn\Documents\Code Black Telemetry Backups\atlas-production-working-tree-20260729-200938\native\radar-ref\target\release\.fingerprint\quote-6a674085dafc6fc4\build-script-build-script-build","16","7/28/2026 7:01:26 PM"
"C:\Users\glenn\Documents\Code Black Telemetry Backups\atlas-production-working-tree-20260729-200938\native\radar-ref\target\release\.fingerprint\quote-6a674085dafc6fc4\build-script-build-script-build.json","424","7/28/2026 7:01:26 PM"
"C:\Users\glenn\Documents\Code Black Telemetry Backups\atlas-production-working-tree-20260729-200938\native\radar-ref\target\release\.fingerprint\quote-6a674085dafc6fc4\dep-build-script-build-script-build","14","7/28/2026 7:01:25 PM"
"C:\Users\glenn\Documents\Code Black Telemetry Backups\atlas-production-working-tree-20260729-200938\native\radar-ref\target\release\.fingerprint\quote-6a674085dafc6fc4\invoked.timestamp","48","7/28/2026 7:01:25 PM"
"C:\Users\glenn\Documents\Code Black Telemetry Backups\atlas-production-working-tree-20260729-200938\native\radar-ref\target\release\.fingerprint\rav1e-875bdfa56d0cb1ba\build-script-build-script-build","16","7/28/2026 7:01:28 PM"
"C:\Users\glenn\Documents\Code Black Telemetry Backups\atlas-production-working-tree-20260729-200938\native\radar-ref\target\release\.fingerprint\rav1e-875bdfa56d0cb1ba\build-script-build-script-build.json","1081","7/28/2026 7:01:28 PM"
"C:\Users\glenn\Documents\Code Black Telemetry Backups\atlas-production-working-tree-20260729-200938\native\radar-ref\target\release\.fingerprint\rav1e-875bdfa56d0cb1ba\dep-build-script-build-script-build","14","7/28/2026 7:01:27 PM"
"C:\Users\glenn\Documents\Code Black Telemetry Backups\atlas-production-working-tree-20260729-200938\native\radar-ref\target\release\.fingerprint\rav1e-875bdfa56d0cb1ba\invoked.timestamp","48","7/28/2026 7:01:27 PM"
"C:\Users\glenn\Documents\Code Black Telemetry Backups\atlas-production-working-tree-20260729-200938\native\radar-ref\target\release\.fingerprint\rayon-core-0f16d08216244af0\build-script-build-script-build","16","7/28/2026 7:01:26 PM"
"C:\Users\glenn\Documents\Code Black Telemetry Backups\atlas-production-working-tree-20260729-200938\native\radar-ref\target\release\.fingerprint\rayon-core-0f16d08216244af0\build-script-build-script-build.json","393","7/28/2026 7:01:26 PM"
"C:\Users\glenn\Documents\Code Black Telemetry Backups\atlas-production-working-tree-20260729-200938\native\radar-ref\target\release\.fingerprint\rayon-core-0f16d08216244af0\dep-build-script-build-script-build","14","7/28/2026 7:01:25 PM"
"C:\Users\glenn\Documents\Code Black Telemetry Backups\atlas-production-working-tree-20260729-200938\native\radar-ref\target\release\.fingerprint\rayon-core-0f16d08216244af0\invoked.timestamp","48","7/28/2026 7:01:25 PM"
"C:\Users\glenn\Documents\Code Black Telemetry Backups\atlas-production-working-tree-20260729-200938\native\radar-ref\target\release\.fingerprint\serde-455fddb0de7ed8db\build-script-build-script-build","16","7/28/2026 7:01:32 PM"
"C:\Users\glenn\Documents\Code Black Telemetry Backups\atlas-production-working-tree-20260729-200938\native\radar-ref\target\release\.fingerprint\serde-455fddb0de7ed8db\build-script-build-script-build.json","504","7/28/2026 7:01:32 PM"
"C:\Users\glenn\Documents\Code Black Telemetry Backups\atlas-production-working-tree-20260729-200938\native\radar-ref\target\release\.fingerprint\serde-455fddb0de7ed8db\dep-build-script-build-script-build","14","7/28/2026 7:01:31 PM"
"C:\Users\glenn\Documents\Code Black Telemetry Backups\atlas-production-working-tree-20260729-200938\native\radar-ref\target\release\.fingerprint\serde-455fddb0de7ed8db\invoked.timestamp","48","7/28/2026 7:01:31 PM"
"C:\Users\glenn\Documents\Code Black Telemetry Backups\atlas-production-working-tree-20260729-200938\native\radar-ref\target\release\.fingerprint\serde_core-991e47b94a7a5086\build-script-build-script-build","16","7/28/2026 7:01:29 PM"
"C:\Users\glenn\Documents\Code Black Telemetry Backups\atlas-production-working-tree-20260729-200938\native\radar-ref\target\release\.fingerprint\serde_core-991e47b94a7a5086\build-script-build-script-build.json","460","7/28/2026 7:01:29 PM"
"C:\Users\glenn\Documents\Code Black Telemetry Backups\atlas-production-working-tree-20260729-200938\native\radar-ref\target\release\.fingerprint\serde_core-991e47b94a7a5086\dep-build-script-build-script-build","14","7/28/2026 7:01:28 PM"
"C:\Users\glenn\Documents\Code Black Telemetry Backups\atlas-production-working-tree-20260729-200938\native\radar-ref\target\release\.fingerprint\serde_core-991e47b94a7a5086\invoked.timestamp","48","7/28/2026 7:01:28 PM"
"C:\Users\glenn\Documents\Code Black Telemetry Backups\atlas-production-working-tree-20260729-200938\native\radar-ref\target\release\.fingerprint\serde_derive-fd5669377a4675d3\dep-lib-serde_derive","14","7/28/2026 7:01:33 PM"
"C:\Users\glenn\Documents\Code Black Telemetry Backups\atlas-production-working-tree-20260729-200938\native\radar-ref\target\release\.fingerprint\serde_derive-fd5669377a4675d3\invoked.timestamp","48","7/28/2026 7:01:33 PM"
"C:\Users\glenn\Documents\Code Black Telemetry Backups\atlas-production-working-tree-20260729-200938\native\radar-ref\target\release\.fingerprint\serde_derive-fd5669377a4675d3\lib-serde_derive","16","7/28/2026 7:01:38 PM"
"C:\Users\glenn\Documents\Code Black Telemetry Backups\atlas-production-working-tree-20260729-200938\native\radar-ref\target\release\.fingerprint\serde_derive-fd5669377a4675d3\lib-serde_derive.json","583","7/28/2026 7:01:38 PM"
"C:\Users\glenn\Documents\Code Black Telemetry Backups\atlas-production-working-tree-20260729-200938\native\radar-ref\target\release\.fingerprint\serde_json-82a0e3ecd23b1092\build-script-build-script-build","16","7/28/2026 7:01:31 PM"
"C:\Users\glenn\Documents\Code Black Telemetry Backups\atlas-production-working-tree-20260729-200938\native\radar-ref\target\release\.fingerprint\serde_json-82a0e3ecd23b1092\build-script-build-script-build.json","543","7/28/2026 7:01:31 PM"
"C:\Users\glenn\Documents\Code Black Telemetry Backups\atlas-production-working-tree-20260729-200938\native\radar-ref\target\release\.fingerprint\serde_json-82a0e3ecd23b1092\dep-build-script-build-script-build","14","7/28/2026 7:01:31 PM"
"C:\Users\glenn\Documents\Code Black Telemetry Backups\atlas-production-working-tree-20260729-200938\native\radar-ref\target\release\.fingerprint\serde_json-82a0e3ecd23b1092\invoked.timestamp","48","7/28/2026 7:01:31 PM"
"C:\Users\glenn\Documents\Code Black Telemetry Backups\atlas-production-working-tree-20260729-200938\native\radar-ref\target\release\.fingerprint\simd_helpers-5bd855caafa7edfe\dep-lib-simd_helpers","14","7/28/2026 7:01:28 PM"
"C:\Users\glenn\Documents\Code Black Telemetry Backups\atlas-production-working-tree-20260729-200938\native\radar-ref\target\release\.fingerprint\simd_helpers-5bd855caafa7edfe\invoked.timestamp","48","7/28/2026 7:01:28 PM"
"C:\Users\glenn\Documents\Code Black Telemetry Backups\atlas-production-working-tree-20260729-200938\native\radar-ref\target\release\.fingerprint\simd_helpers-5bd855caafa7edfe\lib-simd_helpers","16","7/28/2026 7:01:28 PM"
"C:\Users\glenn\Documents\Code Black Telemetry Backups\atlas-production-working-tree-20260729-200938\native\radar-ref\target\release\.fingerprint\simd_helpers-5bd855caafa7edfe\lib-simd_helpers.json","419","7/28/2026 7:01:28 PM"
"C:\Users\glenn\Documents\Code Black Telemetry Backups\atlas-production-working-tree-20260729-200938\native\radar-ref\target\release\.fingerprint\syn-494ecbfe81afba62\dep-lib-syn","14","7/28/2026 7:01:27 PM"
"C:\Users\glenn\Documents\Code Black Telemetry Backups\atlas-production-working-tree-20260729-200938\native\radar-ref\target\release\.fingerprint\syn-494ecbfe81afba62\invoked.timestamp","48","7/28/2026 7:01:27 PM"
"C:\Users\glenn\Documents\Code Black Telemetry Backups\atlas-production-working-tree-20260729-200938\native\radar-ref\target\release\.fingerprint\syn-494ecbfe81afba62\lib-syn","16","7/28/2026 7:01:33 PM"
"C:\Users\glenn\Documents\Code Black Telemetry Backups\atlas-production-working-tree-20260729-200938\native\radar-ref\target\release\.fingerprint\syn-494ecbfe81afba62\lib-syn.json","767","7/28/2026 7:01:33 PM"
"C:\Users\glenn\Documents\Code Black Telemetry Backups\atlas-production-working-tree-20260729-200938\native\radar-ref\target\release\.fingerprint\syn-52685eaf22f81a60\dep-lib-syn","14","7/28/2026 7:01:27 PM"
"C:\Users\glenn\Documents\Code Black Telemetry Backups\atlas-production-working-tree-20260729-200938\native\radar-ref\target\release\.fingerprint\syn-52685eaf22f81a60\invoked.timestamp","48","7/28/2026 7:01:27 PM"
"C:\Users\glenn\Documents\Code Black Telemetry Backups\atlas-production-working-tree-20260729-200938\native\radar-ref\target\release\.fingerprint\syn-52685eaf22f81a60\lib-syn","16","7/28/2026 7:01:35 PM"
"C:\Users\glenn\Documents\Code Black Telemetry Backups\atlas-production-working-tree-20260729-200938\native\radar-ref\target\release\.fingerprint\syn-52685eaf22f81a60\lib-syn.json","796","7/28/2026 7:01:35 PM"
"C:\Users\glenn\Documents\Code Black Telemetry Backups\atlas-production-working-tree-20260729-200938\native\radar-ref\target\release\.fingerprint\thiserror-24b191117af04cfb\build-script-build-script-build","16","7/28/2026 7:01:30 PM"
"C:\Users\glenn\Documents\Code Black Telemetry Backups\atlas-production-working-tree-20260729-200938\native\radar-ref\target\release\.fingerprint\thiserror-24b191117af04cfb\build-script-build-script-build.json","374","7/28/2026 7:01:30 PM"
"C:\Users\glenn\Documents\Code Black Telemetry Backups\atlas-production-working-tree-20260729-200938\native\radar-ref\target\release\.fingerprint\thiserror-24b191117af04cfb\dep-build-script-build-script-build","14","7/28/2026 7:01:30 PM"
"C:\Users\glenn\Documents\Code Black Telemetry Backups\atlas-production-working-tree-20260729-200938\native\radar-ref\target\release\.fingerprint\thiserror-24b191117af04cfb\invoked.timestamp","48","7/28/2026 7:01:30 PM"
"C:\Users\glenn\Documents\Code Black Telemetry Backups\atlas-production-working-tree-20260729-200938\native\radar-ref\target\release\.fingerprint\thiserror-7d8d278c5ae66c9d\build-script-build-script-build","16","7/28/2026 7:01:26 PM"
"C:\Users\glenn\Documents\Code Black Telemetry Backups\atlas-production-working-tree-20260729-200938\native\radar-ref\target\release\.fingerprint\thiserror-7d8d278c5ae66c9d\build-script-build-script-build.json","414","7/28/2026 7:01:26 PM"
"C:\Users\glenn\Documents\Code Black Telemetry Backups\atlas-production-working-tree-20260729-200938\native\radar-ref\target\release\.fingerprint\thiserror-7d8d278c5ae66c9d\dep-build-script-build-script-build","14","7/28/2026 7:01:25 PM"
"C:\Users\glenn\Documents\Code Black Telemetry Backups\atlas-production-working-tree-20260729-200938\native\radar-ref\target\release\.fingerprint\thiserror-7d8d278c5ae66c9d\invoked.timestamp","48","7/28/2026 7:01:25 PM"
"C:\Users\glenn\Documents\Code Black Telemetry Backups\atlas-production-working-tree-20260729-200938\native\radar-ref\target\release\.fingerprint\thiserror-impl-ddabdd1184bbece7\dep-lib-thiserror_impl","14","7/28/2026 7:01:35 PM"
"C:\Users\glenn\Documents\Code Black Telemetry Backups\atlas-production-working-tree-20260729-200938\native\radar-ref\target\release\.fingerprint\thiserror-impl-ddabdd1184bbece7\invoked.timestamp","48","7/28/2026 7:01:35 PM"
"C:\Users\glenn\Documents\Code Black Telemetry Backups\atlas-production-working-tree-20260729-200938\native\radar-ref\target\release\.fingerprint\thiserror-impl-ddabdd1184bbece7\lib-thiserror_impl","16","7/28/2026 7:01:37 PM"
"C:\Users\glenn\Documents\Code Black Telemetry Backups\atlas-production-working-tree-20260729-200938\native\radar-ref\target\release\.fingerprint\thiserror-impl-ddabdd1184bbece7\lib-thiserror_impl.json","540","7/28/2026 7:01:37 PM"
"C:\Users\glenn\Documents\Code Black Telemetry Backups\atlas-production-working-tree-20260729-200938\native\radar-ref\target\release\.fingerprint\thiserror-impl-f2784637a031c891\dep-lib-thiserror_impl","14","7/28/2026 7:01:33 PM"
"C:\Users\glenn\Documents\Code Black Telemetry Backups\atlas-production-working-tree-20260729-200938\native\radar-ref\target\release\.fingerprint\thiserror-impl-f2784637a031c891\invoked.timestamp","48","7/28/2026 7:01:33 PM"
"C:\Users\glenn\Documents\Code Black Telemetry Backups\atlas-production-working-tree-20260729-200938\native\radar-ref\target\release\.fingerprint\thiserror-impl-f2784637a031c891\lib-thiserror_impl","16","7/28/2026 7:01:35 PM"
"C:\Users\glenn\Documents\Code Black Telemetry Backups\atlas-production-working-tree-20260729-200938\native\radar-ref\target\release\.fingerprint\thiserror-impl-f2784637a031c891\lib-thiserror_impl.json","538","7/28/2026 7:01:35 PM"
"C:\Users\glenn\Documents\Code Black Telemetry Backups\atlas-production-working-tree-20260729-200938\native\radar-ref\target\release\.fingerprint\unicode-ident-eb63e0f26c8cf3b2\dep-lib-unicode_ident","14","7/28/2026 7:01:25 PM"
"C:\Users\glenn\Documents\Code Black Telemetry Backups\atlas-production-working-tree-20260729-200938\native\radar-ref\target\release\.fingerprint\unicode-ident-eb63e0f26c8cf3b2\invoked.timestamp","48","7/28/2026 7:01:25 PM"
"C:\Users\glenn\Documents\Code Black Telemetry Backups\atlas-production-working-tree-20260729-200938\native\radar-ref\target\release\.fingerprint\unicode-ident-eb63e0f26c8cf3b2\lib-unicode_ident","16","7/28/2026 7:01:25 PM"
"C:\Users\glenn\Documents\Code Black Telemetry Backups\atlas-production-working-tree-20260729-200938\native\radar-ref\target\release\.fingerprint\unicode-ident-eb63e0f26c8cf3b2\lib-unicode_ident.json","366","7/28/2026 7:01:25 PM"
"C:\Users\glenn\Documents\Code Black Telemetry Backups\atlas-production-working-tree-20260729-200938\native\radar-ref\target\release\.fingerprint\version_check-b85d6df5f31495fb\dep-lib-version_check","14","7/28/2026 7:01:25 PM"
"C:\Users\glenn\Documents\Code Black Telemetry Backups\atlas-production-working-tree-20260729-200938\native\radar-ref\target\release\.fingerprint\version_check-b85d6df5f31495fb\invoked.timestamp","48","7/28/2026 7:01:25 PM"
"C:\Users\glenn\Documents\Code Black Telemetry Backups\atlas-production-working-tree-20260729-200938\native\radar-ref\target\release\.fingerprint\version_check-b85d6df5f31495fb\lib-version_check","16","7/28/2026 7:01:26 PM"
"C:\Users\glenn\Documents\Code Black Telemetry Backups\atlas-production-working-tree-20260729-200938\native\radar-ref\target\release\.fingerprint\version_check-b85d6df5f31495fb\lib-version_check.json","365","7/28/2026 7:01:26 PM"
"C:\Users\glenn\Documents\Code Black Telemetry Backups\atlas-production-working-tree-20260729-200938\native\radar-ref\target\release\.fingerprint\zerocopy-derive-fe9c6ca21c4168ee\dep-lib-zerocopy_derive","14","7/28/2026 7:01:35 PM"
"C:\Users\glenn\Documents\Code Black Telemetry Backups\atlas-production-working-tree-20260729-200938\native\radar-ref\target\release\.fingerprint\zerocopy-derive-fe9c6ca21c4168ee\invoked.timestamp","48","7/28/2026 7:01:35 PM"
"C:\Users\glenn\Documents\Code Black Telemetry Backups\atlas-production-working-tree-20260729-200938\native\radar-ref\target\release\.fingerprint\zerocopy-derive-fe9c6ca21c4168ee\lib-zerocopy_derive","16","7/28/2026 7:01:38 PM"
"C:\Users\glenn\Documents\Code Black Telemetry Backups\atlas-production-working-tree-20260729-200938\native\radar-ref\target\release\.fingerprint\zerocopy-derive-fe9c6ca21c4168ee\lib-zerocopy_derive.json","544","7/28/2026 7:01:38 PM"
"C:\Users\glenn\Documents\Code Black Telemetry Backups\atlas-production-working-tree-20260729-200938\native\radar-ref\target\release\.fingerprint\zerocopy-f6c5feb970dbfa0a\build-script-build-script-build","16","7/28/2026 7:01:26 PM"
"C:\Users\glenn\Documents\Code Black Telemetry Backups\atlas-production-working-tree-20260729-200938\native\radar-ref\target\release\.fingerprint\zerocopy-f6c5feb970dbfa0a\build-script-build-script-build.json","567","7/28/2026 7:01:26 PM"
"C:\Users\glenn\Documents\Code Black Telemetry Backups\atlas-production-working-tree-20260729-200938\native\radar-ref\target\release\.fingerprint\zerocopy-f6c5feb970dbfa0a\dep-build-script-build-script-build","14","7/28/2026 7:01:25 PM"
"C:\Users\glenn\Documents\Code Black Telemetry Backups\atlas-production-working-tree-20260729-200938\native\radar-ref\target\release\.fingerprint\zerocopy-f6c5feb970dbfa0a\invoked.timestamp","48","7/28/2026 7:01:25 PM"
"C:\Users\glenn\Documents\Code Black Telemetry Backups\atlas-production-working-tree-20260729-200938\native\radar-ref\target\release\.fingerprint\zmij-0ad1e4f91df8c19a\build-script-build-script-build","16","7/28/2026 7:01:31 PM"
"C:\Users\glenn\Documents\Code Black Telemetry Backups\atlas-production-working-tree-20260729-200938\native\radar-ref\target\release\.fingerprint\zmij-0ad1e4f91df8c19a\build-script-build-script-build.json","382","7/28/2026 7:01:31 PM"
"C:\Users\glenn\Documents\Code Black Telemetry Backups\atlas-production-working-tree-20260729-200938\native\radar-ref\target\release\.fingerprint\zmij-0ad1e4f91df8c19a\dep-build-script-build-script-build","14","7/28/2026 7:01:30 PM"
"C:\Users\glenn\Documents\Code Black Telemetry Backups\atlas-production-working-tree-20260729-200938\native\radar-ref\target\release\.fingerprint\zmij-0ad1e4f91df8c19a\invoked.timestamp","48","7/28/2026 7:01:30 PM"
"C:\Users\glenn\Documents\Code Black Telemetry Backups\atlas-production-working-tree-20260729-200938\native\radar-ref\target\release\deps\arg_enum_proc_macro-3092e26512eb053a.d","566","7/28/2026 7:01:35 PM"
"C:\Users\glenn\Documents\Code Black Telemetry Backups\atlas-production-working-tree-20260729-200938\native\radar-ref\target\release\deps\arg_enum_proc_macro-3092e26512eb053a.dll","3029504","7/28/2026 7:01:36 PM"
"C:\Users\glenn\Documents\Code Black Telemetry Backups\atlas-production-working-tree-20260729-200938\native\radar-ref\target\release\deps\autocfg-cd490c0cc3e0f0a0.d","1873","7/28/2026 7:01:25 PM"
"C:\Users\glenn\Documents\Code Black Telemetry Backups\atlas-production-working-tree-20260729-200938\native\radar-ref\target\release\deps\built-678ace74d1623c7f.d","1863","7/28/2026 7:01:26 PM"
"C:\Users\glenn\Documents\Code Black Telemetry Backups\atlas-production-working-tree-20260729-200938\native\radar-ref\target\release\deps\equator_macro-1c53a38a73e83ed5.d","536","7/28/2026 7:01:36 PM"
"C:\Users\glenn\Documents\Code Black Telemetry Backups\atlas-production-working-tree-20260729-200938\native\radar-ref\target\release\deps\equator_macro-1c53a38a73e83ed5.dll","3049984","7/28/2026 7:01:36 PM"
"C:\Users\glenn\Documents\Code Black Telemetry Backups\atlas-production-working-tree-20260729-200938\native\radar-ref\target\release\deps\jni_sys_macros-7a8cfa81e6f593f8.d","541","7/28/2026 7:01:35 PM"
"C:\Users\glenn\Documents\Code Black Telemetry Backups\atlas-production-working-tree-20260729-200938\native\radar-ref\target\release\deps\jni_sys_macros-7a8cfa81e6f593f8.dll","3003392","7/28/2026 7:01:36 PM"
"C:\Users\glenn\Documents\Code Black Telemetry Backups\atlas-production-working-tree-20260729-200938\native\radar-ref\target\release\deps\libarg_enum_proc_macro-3092e26512eb053a.dll.a","2858","7/28/2026 7:01:36 PM"
"C:\Users\glenn\Documents\Code Black Telemetry Backups\atlas-production-working-tree-20260729-200938\native\radar-ref\target\release\deps\libautocfg-cd490c0cc3e0f0a0.rlib","502362","7/28/2026 7:01:26 PM"
"C:\Users\glenn\Documents\Code Black Telemetry Backups\atlas-production-working-tree-20260729-200938\native\radar-ref\target\release\deps\libautocfg-cd490c0cc3e0f0a0.rmeta","81973","7/28/2026 7:01:25 PM"
"C:\Users\glenn\Documents\Code Black Telemetry Backups\atlas-production-working-tree-20260729-200938\native\radar-ref\target\release\deps\libbuilt-678ace74d1623c7f.rlib","781124","7/28/2026 7:01:27 PM"
"C:\Users\glenn\Documents\Code Black Telemetry Backups\atlas-production-working-tree-20260729-200938\native\radar-ref\target\release\deps\libbuilt-678ace74d1623c7f.rmeta","116731","7/28/2026 7:01:27 PM"
"C:\Users\glenn\Documents\Code Black Telemetry Backups\atlas-production-working-tree-20260729-200938\native\radar-ref\target\release\deps\libequator_macro-1c53a38a73e83ed5.dll.a","2752","7/28/2026 7:01:36 PM"
"C:\Users\glenn\Documents\Code Black Telemetry Backups\atlas-production-working-tree-20260729-200938\native\radar-ref\target\release\deps\libjni_sys_macros-7a8cfa81e6f593f8.dll.a","2768","7/28/2026 7:01:36 PM"
"C:\Users\glenn\Documents\Code Black Telemetry Backups\atlas-production-working-tree-20260729-200938\native\radar-ref\target\release\deps\libnoop_proc_macro-78c80edd2d049a92.dll.a","2790","7/28/2026 7:01:28 PM"
"C:\Users\glenn\Documents\Code Black Telemetry Backups\atlas-production-working-tree-20260729-200938\native\radar-ref\target\release\deps\libnum_derive-19ee2e29ac2a7353.dll.a","2700","7/28/2026 7:01:37 PM"
"C:\Users\glenn\Documents\Code Black Telemetry Backups\atlas-production-working-tree-20260729-200938\native\radar-ref\target\release\deps\libpaste-2e5f491153807f25.dll.a","2616","7/28/2026 7:01:27 PM"
"C:\Users\glenn\Documents\Code Black Telemetry Backups\atlas-production-working-tree-20260729-200938\native\radar-ref\target\release\deps\libpastey-d32cd66eae31a00f.dll.a","2632","7/28/2026 7:01:28 PM"
"C:\Users\glenn\Documents\Code Black Telemetry Backups\atlas-production-working-tree-20260729-200938\native\radar-ref\target\release\deps\libproc_macro2-0998db0882a08eda.rlib","916816","7/28/2026 7:01:27 PM"
"C:\Users\glenn\Documents\Code Black Telemetry Backups\atlas-production-working-tree-20260729-200938\native\radar-ref\target\release\deps\libproc_macro2-0998db0882a08eda.rmeta","342216","7/28/2026 7:01:27 PM"
"C:\Users\glenn\Documents\Code Black Telemetry Backups\atlas-production-working-tree-20260729-200938\native\radar-ref\target\release\deps\libprofiling_procmacros-b4669c2f9538e58a.dll.a","2874","7/28/2026 7:01:36 PM"
"C:\Users\glenn\Documents\Code Black Telemetry Backups\atlas-production-working-tree-20260729-200938\native\radar-ref\target\release\deps\libquote-66c935687517eb75.rlib","422688","7/28/2026 7:01:28 PM"
"C:\Users\glenn\Documents\Code Black Telemetry Backups\atlas-production-working-tree-20260729-200938\native\radar-ref\target\release\deps\libquote-66c935687517eb75.rmeta","270500","7/28/2026 7:01:27 PM"
"C:\Users\glenn\Documents\Code Black Telemetry Backups\atlas-production-working-tree-20260729-200938\native\radar-ref\target\release\deps\libserde_derive-fd5669377a4675d3.dll.a","2738","7/28/2026 7:01:37 PM"
"C:\Users\glenn\Documents\Code Black Telemetry Backups\atlas-production-working-tree-20260729-200938\native\radar-ref\target\release\deps\libsimd_helpers-5bd855caafa7edfe.dll.a","2738","7/28/2026 7:01:28 PM"
"C:\Users\glenn\Documents\Code Black Telemetry Backups\atlas-production-working-tree-20260729-200938\native\radar-ref\target\release\deps\libsyn-494ecbfe81afba62.rlib","5011878","7/28/2026 7:01:33 PM"
"C:\Users\glenn\Documents\Code Black Telemetry Backups\atlas-production-working-tree-20260729-200938\native\radar-ref\target\release\deps\libsyn-494ecbfe81afba62.rmeta","2220936","7/28/2026 7:01:31 PM"
"C:\Users\glenn\Documents\Code Black Telemetry Backups\atlas-production-working-tree-20260729-200938\native\radar-ref\target\release\deps\libsyn-52685eaf22f81a60.rlib","8881908","7/28/2026 7:01:35 PM"
"C:\Users\glenn\Documents\Code Black Telemetry Backups\atlas-production-working-tree-20260729-200938\native\radar-ref\target\release\deps\libsyn-52685eaf22f81a60.rmeta","3755531","7/28/2026 7:01:33 PM"
"C:\Users\glenn\Documents\Code Black Telemetry Backups\atlas-production-working-tree-20260729-200938\native\radar-ref\target\release\deps\libthiserror_impl-ddabdd1184bbece7.dll.a","2768","7/28/2026 7:01:37 PM"
"C:\Users\glenn\Documents\Code Black Telemetry Backups\atlas-production-working-tree-20260729-200938\native\radar-ref\target\release\deps\libthiserror_impl-f2784637a031c891.dll.a","2768","7/28/2026 7:01:35 PM"
"C:\Users\glenn\Documents\Code Black Telemetry Backups\atlas-production-working-tree-20260729-200938\native\radar-ref\target\release\deps\libunicode_ident-eb63e0f26c8cf3b2.rlib","47264","7/28/2026 7:01:25 PM"
"C:\Users\glenn\Documents\Code Black Telemetry Backups\atlas-production-working-tree-20260729-200938\native\radar-ref\target\release\deps\libunicode_ident-eb63e0f26c8cf3b2.rmeta","32914","7/28/2026 7:01:25 PM"
"C:\Users\glenn\Documents\Code Black Telemetry Backups\atlas-production-working-tree-20260729-200938\native\radar-ref\target\release\deps\libversion_check-b85d6df5f31495fb.rlib","317970","7/28/2026 7:01:26 PM"
"C:\Users\glenn\Documents\Code Black Telemetry Backups\atlas-production-working-tree-20260729-200938\native\radar-ref\target\release\deps\libversion_check-b85d6df5f31495fb.rmeta","74581","7/28/2026 7:01:25 PM"
"C:\Users\glenn\Documents\Code Black Telemetry Backups\atlas-production-working-tree-20260729-200938\native\radar-ref\target\release\deps\libzerocopy_derive-fe9c6ca21c4168ee.dll.a","2778","7/28/2026 7:01:37 PM"
"C:\Users\glenn\Documents\Code Black Telemetry Backups\atlas-production-working-tree-20260729-200938\native\radar-ref\target\release\deps\noop_proc_macro-78c80edd2d049a92.d","546","7/28/2026 7:01:28 PM"
"C:\Users\glenn\Documents\Code Black Telemetry Backups\atlas-production-working-tree-20260729-200938\native\radar-ref\target\release\deps\noop_proc_macro-78c80edd2d049a92.dll","1124864","7/28/2026 7:01:28 PM"
"C:\Users\glenn\Documents\Code Black Telemetry Backups\atlas-production-working-tree-20260729-200938\native\radar-ref\target\release\deps\num_derive-19ee2e29ac2a7353.d","521","7/28/2026 7:01:36 PM"
"C:\Users\glenn\Documents\Code Black Telemetry Backups\atlas-production-working-tree-20260729-200938\native\radar-ref\target\release\deps\num_derive-19ee2e29ac2a7353.dll","3124736","7/28/2026 7:01:37 PM"
"C:\Users\glenn\Documents\Code Black Telemetry Backups\atlas-production-working-tree-20260729-200938\native\radar-ref\target\release\deps\paste-2e5f491153807f25.d","1351","7/28/2026 7:01:26 PM"
"C:\Users\glenn\Documents\Code Black Telemetry Backups\atlas-production-working-tree-20260729-200938\native\radar-ref\target\release\deps\paste-2e5f491153807f25.dll","1223168","7/28/2026 7:01:27 PM"
"C:\Users\glenn\Documents\Code Black Telemetry Backups\atlas-production-working-tree-20260729-200938\native\radar-ref\target\release\deps\pastey-d32cd66eae31a00f.d","1648","7/28/2026 7:01:27 PM"
"C:\Users\glenn\Documents\Code Black Telemetry Backups\atlas-production-working-tree-20260729-200938\native\radar-ref\target\release\deps\pastey-d32cd66eae31a00f.dll","1229824","7/28/2026 7:01:28 PM"
"C:\Users\glenn\Documents\Code Black Telemetry Backups\atlas-production-working-tree-20260729-200938\native\radar-ref\target\release\deps\proc_macro2-0998db0882a08eda.d","5032","7/28/2026 7:01:26 PM"
"C:\Users\glenn\Documents\Code Black Telemetry Backups\atlas-production-working-tree-20260729-200938\native\radar-ref\target\release\deps\profiling_procmacros-b4669c2f9538e58a.d","574","7/28/2026 7:01:35 PM"
"C:\Users\glenn\Documents\Code Black Telemetry Backups\atlas-production-working-tree-20260729-200938\native\radar-ref\target\release\deps\profiling_procmacros-b4669c2f9538e58a.dll","2946048","7/28/2026 7:01:36 PM"
"C:\Users\glenn\Documents\Code Black Telemetry Backups\atlas-production-working-tree-20260729-200938\native\radar-ref\target\release\deps\quote-66c935687517eb75.d","3038","7/28/2026 7:01:27 PM"
"C:\Users\glenn\Documents\Code Black Telemetry Backups\atlas-production-working-tree-20260729-200938\native\radar-ref\target\release\deps\serde_derive-fd5669377a4675d3.d","9381","7/28/2026 7:01:34 PM"
"C:\Users\glenn\Documents\Code Black Telemetry Backups\atlas-production-working-tree-20260729-200938\native\radar-ref\target\release\deps\serde_derive-fd5669377a4675d3.dll","3151360","7/28/2026 7:01:37 PM"
"C:\Users\glenn\Documents\Code Black Telemetry Backups\atlas-production-working-tree-20260729-200938\native\radar-ref\target\release\deps\simd_helpers-5bd855caafa7edfe.d","531","7/28/2026 7:01:28 PM"
"C:\Users\glenn\Documents\Code Black Telemetry Backups\atlas-production-working-tree-20260729-200938\native\radar-ref\target\release\deps\simd_helpers-5bd855caafa7edfe.dll","1340928","7/28/2026 7:01:28 PM"
"C:\Users\glenn\Documents\Code Black Telemetry Backups\atlas-production-working-tree-20260729-200938\native\radar-ref\target\release\deps\syn-494ecbfe81afba62.d","16332","7/28/2026 7:01:28 PM"
"C:\Users\glenn\Documents\Code Black Telemetry Backups\atlas-production-working-tree-20260729-200938\native\radar-ref\target\release\deps\syn-52685eaf22f81a60.d","19664","7/28/2026 7:01:28 PM"
"C:\Users\glenn\Documents\Code Black Telemetry Backups\atlas-production-working-tree-20260729-200938\native\radar-ref\target\release\deps\thiserror_impl-ddabdd1184bbece7.d","3337","7/28/2026 7:01:36 PM"
"C:\Users\glenn\Documents\Code Black Telemetry Backups\atlas-production-working-tree-20260729-200938\native\radar-ref\target\release\deps\thiserror_impl-ddabdd1184bbece7.dll","3324928","7/28/2026 7:01:37 PM"
"C:\Users\glenn\Documents\Code Black Telemetry Backups\atlas-production-working-tree-20260729-200938\native\radar-ref\target\release\deps\thiserror_impl-f2784637a031c891.d","3697","7/28/2026 7:01:33 PM"
"C:\Users\glenn\Documents\Code Black Telemetry Backups\atlas-production-working-tree-20260729-200938\native\radar-ref\target\release\deps\thiserror_impl-f2784637a031c891.dll","2557952","7/28/2026 7:01:35 PM"
"C:\Users\glenn\Documents\Code Black Telemetry Backups\atlas-production-working-tree-20260729-200938\native\radar-ref\target\release\deps\unicode_ident-eb63e0f26c8cf3b2.d","1181","7/28/2026 7:01:25 PM"
"C:\Users\glenn\Documents\Code Black Telemetry Backups\atlas-production-working-tree-20260729-200938\native\radar-ref\target\release\deps\version_check-b85d6df5f31495fb.d","1991","7/28/2026 7:01:25 PM"
"C:\Users\glenn\Documents\Code Black Telemetry Backups\atlas-production-working-tree-20260729-200938\native\radar-ref\target\release\deps\zerocopy_derive-fe9c6ca21c4168ee.d","3257","7/28/2026 7:01:36 PM"
"C:\Users\glenn\Documents\Code Black Telemetry Backups\atlas-production-working-tree-20260729-200938\native\radar-ref\target\release\deps\zerocopy_derive-fe9c6ca21c4168ee.dll","3458048","7/28/2026 7:01:38 PM"
"C:\Users\glenn\Documents\Code Black Telemetry Backups\atlas-production-working-tree-20260729-200938\public\atlas-fixture-ref.svg","1705","7/29/2026 1:43:53 PM"
"C:\Users\glenn\Documents\Code Black Telemetry Backups\atlas-production-working-tree-20260729-200938\public\favicon.svg","9522","6/27/2026 10:38:16 AM"
"C:\Users\glenn\Documents\Code Black Telemetry Backups\atlas-production-working-tree-20260729-200938\public\icons.svg","5031","6/27/2026 10:38:16 AM"
"C:\Users\glenn\Documents\Code Black Telemetry Backups\atlas-production-working-tree-20260729-200938\public\manifest.webmanifest","353","7/28/2026 1:08:50 PM"
"C:\Users\glenn\Documents\Code Black Telemetry Backups\atlas-production-working-tree-20260729-200938\public\sw.js","1259","7/28/2026 2:34:59 PM"
"C:\Users\glenn\Documents\Code Black Telemetry Backups\atlas-production-working-tree-20260729-200938\qa-screenshots\codeblack-before-expanded-base.png","1028414","7/28/2026 6:07:52 PM"
"C:\Users\glenn\Documents\Code Black Telemetry Backups\atlas-production-working-tree-20260729-200938\qa-screenshots\codeblack-before-expanded-radar.png","946323","7/28/2026 6:07:52 PM"
"C:\Users\glenn\Documents\Code Black Telemetry Backups\atlas-production-working-tree-20260729-200938\qa-screenshots\codeblack-final-integration-page1-final.png","1112094","7/28/2026 5:43:52 PM"
"C:\Users\glenn\Documents\Code Black Telemetry Backups\atlas-production-working-tree-20260729-200938\qa-screenshots\codeblack-final-integration-page1.png","828248","7/28/2026 5:37:56 PM"
"C:\Users\glenn\Documents\Code Black Telemetry Backups\atlas-production-working-tree-20260729-200938\qa-screenshots\codeblack-final-integration-page1b.png","1118274","7/28/2026 5:40:04 PM"
"C:\Users\glenn\Documents\Code Black Telemetry Backups\atlas-production-working-tree-20260729-200938\qa-screenshots\codeblack-final-integration-page2-final.png","808388","7/28/2026 5:43:54 PM"
"C:\Users\glenn\Documents\Code Black Telemetry Backups\atlas-production-working-tree-20260729-200938\qa-screenshots\codeblack-final-integration-page2.png","828052","7/28/2026 5:37:59 PM"
"C:\Users\glenn\Documents\Code Black Telemetry Backups\atlas-production-working-tree-20260729-200938\qa-screenshots\codeblack-final-integration-page2b.png","807570","7/28/2026 5:40:06 PM"
"C:\Users\glenn\Documents\Code Black Telemetry Backups\atlas-production-working-tree-20260729-200938\qa-screenshots\codeblack-final-page1.png","1113370","7/28/2026 5:42:31 PM"
"C:\Users\glenn\Documents\Code Black Telemetry Backups\atlas-production-working-tree-20260729-200938\qa-screenshots\codeblack-final-page2.png","808223","7/28/2026 5:42:34 PM"
"C:\Users\glenn\Documents\Code Black Telemetry Backups\atlas-production-working-tree-20260729-200938\qa-screenshots\codeblack-ondevice-page1-final.png","1014371","7/28/2026 6:06:40 PM"
"C:\Users\glenn\Documents\Code Black Telemetry Backups\atlas-production-working-tree-20260729-200938\qa-screenshots\codeblack-ondevice-page1.png","1033634","7/28/2026 6:01:53 PM"
"C:\Users\glenn\Documents\Code Black Telemetry Backups\atlas-production-working-tree-20260729-200938\qa-screenshots\codeblack-ondevice-page2-final.png","826204","7/28/2026 6:06:22 PM"
"C:\Users\glenn\Documents\Code Black Telemetry Backups\atlas-production-working-tree-20260729-200938\qa-screenshots\codeblack-ondevice-page2.png","837901","7/28/2026 6:01:55 PM"
"C:\Users\glenn\Documents\Code Black Telemetry Backups\atlas-production-working-tree-20260729-200938\qa-screenshots\codeblack-radar-rescue-after-back.png","1009679","7/28/2026 6:11:17 PM"
"C:\Users\glenn\Documents\Code Black Telemetry Backups\atlas-production-working-tree-20260729-200938\qa-screenshots\codeblack-radar-rescue-back-final.png","1014466","7/28/2026 6:13:04 PM"
"C:\Users\glenn\Documents\Code Black Telemetry Backups\atlas-production-working-tree-20260729-200938\qa-screenshots\codeblack-radar-rescue-expanded-final-warm.png","720493","7/28/2026 6:14:48 PM"
"C:\Users\glenn\Documents\Code Black Telemetry Backups\atlas-production-working-tree-20260729-200938\qa-screenshots\codeblack-radar-rescue-expanded-final.png","722573","7/28/2026 6:13:03 PM"
"C:\Users\glenn\Documents\Code Black Telemetry Backups\atlas-production-working-tree-20260729-200938\qa-screenshots\codeblack-radar-rescue-expanded-ref.png","722608","7/28/2026 6:11:17 PM"
"C:\Users\glenn\Documents\Code Black Telemetry Backups\atlas-production-working-tree-20260729-200938\qa-screenshots\codeblack-radar-rescue-page1.png","1001845","7/28/2026 6:11:17 PM"
"C:\Users\glenn\Documents\Code Black Telemetry Backups\atlas-production-working-tree-20260729-200938\qa-screenshots\expanded-ref-2.png","947236","7/28/2026 4:50:26 PM"
"C:\Users\glenn\Documents\Code Black Telemetry Backups\atlas-production-working-tree-20260729-200938\qa-screenshots\expanded-ref-final.png","997713","7/28/2026 4:52:28 PM"
"C:\Users\glenn\Documents\Code Black Telemetry Backups\atlas-production-working-tree-20260729-200938\qa-screenshots\expanded-ref.png","1006787","7/28/2026 4:50:02 PM"
"C:\Users\glenn\Documents\Code Black Telemetry Backups\atlas-production-working-tree-20260729-200938\qa-screenshots\final-expanded.png","1013839","7/28/2026 4:54:49 PM"
"C:\Users\glenn\Documents\Code Black Telemetry Backups\atlas-production-working-tree-20260729-200938\qa-screenshots\final-page1.png","1014599","7/28/2026 4:54:44 PM"
"C:\Users\glenn\Documents\Code Black Telemetry Backups\atlas-production-working-tree-20260729-200938\qa-screenshots\final-page2.png","808079","7/28/2026 4:54:57 PM"
"C:\Users\glenn\Documents\Code Black Telemetry Backups\atlas-production-working-tree-20260729-200938\qa-screenshots\page1-ref-after-endpoint.png","690729","7/28/2026 4:45:58 PM"
"C:\Users\glenn\Documents\Code Black Telemetry Backups\atlas-production-working-tree-20260729-200938\qa-screenshots\page1-ref-live.png","1123041","7/28/2026 4:46:18 PM"
"C:\Users\glenn\Documents\Code Black Telemetry Backups\atlas-production-working-tree-20260729-200938\qa-screenshots\page1-ref-worker-ready.png","1016890","7/28/2026 4:49:08 PM"
"C:\Users\glenn\Documents\Code Black Telemetry Backups\atlas-production-working-tree-20260729-200938\qa-screenshots\page1-ref-worker.png","1124838","7/28/2026 4:48:14 PM"
"C:\Users\glenn\Documents\Code Black Telemetry Backups\atlas-production-working-tree-20260729-200938\qa-screenshots\page1-ref.png","1120129","7/28/2026 4:44:34 PM"
"C:\Users\glenn\Documents\Code Black Telemetry Backups\atlas-production-working-tree-20260729-200938\qa-screenshots\tablet-current.png","2127576","7/28/2026 4:43:43 PM"
"C:\Users\glenn\Documents\Code Black Telemetry Backups\atlas-production-working-tree-20260729-200938\qa-screenshots\tablet-logcat-tail.txt","390026","7/28/2026 4:54:58 PM"
"C:\Users\glenn\Documents\Code Black Telemetry Backups\atlas-production-working-tree-20260729-200938\qa-screenshots\tablet-meminfo.txt","6968","7/28/2026 4:54:57 PM"
"C:\Users\glenn\Documents\Code Black Telemetry Backups\atlas-production-working-tree-20260729-200938\qa-screenshots\beta1\ksgf-sn-last-p41et.bin","2060","7/28/2026 7:59:04 PM"
"C:\Users\glenn\Documents\Code Black Telemetry Backups\atlas-production-working-tree-20260729-200938\qa-screenshots\beta1\tablet-current.png","1006659","7/28/2026 7:56:19 PM"
"C:\Users\glenn\Documents\Code Black Telemetry Backups\atlas-production-working-tree-20260729-200938\qa-screenshots\beta1\tablet-expanded-cc.png","1018662","7/28/2026 7:58:11 PM"
"C:\Users\glenn\Documents\Code Black Telemetry Backups\atlas-production-working-tree-20260729-200938\qa-screenshots\beta1\tablet-expanded-et.png","659592","7/28/2026 7:58:17 PM"
"C:\Users\glenn\Documents\Code Black Telemetry Backups\atlas-production-working-tree-20260729-200938\qa-screenshots\beta1\tablet-expanded-srv.png","865768","7/28/2026 7:57:45 PM"
"C:\Users\glenn\Documents\Code Black Telemetry Backups\atlas-production-working-tree-20260729-200938\qa-screenshots\beta1\tablet-map-area.png","1195263","7/28/2026 7:56:33 PM"
"C:\Users\glenn\Documents\Code Black Telemetry Backups\atlas-production-working-tree-20260729-200938\qa-screenshots\beta1\tablet-page1-vel.png","855176","7/28/2026 7:57:03 PM"
"C:\Users\glenn\Documents\Code Black Telemetry Backups\atlas-production-working-tree-20260729-200938\qa-screenshots\beta1\tablet-page2-diagnostics.png","761379","7/28/2026 7:59:27 PM"
"C:\Users\glenn\Documents\Code Black Telemetry Backups\atlas-production-working-tree-20260729-200938\qa-screenshots\beta1-close\expanded-cc.png","1579122","7/29/2026 7:55:44 AM"
"C:\Users\glenn\Documents\Code Black Telemetry Backups\atlas-production-working-tree-20260729-200938\qa-screenshots\beta1-close\expanded-ref.png","1403801","7/29/2026 7:55:11 AM"
"C:\Users\glenn\Documents\Code Black Telemetry Backups\atlas-production-working-tree-20260729-200938\qa-screenshots\beta1-close\expanded-srv.png","1145966","7/29/2026 7:55:37 AM"
"C:\Users\glenn\Documents\Code Black Telemetry Backups\atlas-production-working-tree-20260729-200938\qa-screenshots\beta1-close\expanded-vel.png","1189417","7/29/2026 7:55:30 AM"
"C:\Users\glenn\Documents\Code Black Telemetry Backups\atlas-production-working-tree-20260729-200938\qa-screenshots\beta1-close\offline-cached-frame.png","798791","7/29/2026 7:56:07 AM"
"C:\Users\glenn\Documents\Code Black Telemetry Backups\atlas-production-working-tree-20260729-200938\qa-screenshots\beta1-close\page1-radar.png","1000181","7/29/2026 7:54:46 AM"
"C:\Users\glenn\Documents\Code Black Telemetry Backups\atlas-production-working-tree-20260729-200938\qa-screenshots\beta1-close\page2-diagnostics.png","842414","7/29/2026 7:55:56 AM"
"C:\Users\glenn\Documents\Code Black Telemetry Backups\atlas-production-working-tree-20260729-200938\qa-screenshots\beta1-close\product-switch-final.png","819127","7/29/2026 8:01:18 AM"
"C:\Users\glenn\Documents\Code Black Telemetry Backups\atlas-production-working-tree-20260729-200938\qa-screenshots\beta1-close\short-logcat.txt","81592614","7/29/2026 8:01:25 AM"
"C:\Users\glenn\Documents\Code Black Telemetry Backups\atlas-production-working-tree-20260729-200938\qa-screenshots\beta1-close\short-stability.txt","2392","7/29/2026 8:01:18 AM"
"C:\Users\glenn\Documents\Code Black Telemetry Backups\atlas-production-working-tree-20260729-200938\qa-screenshots\beta1-close\soak-mem.txt","2446","7/29/2026 7:56:40 AM"
"C:\Users\glenn\Documents\Code Black Telemetry Backups\atlas-production-working-tree-20260729-200938\qa-screenshots\beta1-close\soak-start.png","799690","7/29/2026 7:56:39 AM"
"C:\Users\glenn\Documents\Code Black Telemetry Backups\atlas-production-working-tree-20260729-200938\qa-screenshots\map-polish\back-page1-after.png","1492286","7/29/2026 9:01:03 AM"
"C:\Users\glenn\Documents\Code Black Telemetry Backups\atlas-production-working-tree-20260729-200938\qa-screenshots\map-polish\expanded-cc-after.png","1446860","7/29/2026 9:00:32 AM"
"C:\Users\glenn\Documents\Code Black Telemetry Backups\atlas-production-working-tree-20260729-200938\qa-screenshots\map-polish\expanded-ref-after.png","1446611","7/29/2026 9:00:03 AM"
"C:\Users\glenn\Documents\Code Black Telemetry Backups\atlas-production-working-tree-20260729-200938\qa-screenshots\map-polish\expanded-srv-after.png","1484556","7/29/2026 9:00:28 AM"
"C:\Users\glenn\Documents\Code Black Telemetry Backups\atlas-production-working-tree-20260729-200938\qa-screenshots\map-polish\expanded-vel-after.png","1446270","7/29/2026 9:00:25 AM"
"C:\Users\glenn\Documents\Code Black Telemetry Backups\atlas-production-working-tree-20260729-200938\qa-screenshots\map-polish\page1-after.png","799734","7/29/2026 8:59:10 AM"
"C:\Users\glenn\Documents\Code Black Telemetry Backups\atlas-production-working-tree-20260729-200938\qa-screenshots\map-polish\page1-landscape-after.png","1406543","7/29/2026 8:59:47 AM"
"C:\Users\glenn\Documents\Code Black Telemetry Backups\atlas-production-working-tree-20260729-200938\qa-screenshots\map-polish\page1-map-after.png","996200","7/29/2026 8:59:25 AM"
"C:\Users\glenn\Documents\Code Black Telemetry Backups\atlas-production-working-tree-20260729-200938\qa-screenshots\map-polish\page2-map-diagnostics.png","872255","7/29/2026 9:01:59 AM"
"C:\Users\glenn\Documents\Code Black Telemetry Backups\atlas-production-working-tree-20260729-200938\qa-screenshots\operation-atlas\atlas-after-back-active.png","1004926","7/29/2026 12:03:00 PM"
"C:\Users\glenn\Documents\Code Black Telemetry Backups\atlas-production-working-tree-20260729-200938\qa-screenshots\operation-atlas\atlas-back-page1.png","1418362","7/29/2026 11:56:21 AM"
"C:\Users\glenn\Documents\Code Black Telemetry Backups\atlas-production-working-tree-20260729-200938\qa-screenshots\operation-atlas\atlas-expanded-cc-active.png","1005324","7/29/2026 12:03:40 PM"
"C:\Users\glenn\Documents\Code Black Telemetry Backups\atlas-production-working-tree-20260729-200938\qa-screenshots\operation-atlas\atlas-expanded-cc.png","1163354","7/29/2026 11:55:47 AM"
"C:\Users\glenn\Documents\Code Black Telemetry Backups\atlas-production-working-tree-20260729-200938\qa-screenshots\operation-atlas\atlas-expanded-ref-active.png","186962","7/29/2026 12:02:58 PM"
"C:\Users\glenn\Documents\Code Black Telemetry Backups\atlas-production-working-tree-20260729-200938\qa-screenshots\operation-atlas\atlas-expanded-ref.png","1163374","7/29/2026 11:55:19 AM"
"C:\Users\glenn\Documents\Code Black Telemetry Backups\atlas-production-working-tree-20260729-200938\qa-screenshots\operation-atlas\atlas-expanded-srv.png","1236126","7/29/2026 11:55:43 AM"
"C:\Users\glenn\Documents\Code Black Telemetry Backups\atlas-production-working-tree-20260729-200938\qa-screenshots\operation-atlas\atlas-expanded-vel.png","1162898","7/29/2026 11:55:39 AM"
"C:\Users\glenn\Documents\Code Black Telemetry Backups\atlas-production-working-tree-20260729-200938\qa-screenshots\operation-atlas\atlas-logcat-filtered.txt","443","7/29/2026 12:03:49 PM"
"C:\Users\glenn\Documents\Code Black Telemetry Backups\atlas-production-working-tree-20260729-200938\qa-screenshots\operation-atlas\atlas-meminfo-final.txt","3487","7/29/2026 12:03:49 PM"
"C:\Users\glenn\Documents\Code Black Telemetry Backups\atlas-production-working-tree-20260729-200938\qa-screenshots\operation-atlas\atlas-page1-ref-active.png","1008246","7/29/2026 12:01:03 PM"
"C:\Users\glenn\Documents\Code Black Telemetry Backups\atlas-production-working-tree-20260729-200938\qa-screenshots\operation-atlas\atlas-page1-ref-after-wait.png","1005968","7/29/2026 12:02:06 PM"
"C:\Users\glenn\Documents\Code Black Telemetry Backups\atlas-production-working-tree-20260729-200938\qa-screenshots\operation-atlas\atlas-page1-ref.png","1333482","7/29/2026 11:53:23 AM"
"C:\Users\glenn\Documents\Code Black Telemetry Backups\atlas-production-working-tree-20260729-200938\qa-screenshots\operation-atlas\atlas-page2-diagnostics-active.png","851150","7/29/2026 12:00:35 PM"
"C:\Users\glenn\Documents\Code Black Telemetry Backups\atlas-production-working-tree-20260729-200938\qa-screenshots\operation-atlas\atlas-page2-diagnostics.png","868005","7/29/2026 11:56:29 AM"
"C:\Users\glenn\Documents\Code Black Telemetry Backups\atlas-production-working-tree-20260729-200938\qa-screenshots\operation-atlas\atlas-page2-scrolled.png","867850","7/29/2026 11:56:50 AM"
"C:\Users\glenn\Documents\Code Black Telemetry Backups\atlas-production-working-tree-20260729-200938\qa-screenshots\operation-atlas\initial-after-install.png","1177108","7/29/2026 11:53:02 AM"
"C:\Users\glenn\Documents\Code Black Telemetry Backups\atlas-production-working-tree-20260729-200938\qa-screenshots\operation-atlas\legacy-restored-page1.png","1174899","7/29/2026 12:04:37 PM"
"C:\Users\glenn\Documents\Code Black Telemetry Backups\atlas-production-working-tree-20260729-200938\qa-screenshots\operation-atlas-lock-in\01-atlas-page1-start.png","1239406","7/29/2026 4:26:29 PM"
"C:\Users\glenn\Documents\Code Black Telemetry Backups\atlas-production-working-tree-20260729-200938\qa-screenshots\operation-atlas-lock-in\02-atlas-page1-rebuilt.png","1155767","7/29/2026 4:28:52 PM"
"C:\Users\glenn\Documents\Code Black Telemetry Backups\atlas-production-working-tree-20260729-200938\qa-screenshots\operation-atlas-lock-in\atlas-after-corrected-expanded-back-20260729-171053-devtools.json","2793","7/29/2026 5:10:54 PM"
"C:\Users\glenn\Documents\Code Black Telemetry Backups\atlas-production-working-tree-20260729-200938\qa-screenshots\operation-atlas-lock-in\atlas-after-corrected-expanded-back-20260729-171053-logcat.txt","0","7/29/2026 5:10:54 PM"
"C:\Users\glenn\Documents\Code Black Telemetry Backups\atlas-production-working-tree-20260729-200938\qa-screenshots\operation-atlas-lock-in\atlas-after-corrected-expanded-back-20260729-171053-meminfo.txt","6796","7/29/2026 5:10:54 PM"
"C:\Users\glenn\Documents\Code Black Telemetry Backups\atlas-production-working-tree-20260729-200938\qa-screenshots\operation-atlas-lock-in\atlas-after-corrected-expanded-back.png","1196313","7/29/2026 5:10:53 PM"
"C:\Users\glenn\Documents\Code Black Telemetry Backups\atlas-production-working-tree-20260729-200938\qa-screenshots\operation-atlas-lock-in\atlas-after-expanded-back-final.png","1177932","7/29/2026 5:09:39 PM"
"C:\Users\glenn\Documents\Code Black Telemetry Backups\atlas-production-working-tree-20260729-200938\qa-screenshots\operation-atlas-lock-in\atlas-after-expanded-back.png","1185134","7/29/2026 5:08:43 PM"
"C:\Users\glenn\Documents\Code Black Telemetry Backups\atlas-production-working-tree-20260729-200938\qa-screenshots\operation-atlas-lock-in\atlas-baseline-after-legacy-20260729-163238-devtools.json","2791","7/29/2026 4:32:40 PM"
"C:\Users\glenn\Documents\Code Black Telemetry Backups\atlas-production-working-tree-20260729-200938\qa-screenshots\operation-atlas-lock-in\atlas-baseline-after-legacy-20260729-163238-logcat.txt","18478","7/29/2026 4:32:41 PM"
"C:\Users\glenn\Documents\Code Black Telemetry Backups\atlas-production-working-tree-20260729-200938\qa-screenshots\operation-atlas-lock-in\atlas-baseline-after-legacy-20260729-163238-meminfo.txt","6970","7/29/2026 4:32:39 PM"
"C:\Users\glenn\Documents\Code Black Telemetry Backups\atlas-production-working-tree-20260729-200938\qa-screenshots\operation-atlas-lock-in\atlas-baseline-after-legacy-20260729-163238.png","1172126","7/29/2026 4:32:39 PM"
"C:\Users\glenn\Documents\Code Black Telemetry Backups\atlas-production-working-tree-20260729-200938\qa-screenshots\operation-atlas-lock-in\atlas-deadband-page1-20260729-163148-devtools.json","2759","7/29/2026 4:31:50 PM"
"C:\Users\glenn\Documents\Code Black Telemetry Backups\atlas-production-working-tree-20260729-200938\qa-screenshots\operation-atlas-lock-in\atlas-deadband-page1-20260729-163148-logcat.txt","18478","7/29/2026 4:31:50 PM"
"C:\Users\glenn\Documents\Code Black Telemetry Backups\atlas-production-working-tree-20260729-200938\qa-screenshots\operation-atlas-lock-in\atlas-deadband-page1-20260729-163148-meminfo.txt","6970","7/29/2026 4:31:49 PM"
"C:\Users\glenn\Documents\Code Black Telemetry Backups\atlas-production-working-tree-20260729-200938\qa-screenshots\operation-atlas-lock-in\atlas-deadband-page1-20260729-163148.png","1018467","7/29/2026 4:31:49 PM"
"C:\Users\glenn\Documents\Code Black Telemetry Backups\atlas-production-working-tree-20260729-200938\qa-screenshots\operation-atlas-lock-in\atlas-expanded-after-product-captures-20260729-171045-devtools.json","3087","7/29/2026 5:10:45 PM"
"C:\Users\glenn\Documents\Code Black Telemetry Backups\atlas-production-working-tree-20260729-200938\qa-screenshots\operation-atlas-lock-in\atlas-expanded-after-product-captures-20260729-171045-logcat.txt","0","7/29/2026 5:10:45 PM"
"C:\Users\glenn\Documents\Code Black Telemetry Backups\atlas-production-working-tree-20260729-200938\qa-screenshots\operation-atlas-lock-in\atlas-expanded-after-product-captures-20260729-171045-meminfo.txt","6796","7/29/2026 5:10:45 PM"
"C:\Users\glenn\Documents\Code Black Telemetry Backups\atlas-production-working-tree-20260729-200938\qa-screenshots\operation-atlas-lock-in\atlas-expanded-cc-corrected.png","609714","7/29/2026 5:10:42 PM"
"C:\Users\glenn\Documents\Code Black Telemetry Backups\atlas-production-working-tree-20260729-200938\qa-screenshots\operation-atlas-lock-in\atlas-expanded-cc-final.png","870763","7/29/2026 5:09:33 PM"
"C:\Users\glenn\Documents\Code Black Telemetry Backups\atlas-production-working-tree-20260729-200938\qa-screenshots\operation-atlas-lock-in\atlas-expanded-cc.png","871820","7/29/2026 5:08:41 PM"
"C:\Users\glenn\Documents\Code Black Telemetry Backups\atlas-production-working-tree-20260729-200938\qa-screenshots\operation-atlas-lock-in\atlas-expanded-initial.png","1210729","7/29/2026 5:08:29 PM"
"C:\Users\glenn\Documents\Code Black Telemetry Backups\atlas-production-working-tree-20260729-200938\qa-screenshots\operation-atlas-lock-in\atlas-expanded-open-corrected-20260729-171009-devtools.json","3084","7/29/2026 5:10:10 PM"
"C:\Users\glenn\Documents\Code Black Telemetry Backups\atlas-production-working-tree-20260729-200938\qa-screenshots\operation-atlas-lock-in\atlas-expanded-open-corrected-20260729-171009-logcat.txt","0","7/29/2026 5:10:10 PM"
"C:\Users\glenn\Documents\Code Black Telemetry Backups\atlas-production-working-tree-20260729-200938\qa-screenshots\operation-atlas-lock-in\atlas-expanded-open-corrected-20260729-171009-meminfo.txt","6796","7/29/2026 5:10:10 PM"
"C:\Users\glenn\Documents\Code Black Telemetry Backups\atlas-production-working-tree-20260729-200938\qa-screenshots\operation-atlas-lock-in\atlas-expanded-open-corrected.png","578366","7/29/2026 5:10:09 PM"
"C:\Users\glenn\Documents\Code Black Telemetry Backups\atlas-production-working-tree-20260729-200938\qa-screenshots\operation-atlas-lock-in\atlas-expanded-ref-corrected.png","578377","7/29/2026 5:10:45 PM"
"C:\Users\glenn\Documents\Code Black Telemetry Backups\atlas-production-working-tree-20260729-200938\qa-screenshots\operation-atlas-lock-in\atlas-expanded-ref-final.png","871079","7/29/2026 5:09:36 PM"
"C:\Users\glenn\Documents\Code Black Telemetry Backups\atlas-production-working-tree-20260729-200938\qa-screenshots\operation-atlas-lock-in\atlas-expanded-ref.png","870788","7/29/2026 5:08:32 PM"
"C:\Users\glenn\Documents\Code Black Telemetry Backups\atlas-production-working-tree-20260729-200938\qa-screenshots\operation-atlas-lock-in\atlas-expanded-srv-corrected.png","573499","7/29/2026 5:10:39 PM"
"C:\Users\glenn\Documents\Code Black Telemetry Backups\atlas-production-working-tree-20260729-200938\qa-screenshots\operation-atlas-lock-in\atlas-expanded-srv-final.png","871109","7/29/2026 5:09:30 PM"
"C:\Users\glenn\Documents\Code Black Telemetry Backups\atlas-production-working-tree-20260729-200938\qa-screenshots\operation-atlas-lock-in\atlas-expanded-srv.png","871700","7/29/2026 5:08:38 PM"
"C:\Users\glenn\Documents\Code Black Telemetry Backups\atlas-production-working-tree-20260729-200938\qa-screenshots\operation-atlas-lock-in\atlas-expanded-vel-corrected.png","581443","7/29/2026 5:10:36 PM"
"C:\Users\glenn\Documents\Code Black Telemetry Backups\atlas-production-working-tree-20260729-200938\qa-screenshots\operation-atlas-lock-in\atlas-expanded-vel-final.png","871067","7/29/2026 5:09:27 PM"
"C:\Users\glenn\Documents\Code Black Telemetry Backups\atlas-production-working-tree-20260729-200938\qa-screenshots\operation-atlas-lock-in\atlas-expanded-vel.png","870958","7/29/2026 5:08:35 PM"
"C:\Users\glenn\Documents\Code Black Telemetry Backups\atlas-production-working-tree-20260729-200938\qa-screenshots\operation-atlas-lock-in\atlas-final-approved-20260729-174559-devtools.json","2607","7/29/2026 5:46:00 PM"
"C:\Users\glenn\Documents\Code Black Telemetry Backups\atlas-production-working-tree-20260729-200938\qa-screenshots\operation-atlas-lock-in\atlas-final-approved-20260729-174559-logcat.txt","23140","7/29/2026 5:46:00 PM"
"C:\Users\glenn\Documents\Code Black Telemetry Backups\atlas-production-working-tree-20260729-200938\qa-screenshots\operation-atlas-lock-in\atlas-final-approved-20260729-174559-meminfo.txt","6970","7/29/2026 5:46:00 PM"
"C:\Users\glenn\Documents\Code Black Telemetry Backups\atlas-production-working-tree-20260729-200938\qa-screenshots\operation-atlas-lock-in\atlas-final-approved-page1.png","1223021","7/29/2026 5:45:59 PM"
"C:\Users\glenn\Documents\Code Black Telemetry Backups\atlas-production-working-tree-20260729-200938\qa-screenshots\operation-atlas-lock-in\atlas-final-page1-weather-fixed.png","1195207","7/29/2026 5:08:55 PM"
"C:\Users\glenn\Documents\Code Black Telemetry Backups\atlas-production-working-tree-20260729-200938\qa-screenshots\operation-atlas-lock-in\atlas-final-page2-diagnostics-20260729-170847-devtools.json","2802","7/29/2026 5:08:47 PM"
"C:\Users\glenn\Documents\Code Black Telemetry Backups\atlas-production-working-tree-20260729-200938\qa-screenshots\operation-atlas-lock-in\atlas-final-page2-diagnostics-20260729-170847-logcat.txt","0","7/29/2026 5:08:47 PM"
"C:\Users\glenn\Documents\Code Black Telemetry Backups\atlas-production-working-tree-20260729-200938\qa-screenshots\operation-atlas-lock-in\atlas-final-page2-diagnostics-20260729-170847-meminfo.txt","6796","7/29/2026 5:08:47 PM"
"C:\Users\glenn\Documents\Code Black Telemetry Backups\atlas-production-working-tree-20260729-200938\qa-screenshots\operation-atlas-lock-in\atlas-free-pan-mode.png","1230044","7/29/2026 5:08:22 PM"
"C:\Users\glenn\Documents\Code Black Telemetry Backups\atlas-production-working-tree-20260729-200938\qa-screenshots\operation-atlas-lock-in\atlas-heading-follow-mode.png","1180594","7/29/2026 5:08:19 PM"
"C:\Users\glenn\Documents\Code Black Telemetry Backups\atlas-production-working-tree-20260729-200938\qa-screenshots\operation-atlas-lock-in\atlas-lifecycle-results.md","806","7/29/2026 5:47:02 PM"
"C:\Users\glenn\Documents\Code Black Telemetry Backups\atlas-production-working-tree-20260729-200938\qa-screenshots\operation-atlas-lock-in\atlas-lock-in-report.md","2817","7/29/2026 5:47:02 PM"
"C:\Users\glenn\Documents\Code Black Telemetry Backups\atlas-production-working-tree-20260729-200938\qa-screenshots\operation-atlas-lock-in\atlas-logcat-filtered-expanded-corrected.txt","0","7/29/2026 5:43:39 PM"
"C:\Users\glenn\Documents\Code Black Telemetry Backups\atlas-production-working-tree-20260729-200938\qa-screenshots\operation-atlas-lock-in\atlas-logcat-filtered.txt","0","7/29/2026 5:05:59 PM"
"C:\Users\glenn\Documents\Code Black Telemetry Backups\atlas-production-working-tree-20260729-200938\qa-screenshots\operation-atlas-lock-in\atlas-memory-summary.txt","961","7/29/2026 5:47:02 PM"
"C:\Users\glenn\Documents\Code Black Telemetry Backups\atlas-production-working-tree-20260729-200938\qa-screenshots\operation-atlas-lock-in\atlas-memory-timeline-expanded-corrected.csv","1579","7/29/2026 5:43:39 PM"
"C:\Users\glenn\Documents\Code Black Telemetry Backups\atlas-production-working-tree-20260729-200938\qa-screenshots\operation-atlas-lock-in\atlas-memory-timeline-page1-first-run.csv","1516","7/29/2026 5:05:59 PM"
"C:\Users\glenn\Documents\Code Black Telemetry Backups\atlas-production-working-tree-20260729-200938\qa-screenshots\operation-atlas-lock-in\atlas-memory-timeline.csv","1579","7/29/2026 5:43:39 PM"
"C:\Users\glenn\Documents\Code Black Telemetry Backups\atlas-production-working-tree-20260729-200938\qa-screenshots\operation-atlas-lock-in\atlas-north-or-recenter-mode.png","1206338","7/29/2026 5:08:16 PM"
"C:\Users\glenn\Documents\Code Black Telemetry Backups\atlas-production-working-tree-20260729-200938\qa-screenshots\operation-atlas-lock-in\atlas-page1-basemap-only-no-radar.png","1139524","7/29/2026 5:08:11 PM"
"C:\Users\glenn\Documents\Code Black Telemetry Backups\atlas-production-working-tree-20260729-200938\qa-screenshots\operation-atlas-lock-in\atlas-page1-cc.png","1208083","7/29/2026 5:08:08 PM"
"C:\Users\glenn\Documents\Code Black Telemetry Backups\atlas-production-working-tree-20260729-200938\qa-screenshots\operation-atlas-lock-in\atlas-page1-ref-final.png","1196529","7/29/2026 5:09:21 PM"
"C:\Users\glenn\Documents\Code Black Telemetry Backups\atlas-production-working-tree-20260729-200938\qa-screenshots\operation-atlas-lock-in\atlas-page1-ref.png","1185624","7/29/2026 5:07:59 PM"
"C:\Users\glenn\Documents\Code Black Telemetry Backups\atlas-production-working-tree-20260729-200938\qa-screenshots\operation-atlas-lock-in\atlas-page1-srv.png","1186560","7/29/2026 5:08:05 PM"
"C:\Users\glenn\Documents\Code Black Telemetry Backups\atlas-production-working-tree-20260729-200938\qa-screenshots\operation-atlas-lock-in\atlas-page1-vel.png","1189082","7/29/2026 5:08:02 PM"
"C:\Users\glenn\Documents\Code Black Telemetry Backups\atlas-production-working-tree-20260729-200938\qa-screenshots\operation-atlas-lock-in\atlas-page2-diagnostics.png","870865","7/29/2026 5:08:47 PM"
"C:\Users\glenn\Documents\Code Black Telemetry Backups\atlas-production-working-tree-20260729-200938\qa-screenshots\operation-atlas-lock-in\atlas-product-switch-results.md","702","7/29/2026 5:47:02 PM"
"C:\Users\glenn\Documents\Code Black Telemetry Backups\atlas-production-working-tree-20260729-200938\qa-screenshots\operation-atlas-lock-in\atlas-production-gate.md","1184","7/29/2026 5:47:02 PM"
"C:\Users\glenn\Documents\Code Black Telemetry Backups\atlas-production-working-tree-20260729-200938\qa-screenshots\operation-atlas-lock-in\atlas-rebuilt-page1-20260729-163015-devtools.json","2787","7/29/2026 4:30:16 PM"
"C:\Users\glenn\Documents\Code Black Telemetry Backups\atlas-production-working-tree-20260729-200938\qa-screenshots\operation-atlas-lock-in\atlas-rebuilt-page1-20260729-163015-logcat.txt","18478","7/29/2026 4:30:17 PM"
"C:\Users\glenn\Documents\Code Black Telemetry Backups\atlas-production-working-tree-20260729-200938\qa-screenshots\operation-atlas-lock-in\atlas-rebuilt-page1-20260729-163015-meminfo.txt","6970","7/29/2026 4:30:16 PM"
"C:\Users\glenn\Documents\Code Black Telemetry Backups\atlas-production-working-tree-20260729-200938\qa-screenshots\operation-atlas-lock-in\atlas-rebuilt-page1-20260729-163015.png","1187387","7/29/2026 4:30:16 PM"
"C:\Users\glenn\Documents\Code Black Telemetry Backups\atlas-production-working-tree-20260729-200938\qa-screenshots\operation-atlas-lock-in\atlas-recentered-mode.png","1210490","7/29/2026 5:08:25 PM"
"C:\Users\glenn\Documents\Code Black Telemetry Backups\atlas-production-working-tree-20260729-200938\qa-screenshots\operation-atlas-lock-in\atlas-runtime-counters.json","2612","7/29/2026 5:47:02 PM"
"C:\Users\glenn\Documents\Code Black Telemetry Backups\atlas-production-working-tree-20260729-200938\qa-screenshots\operation-atlas-lock-in\atlas-stress-expanded-corrected.pid","7","7/29/2026 5:11:28 PM"
"C:\Users\glenn\Documents\Code Black Telemetry Backups\atlas-production-working-tree-20260729-200938\qa-screenshots\operation-atlas-lock-in\atlas-stress-status-expanded-corrected.json","241","7/29/2026 5:43:44 PM"
"C:\Users\glenn\Documents\Code Black Telemetry Backups\atlas-production-working-tree-20260729-200938\qa-screenshots\operation-atlas-lock-in\atlas-stress-status.json","241","7/29/2026 5:06:04 PM"
"C:\Users\glenn\Documents\Code Black Telemetry Backups\atlas-production-working-tree-20260729-200938\qa-screenshots\operation-atlas-lock-in\atlas-stress.pid","7","7/29/2026 4:33:49 PM"
"C:\Users\glenn\Documents\Code Black Telemetry Backups\atlas-production-working-tree-20260729-200938\qa-screenshots\operation-atlas-lock-in\capture-device-snapshot.ps1","1216","7/29/2026 4:30:08 PM"
"C:\Users\glenn\Documents\Code Black Telemetry Backups\atlas-production-working-tree-20260729-200938\qa-screenshots\operation-atlas-lock-in\devtools-dump.cjs","2935","7/29/2026 4:30:08 PM"
"C:\Users\glenn\Documents\Code Black Telemetry Backups\atlas-production-working-tree-20260729-200938\qa-screenshots\operation-atlas-lock-in\devtools-eval.cjs","1283","7/29/2026 4:32:19 PM"
"C:\Users\glenn\Documents\Code Black Telemetry Backups\atlas-production-working-tree-20260729-200938\qa-screenshots\operation-atlas-lock-in\ending-checkpoint.txt","57","7/29/2026 5:47:12 PM"
"C:\Users\glenn\Documents\Code Black Telemetry Backups\atlas-production-working-tree-20260729-200938\qa-screenshots\operation-atlas-lock-in\legacy-baseline-20260729-163228-devtools.json","2552","7/29/2026 4:32:29 PM"
"C:\Users\glenn\Documents\Code Black Telemetry Backups\atlas-production-working-tree-20260729-200938\qa-screenshots\operation-atlas-lock-in\legacy-baseline-20260729-163228-logcat.txt","18478","7/29/2026 4:32:30 PM"
"C:\Users\glenn\Documents\Code Black Telemetry Backups\atlas-production-working-tree-20260729-200938\qa-screenshots\operation-atlas-lock-in\legacy-baseline-20260729-163228-meminfo.txt","6970","7/29/2026 4:32:29 PM"
"C:\Users\glenn\Documents\Code Black Telemetry Backups\atlas-production-working-tree-20260729-200938\qa-screenshots\operation-atlas-lock-in\legacy-baseline-20260729-163228.png","1357874","7/29/2026 4:32:29 PM"
"C:\Users\glenn\Documents\Code Black Telemetry Backups\atlas-production-working-tree-20260729-200938\qa-screenshots\operation-atlas-lock-in\logcat-01-atlas-start.txt","42812","7/29/2026 4:26:30 PM"
"C:\Users\glenn\Documents\Code Black Telemetry Backups\atlas-production-working-tree-20260729-200938\qa-screenshots\operation-atlas-lock-in\memory-01-atlas-start.txt","6970","7/29/2026 4:26:30 PM"
"C:\Users\glenn\Documents\Code Black Telemetry Backups\atlas-production-working-tree-20260729-200938\qa-screenshots\operation-atlas-lock-in\memory-02-atlas-rebuilt.txt","6970","7/29/2026 4:28:52 PM"
"C:\Users\glenn\Documents\Code Black Telemetry Backups\atlas-production-working-tree-20260729-200938\qa-screenshots\operation-atlas-lock-in\run-atlas-stress-expanded-corrected.ps1","7028","7/29/2026 5:11:26 PM"
"C:\Users\glenn\Documents\Code Black Telemetry Backups\atlas-production-working-tree-20260729-200938\qa-screenshots\operation-atlas-lock-in\run-atlas-stress.ps1","6911","7/29/2026 4:33:49 PM"
"C:\Users\glenn\Documents\Code Black Telemetry Backups\atlas-production-working-tree-20260729-200938\qa-screenshots\operation-atlas-lock-in\start-apk-sha256.txt","436","7/29/2026 4:21:12 PM"
"C:\Users\glenn\Documents\Code Black Telemetry Backups\atlas-production-working-tree-20260729-200938\qa-screenshots\operation-atlas-lock-in\start-checkpoint.txt","42","7/29/2026 4:21:12 PM"
"C:\Users\glenn\Documents\Code Black Telemetry Backups\atlas-production-working-tree-20260729-200938\qa-screenshots\operation-atlas-lock-in\start-commit.txt","42","7/29/2026 4:21:12 PM"
"C:\Users\glenn\Documents\Code Black Telemetry Backups\atlas-production-working-tree-20260729-200938\qa-screenshots\operation-atlas-lock-in\start-git-status.txt","3218","7/29/2026 4:21:12 PM"
"C:\Users\glenn\Documents\Code Black Telemetry Backups\atlas-production-working-tree-20260729-200938\qa-screenshots\operation-atlas-lock-in\stress-idle-plus-120s-devtools.json","2806","7/29/2026 5:43:39 PM"
"C:\Users\glenn\Documents\Code Black Telemetry Backups\atlas-production-working-tree-20260729-200938\qa-screenshots\operation-atlas-lock-in\stress-idle-plus-120s-meminfo.txt","6796","7/29/2026 5:43:39 PM"
"C:\Users\glenn\Documents\Code Black Telemetry Backups\atlas-production-working-tree-20260729-200938\qa-screenshots\operation-atlas-lock-in\stress-start-devtools.json","2801","7/29/2026 5:11:34 PM"
"C:\Users\glenn\Documents\Code Black Telemetry Backups\atlas-production-working-tree-20260729-200938\qa-screenshots\operation-atlas-lock-in\stress-start-meminfo.txt","6796","7/29/2026 5:11:34 PM"
"C:\Users\glenn\Documents\Code Black Telemetry Backups\atlas-production-working-tree-20260729-200938\qa-screenshots\operation-atlas-lock-in\stress-t0-devtools.json","2791","7/29/2026 5:11:46 PM"
"C:\Users\glenn\Documents\Code Black Telemetry Backups\atlas-production-working-tree-20260729-200938\qa-screenshots\operation-atlas-lock-in\stress-t0-meminfo.txt","6796","7/29/2026 5:11:46 PM"
"C:\Users\glenn\Documents\Code Black Telemetry Backups\atlas-production-working-tree-20260729-200938\qa-screenshots\operation-atlas-lock-in\stress-t1200-devtools.json","2777","7/29/2026 5:31:36 PM"
"C:\Users\glenn\Documents\Code Black Telemetry Backups\atlas-production-working-tree-20260729-200938\qa-screenshots\operation-atlas-lock-in\stress-t1200-meminfo.txt","6902","7/29/2026 5:31:36 PM"
"C:\Users\glenn\Documents\Code Black Telemetry Backups\atlas-production-working-tree-20260729-200938\qa-screenshots\operation-atlas-lock-in\stress-t1500-devtools.json","2805","7/29/2026 5:36:35 PM"
"C:\Users\glenn\Documents\Code Black Telemetry Backups\atlas-production-working-tree-20260729-200938\qa-screenshots\operation-atlas-lock-in\stress-t1500-meminfo.txt","6796","7/29/2026 5:36:35 PM"
"C:\Users\glenn\Documents\Code Black Telemetry Backups\atlas-production-working-tree-20260729-200938\qa-screenshots\operation-atlas-lock-in\stress-t1800-devtools.json","2811","7/29/2026 5:41:39 PM"
"C:\Users\glenn\Documents\Code Black Telemetry Backups\atlas-production-working-tree-20260729-200938\qa-screenshots\operation-atlas-lock-in\stress-t1800-final-devtools.json","2811","7/29/2026 5:41:39 PM"
"C:\Users\glenn\Documents\Code Black Telemetry Backups\atlas-production-working-tree-20260729-200938\qa-screenshots\operation-atlas-lock-in\stress-t1800-final-meminfo.txt","6796","7/29/2026 5:41:39 PM"
"C:\Users\glenn\Documents\Code Black Telemetry Backups\atlas-production-working-tree-20260729-200938\qa-screenshots\operation-atlas-lock-in\stress-t1800-meminfo.txt","6796","7/29/2026 5:41:38 PM"
"C:\Users\glenn\Documents\Code Black Telemetry Backups\atlas-production-working-tree-20260729-200938\qa-screenshots\operation-atlas-lock-in\stress-t300-devtools.json","2810","7/29/2026 5:16:35 PM"
"C:\Users\glenn\Documents\Code Black Telemetry Backups\atlas-production-working-tree-20260729-200938\qa-screenshots\operation-atlas-lock-in\stress-t300-meminfo.txt","6902","7/29/2026 5:16:34 PM"
"C:\Users\glenn\Documents\Code Black Telemetry Backups\atlas-production-working-tree-20260729-200938\qa-screenshots\operation-atlas-lock-in\stress-t600-devtools.json","2802","7/29/2026 5:21:34 PM"
"C:\Users\glenn\Documents\Code Black Telemetry Backups\atlas-production-working-tree-20260729-200938\qa-screenshots\operation-atlas-lock-in\stress-t600-meminfo.txt","6902","7/29/2026 5:21:34 PM"
"C:\Users\glenn\Documents\Code Black Telemetry Backups\atlas-production-working-tree-20260729-200938\qa-screenshots\operation-atlas-lock-in\stress-t900-devtools.json","2802","7/29/2026 5:26:37 PM"
"C:\Users\glenn\Documents\Code Black Telemetry Backups\atlas-production-working-tree-20260729-200938\qa-screenshots\operation-atlas-lock-in\stress-t900-meminfo.txt","6796","7/29/2026 5:26:37 PM"
"C:\Users\glenn\Documents\Code Black Telemetry Backups\atlas-production-working-tree-20260729-200938\qa-screenshots\operation-atlas-recon\01-gljs-minimal-night.png","667216","7/29/2026 12:32:17 PM"
"C:\Users\glenn\Documents\Code Black Telemetry Backups\atlas-production-working-tree-20260729-200938\qa-screenshots\operation-atlas-recon\02-gljs-minimal-bright.png","675187","7/29/2026 12:33:13 PM"
"C:\Users\glenn\Documents\Code Black Telemetry Backups\atlas-production-working-tree-20260729-200938\qa-screenshots\operation-atlas-recon\03-full-atlas-page1.png","996030","7/29/2026 12:34:06 PM"
"C:\Users\glenn\Documents\Code Black Telemetry Backups\atlas-production-working-tree-20260729-200938\qa-screenshots\operation-atlas-recon\07-native-night-basemap.png","2387170","7/29/2026 12:30:44 PM"
"C:\Users\glenn\Documents\Code Black Telemetry Backups\atlas-production-working-tree-20260729-200938\qa-screenshots\operation-atlas-recon\08-native-bright-basemap.png","2413369","7/29/2026 12:31:15 PM"
"C:\Users\glenn\Documents\Code Black Telemetry Backups\atlas-production-working-tree-20260729-200938\qa-screenshots\operation-atlas-recon\14-native-heading-up.png","2847080","7/29/2026 12:31:05 PM"
"C:\Users\glenn\Documents\Code Black Telemetry Backups\atlas-production-working-tree-20260729-200938\qa-screenshots\operation-atlas-recon\17-legacy-page1.png","2460916","7/29/2026 12:30:10 PM"
"C:\Users\glenn\Documents\Code Black Telemetry Backups\atlas-production-working-tree-20260729-200938\qa-screenshots\operation-atlas-recon\19-native-poc-clean.png","2386370","7/29/2026 12:35:34 PM"
"C:\Users\glenn\Documents\Code Black Telemetry Backups\atlas-production-working-tree-20260729-200938\qa-screenshots\operation-atlas-recon\final-installed-legacy.png","1299678","7/29/2026 12:34:58 PM"
"C:\Users\glenn\Documents\Code Black Telemetry Backups\atlas-production-working-tree-20260729-200938\qa-screenshots\operation-atlas-recon\final-main-after-recon.png","1287959","7/29/2026 12:35:53 PM"
"C:\Users\glenn\Documents\Code Black Telemetry Backups\atlas-production-working-tree-20260729-200938\qa-screenshots\operation-atlas-recon\logcat-final-errors.txt","7392","7/29/2026 12:36:04 PM"
"C:\Users\glenn\Documents\Code Black Telemetry Backups\atlas-production-working-tree-20260729-200938\qa-screenshots\operation-atlas-recon\logcat-full-atlas-page1.txt","17606","7/29/2026 12:34:06 PM"
"C:\Users\glenn\Documents\Code Black Telemetry Backups\atlas-production-working-tree-20260729-200938\qa-screenshots\operation-atlas-recon\logcat-gljs-minimal-bright.txt","17606","7/29/2026 12:33:13 PM"
"C:\Users\glenn\Documents\Code Black Telemetry Backups\atlas-production-working-tree-20260729-200938\qa-screenshots\operation-atlas-recon\logcat-gljs-minimal-night.txt","17606","7/29/2026 12:32:17 PM"
"C:\Users\glenn\Documents\Code Black Telemetry Backups\atlas-production-working-tree-20260729-200938\qa-screenshots\operation-atlas-recon\logcat-native-20-open-close.txt","0","7/29/2026 12:38:10 PM"
"C:\Users\glenn\Documents\Code Black Telemetry Backups\atlas-production-working-tree-20260729-200938\qa-screenshots\operation-atlas-recon\logcat-native-night.txt","8330","7/29/2026 12:30:31 PM"
"C:\Users\glenn\Documents\Code Black Telemetry Backups\atlas-production-working-tree-20260729-200938\qa-screenshots\operation-atlas-recon\memory-full-atlas-page1.txt","6970","7/29/2026 12:34:06 PM"
"C:\Users\glenn\Documents\Code Black Telemetry Backups\atlas-production-working-tree-20260729-200938\qa-screenshots\operation-atlas-recon\memory-gljs-minimal-bright.txt","6970","7/29/2026 12:33:13 PM"
"C:\Users\glenn\Documents\Code Black Telemetry Backups\atlas-production-working-tree-20260729-200938\qa-screenshots\operation-atlas-recon\memory-gljs-minimal-night.txt","6970","7/29/2026 12:32:17 PM"
"C:\Users\glenn\Documents\Code Black Telemetry Backups\atlas-production-working-tree-20260729-200938\qa-screenshots\operation-atlas-recon\memory-legacy-page1.txt","7076","7/29/2026 12:30:11 PM"
"C:\Users\glenn\Documents\Code Black Telemetry Backups\atlas-production-working-tree-20260729-200938\qa-screenshots\operation-atlas-recon\memory-native-20-open-close.txt","6970","7/29/2026 12:38:10 PM"
"C:\Users\glenn\Documents\Code Black Telemetry Backups\atlas-production-working-tree-20260729-200938\qa-screenshots\operation-atlas-recon\memory-native-bright.txt","6970","7/29/2026 12:31:15 PM"
"C:\Users\glenn\Documents\Code Black Telemetry Backups\atlas-production-working-tree-20260729-200938\qa-screenshots\operation-atlas-recon\memory-native-night-clean.txt","6970","7/29/2026 12:35:33 PM"
"C:\Users\glenn\Documents\Code Black Telemetry Backups\atlas-production-working-tree-20260729-200938\qa-screenshots\operation-atlas-recon\memory-native-night.txt","6970","7/29/2026 12:30:31 PM"
"C:\Users\glenn\Documents\Code Black Telemetry Backups\atlas-production-working-tree-20260729-200938\qa-screenshots\operation-atlas-recon\renderer-comparison.md","6155","7/29/2026 12:36:52 PM"
"C:\Users\glenn\Documents\Code Black Telemetry Backups\atlas-production-working-tree-20260729-200938\qa-screenshots\operation-atlas-recovery\01-atlas-page1-no-radar.png","1005058","7/29/2026 1:45:35 PM"
"C:\Users\glenn\Documents\Code Black Telemetry Backups\atlas-production-working-tree-20260729-200938\qa-screenshots\operation-atlas-recovery\02-atlas-page1-no-radar-fixed.png","1003168","7/29/2026 1:46:54 PM"
"C:\Users\glenn\Documents\Code Black Telemetry Backups\atlas-production-working-tree-20260729-200938\qa-screenshots\operation-atlas-recovery\03-atlas-page1-visible-counters.png","1012297","7/29/2026 1:48:02 PM"
"C:\Users\glenn\Documents\Code Black Telemetry Backups\atlas-production-working-tree-20260729-200938\qa-screenshots\operation-atlas-recovery\04-atlas-css-pixel.png","1004874","7/29/2026 1:52:11 PM"
"C:\Users\glenn\Documents\Code Black Telemetry Backups\atlas-production-working-tree-20260729-200938\qa-screenshots\operation-atlas-recovery\05-atlas-streets-no-tune.png","1000677","7/29/2026 1:54:18 PM"
"C:\Users\glenn\Documents\Code Black Telemetry Backups\atlas-production-working-tree-20260729-200938\qa-screenshots\operation-atlas-recovery\06-atlas-expanded-streets-no-tune.png","1005678","7/29/2026 1:54:58 PM"
"C:\Users\glenn\Documents\Code Black Telemetry Backups\atlas-production-working-tree-20260729-200938\qa-screenshots\operation-atlas-recovery\07-atlas-single-map-navnight.png","1006038","7/29/2026 1:56:40 PM"
"C:\Users\glenn\Documents\Code Black Telemetry Backups\atlas-production-working-tree-20260729-200938\qa-screenshots\operation-atlas-recovery\08-atlas-sized-navnight.png","1246374","7/29/2026 1:58:16 PM"
"C:\Users\glenn\Documents\Code Black Telemetry Backups\atlas-production-working-tree-20260729-200938\qa-screenshots\operation-atlas-recovery\09-atlas-sized-radar-off.png","1249304","7/29/2026 1:58:49 PM"
"C:\Users\glenn\Documents\Code Black Telemetry Backups\atlas-production-working-tree-20260729-200938\qa-screenshots\operation-atlas-recovery\10-atlas-gps-centered.png","1209276","7/29/2026 2:00:53 PM"
"C:\Users\glenn\Documents\Code Black Telemetry Backups\atlas-production-working-tree-20260729-200938\qa-screenshots\operation-atlas-recovery\11-atlas-expanded-ref.png","588308","7/29/2026 2:01:11 PM"
"C:\Users\glenn\Documents\Code Black Telemetry Backups\atlas-production-working-tree-20260729-200938\qa-screenshots\operation-atlas-recovery\12-atlas-expanded-vel.png","588269","7/29/2026 2:01:35 PM"
"C:\Users\glenn\Documents\Code Black Telemetry Backups\atlas-production-working-tree-20260729-200938\qa-screenshots\operation-atlas-recovery\13-atlas-expanded-srv.png","588342","7/29/2026 2:01:39 PM"
"C:\Users\glenn\Documents\Code Black Telemetry Backups\atlas-production-working-tree-20260729-200938\qa-screenshots\operation-atlas-recovery\14-atlas-expanded-cc.png","588247","7/29/2026 2:01:44 PM"
"C:\Users\glenn\Documents\Code Black Telemetry Backups\atlas-production-working-tree-20260729-200938\qa-screenshots\operation-atlas-recovery\15-atlas-after-back.png","1283125","7/29/2026 2:02:24 PM"
"C:\Users\glenn\Documents\Code Black Telemetry Backups\atlas-production-working-tree-20260729-200938\qa-screenshots\operation-atlas-recovery\16-legacy-restored-final.png","1177165","7/29/2026 2:04:25 PM"
"C:\Users\glenn\Documents\Code Black Telemetry Backups\atlas-production-working-tree-20260729-200938\qa-screenshots\operation-atlas-recovery\devtools-atlas-after-back.json","3614","7/29/2026 2:02:41 PM"
"C:\Users\glenn\Documents\Code Black Telemetry Backups\atlas-production-working-tree-20260729-200938\qa-screenshots\operation-atlas-recovery\devtools-atlas-dom.json","18882","7/29/2026 1:55:44 PM"
"C:\Users\glenn\Documents\Code Black Telemetry Backups\atlas-production-working-tree-20260729-200938\qa-screenshots\operation-atlas-recovery\devtools-atlas-expanded-cc.json","6920","7/29/2026 2:02:11 PM"
"C:\Users\glenn\Documents\Code Black Telemetry Backups\atlas-production-working-tree-20260729-200938\qa-screenshots\operation-atlas-recovery\devtools-atlas-short-stress.json","3638","7/29/2026 2:03:39 PM"
"C:\Users\glenn\Documents\Code Black Telemetry Backups\atlas-production-working-tree-20260729-200938\qa-screenshots\operation-atlas-recovery\devtools-atlas-single-map.json","4462","7/29/2026 1:57:06 PM"
"C:\Users\glenn\Documents\Code Black Telemetry Backups\atlas-production-working-tree-20260729-200938\qa-screenshots\operation-atlas-recovery\devtools-atlas-sized.json","4634","7/29/2026 1:59:19 PM"
"C:\Users\glenn\Documents\Code Black Telemetry Backups\atlas-production-working-tree-20260729-200938\qa-screenshots\operation-atlas-recovery\logcat-atlas-css-pixel.txt","34024","7/29/2026 1:52:13 PM"
"C:\Users\glenn\Documents\Code Black Telemetry Backups\atlas-production-working-tree-20260729-200938\qa-screenshots\operation-atlas-recovery\logcat-atlas-gps-centered.txt","18170","7/29/2026 2:00:54 PM"
"C:\Users\glenn\Documents\Code Black Telemetry Backups\atlas-production-working-tree-20260729-200938\qa-screenshots\operation-atlas-recovery\logcat-atlas-noframe.txt","17042","7/29/2026 1:45:35 PM"
"C:\Users\glenn\Documents\Code Black Telemetry Backups\atlas-production-working-tree-20260729-200938\qa-screenshots\operation-atlas-recovery\logcat-atlas-short-stress.txt","18170","7/29/2026 2:03:21 PM"
"C:\Users\glenn\Documents\Code Black Telemetry Backups\atlas-production-working-tree-20260729-200938\qa-screenshots\operation-atlas-recovery\logcat-atlas-single-map-navnight.txt","18170","7/29/2026 1:56:41 PM"
"C:\Users\glenn\Documents\Code Black Telemetry Backups\atlas-production-working-tree-20260729-200938\qa-screenshots\operation-atlas-recovery\logcat-atlas-sized-navnight.txt","18170","7/29/2026 1:58:17 PM"
"C:\Users\glenn\Documents\Code Black Telemetry Backups\atlas-production-working-tree-20260729-200938\qa-screenshots\operation-atlas-recovery\logcat-atlas-streets-no-tune.txt","23120","7/29/2026 1:54:18 PM"
"C:\Users\glenn\Documents\Code Black Telemetry Backups\atlas-production-working-tree-20260729-200938\qa-screenshots\operation-atlas-recovery\logcat-atlas-visible-counters.txt","17042","7/29/2026 1:48:02 PM"
"C:\Users\glenn\Documents\Code Black Telemetry Backups\atlas-production-working-tree-20260729-200938\qa-screenshots\operation-atlas-recovery\memory-atlas-after-back.txt","6968","7/29/2026 2:02:25 PM"
"C:\Users\glenn\Documents\Code Black Telemetry Backups\atlas-production-working-tree-20260729-200938\qa-screenshots\operation-atlas-recovery\memory-atlas-css-pixel.txt","6968","7/29/2026 1:52:11 PM"
"C:\Users\glenn\Documents\Code Black Telemetry Backups\atlas-production-working-tree-20260729-200938\qa-screenshots\operation-atlas-recovery\memory-atlas-expanded-ref.txt","6968","7/29/2026 2:01:12 PM"
"C:\Users\glenn\Documents\Code Black Telemetry Backups\atlas-production-working-tree-20260729-200938\qa-screenshots\operation-atlas-recovery\memory-atlas-expanded-streets-no-tune.txt","6968","7/29/2026 1:54:58 PM"
"C:\Users\glenn\Documents\Code Black Telemetry Backups\atlas-production-working-tree-20260729-200938\qa-screenshots\operation-atlas-recovery\memory-atlas-gps-centered.txt","6968","7/29/2026 2:00:54 PM"
"C:\Users\glenn\Documents\Code Black Telemetry Backups\atlas-production-working-tree-20260729-200938\qa-screenshots\operation-atlas-recovery\memory-atlas-noframe-fixed.txt","6968","7/29/2026 1:46:54 PM"
"C:\Users\glenn\Documents\Code Black Telemetry Backups\atlas-production-working-tree-20260729-200938\qa-screenshots\operation-atlas-recovery\memory-atlas-noframe.txt","6968","7/29/2026 1:45:35 PM"
"C:\Users\glenn\Documents\Code Black Telemetry Backups\atlas-production-working-tree-20260729-200938\qa-screenshots\operation-atlas-recovery\memory-atlas-short-stress.txt","6968","7/29/2026 2:03:20 PM"
"C:\Users\glenn\Documents\Code Black Telemetry Backups\atlas-production-working-tree-20260729-200938\qa-screenshots\operation-atlas-recovery\memory-atlas-single-map-navnight.txt","6968","7/29/2026 1:56:41 PM"
"C:\Users\glenn\Documents\Code Black Telemetry Backups\atlas-production-working-tree-20260729-200938\qa-screenshots\operation-atlas-recovery\memory-atlas-sized-navnight.txt","6968","7/29/2026 1:58:16 PM"
"C:\Users\glenn\Documents\Code Black Telemetry Backups\atlas-production-working-tree-20260729-200938\qa-screenshots\operation-atlas-recovery\memory-atlas-streets-no-tune.txt","6968","7/29/2026 1:54:18 PM"
"C:\Users\glenn\Documents\Code Black Telemetry Backups\atlas-production-working-tree-20260729-200938\qa-screenshots\operation-atlas-recovery\memory-legacy-restored-final.txt","6968","7/29/2026 2:04:25 PM"
"C:\Users\glenn\Documents\Code Black Telemetry Backups\atlas-production-working-tree-20260729-200938\qa-screenshots\operation-radar-loop\atlas-production-working-tree-20260729-200938.patch","204117","7/29/2026 8:09:38 PM"
"C:\Users\glenn\Documents\Code Black Telemetry Backups\atlas-production-working-tree-20260729-200938\qa-screenshots\operation-radar-loop\git-diff-stat-20260729-200938.txt","1440","7/29/2026 8:09:38 PM"
"C:\Users\glenn\Documents\Code Black Telemetry Backups\atlas-production-working-tree-20260729-200938\qa-screenshots\operation-radar-loop\git-status-20260729-200938.txt","2134","7/29/2026 8:09:38 PM"
"C:\Users\glenn\Documents\Code Black Telemetry Backups\atlas-production-working-tree-20260729-200938\qa-screenshots\operation-radar-loop\git-status-short-20260729-200938.txt","1608","7/29/2026 8:09:38 PM"
"C:\Users\glenn\Documents\Code Black Telemetry Backups\atlas-production-working-tree-20260729-200938\qa-screenshots\operation-radar-loop\git-untracked-20260729-200938.txt","148522","7/29/2026 8:09:38 PM"
"C:\Users\glenn\Documents\Code Black Telemetry Backups\atlas-production-working-tree-20260729-200938\qa-screenshots\operation-radar-loop\phase0-timestamp.txt","17","7/29/2026 8:09:38 PM"
"C:\Users\glenn\Documents\Code Black Telemetry Backups\atlas-production-working-tree-20260729-200938\qa-screenshots\ref-mvp-20260728\tablet-expanded-ref-final.png","1149460","7/28/2026 7:14:20 PM"
"C:\Users\glenn\Documents\Code Black Telemetry Backups\atlas-production-working-tree-20260729-200938\qa-screenshots\ref-mvp-20260728\tablet-expanded-ref.png","1102015","7/28/2026 7:11:11 PM"
"C:\Users\glenn\Documents\Code Black Telemetry Backups\atlas-production-working-tree-20260729-200938\qa-screenshots\ref-mvp-20260728\tablet-landscape-ref-final.png","1101792","7/28/2026 7:14:05 PM"
"C:\Users\glenn\Documents\Code Black Telemetry Backups\atlas-production-working-tree-20260729-200938\qa-screenshots\ref-mvp-20260728\tablet-page-current-pulled.png","1192715","7/28/2026 7:10:56 PM"
"C:\Users\glenn\Documents\Code Black Telemetry Backups\atlas-production-working-tree-20260729-200938\qa-screenshots\ref-mvp-20260728\tablet-page-current.png","2252398","7/28/2026 7:10:44 PM"
"C:\Users\glenn\Documents\Code Black Telemetry Backups\atlas-production-working-tree-20260729-200938\qa-screenshots\ref-mvp-20260728\tablet-page1-georef-ref.png","1012766","7/28/2026 7:13:34 PM"
"C:\Users\glenn\Documents\Code Black Telemetry Backups\atlas-production-working-tree-20260729-200938\qa-screenshots\ref-mvp-20260728\tablet-page2-diagnostics.png","831159","7/28/2026 7:11:30 PM"
"C:\Users\glenn\Documents\Code Black Telemetry Backups\atlas-production-working-tree-20260729-200938\radar-worker\sites.cjs","1542","7/28/2026 4:26:13 PM"
"C:\Users\glenn\Documents\Code Black Telemetry Backups\atlas-production-working-tree-20260729-200938\radar-worker\worker.cjs","22872","7/28/2026 4:41:30 PM"
"C:\Users\glenn\Documents\Code Black Telemetry Backups\atlas-production-working-tree-20260729-200938\src\App.css","2891","6/27/2026 10:38:16 AM"
"C:\Users\glenn\Documents\Code Black Telemetry Backups\atlas-production-working-tree-20260729-200938\src\App.tsx","10281","7/29/2026 8:55:29 AM"
"C:\Users\glenn\Documents\Code Black Telemetry Backups\atlas-production-working-tree-20260729-200938\src\index.css","86441","7/29/2026 4:29:27 PM"
"C:\Users\glenn\Documents\Code Black Telemetry Backups\atlas-production-working-tree-20260729-200938\src\main.tsx","718","7/29/2026 12:22:47 PM"
"C:\Users\glenn\Documents\Code Black Telemetry Backups\atlas-production-working-tree-20260729-200938\src\assets\hero.png","13057","6/27/2026 10:38:16 AM"
"C:\Users\glenn\Documents\Code Black Telemetry Backups\atlas-production-working-tree-20260729-200938\src\assets\react.svg","4126","6/27/2026 10:38:17 AM"
"C:\Users\glenn\Documents\Code Black Telemetry Backups\atlas-production-working-tree-20260729-200938\src\assets\vite.svg","8709","6/27/2026 10:38:17 AM"
"C:\Users\glenn\Documents\Code Black Telemetry Backups\atlas-production-working-tree-20260729-200938\src\components\cards\EventsCard.tsx","1253","7/28/2026 5:29:29 PM"
"C:\Users\glenn\Documents\Code Black Telemetry Backups\atlas-production-working-tree-20260729-200938\src\components\cards\GpsCard.tsx","1212","7/28/2026 1:07:32 PM"
"C:\Users\glenn\Documents\Code Black Telemetry Backups\atlas-production-working-tree-20260729-200938\src\components\cards\PowerCard.tsx","1128","7/28/2026 5:29:29 PM"
"C:\Users\glenn\Documents\Code Black Telemetry Backups\atlas-production-working-tree-20260729-200938\src\components\cards\SensorHealthCard.tsx","1351","7/28/2026 5:29:29 PM"
"C:\Users\glenn\Documents\Code Black Telemetry Backups\atlas-production-working-tree-20260729-200938\src\components\cards\SystemCard.tsx","1314","7/28/2026 5:29:29 PM"
"C:\Users\glenn\Documents\Code Black Telemetry Backups\atlas-production-working-tree-20260729-200938\src\components\cards\WeatherCard.tsx","940","7/28/2026 1:07:32 PM"
"C:\Users\glenn\Documents\Code Black Telemetry Backups\atlas-production-working-tree-20260729-200938\src\components\cards\WindCard.tsx","1575","7/28/2026 1:07:32 PM"
"C:\Users\glenn\Documents\Code Black Telemetry Backups\atlas-production-working-tree-20260729-200938\src\components\layout\BottomNav.tsx","1009","6/27/2026 10:41:19 AM"
"C:\Users\glenn\Documents\Code Black Telemetry Backups\atlas-production-working-tree-20260729-200938\src\components\layout\StatusStrip.tsx","2344","6/27/2026 10:41:11 AM"
"C:\Users\glenn\Documents\Code Black Telemetry Backups\atlas-production-working-tree-20260729-200938\src\components\layout\TopBar.tsx","2249","7/28/2026 2:07:20 PM"
"C:\Users\glenn\Documents\Code Black Telemetry Backups\atlas-production-working-tree-20260729-200938\src\components\operations\PiEndpointPanel.tsx","3016","7/28/2026 1:38:33 PM"
"C:\Users\glenn\Documents\Code Black Telemetry Backups\atlas-production-working-tree-20260729-200938\src\components\operations\RadarEndpointPanel.tsx","7766","7/29/2026 4:28:11 PM"
"C:\Users\glenn\Documents\Code Black Telemetry Backups\atlas-production-working-tree-20260729-200938\src\components\situational\Panels.tsx","47542","7/29/2026 4:29:23 PM"
"C:\Users\glenn\Documents\Code Black Telemetry Backups\atlas-production-working-tree-20260729-200938\src\components\ui\DashCard.tsx","511","7/28/2026 2:11:58 PM"
"C:\Users\glenn\Documents\Code Black Telemetry Backups\atlas-production-working-tree-20260729-200938\src\components\ui\MetricRow.tsx","683","7/28/2026 2:11:58 PM"
"C:\Users\glenn\Documents\Code Black Telemetry Backups\atlas-production-working-tree-20260729-200938\src\components\ui\StatusBadge.tsx","456","7/28/2026 2:11:58 PM"
"C:\Users\glenn\Documents\Code Black Telemetry Backups\atlas-production-working-tree-20260729-200938\src\hooks\useAlertProducts.ts","1028","7/28/2026 3:14:44 PM"
"C:\Users\glenn\Documents\Code Black Telemetry Backups\atlas-production-working-tree-20260729-200938\src\hooks\useSituationalData.ts","1002","7/28/2026 1:12:13 PM"
"C:\Users\glenn\Documents\Code Black Telemetry Backups\atlas-production-working-tree-20260729-200938\src\hooks\useTabletLocation.ts","3450","7/28/2026 1:36:46 PM"
"C:\Users\glenn\Documents\Code Black Telemetry Backups\atlas-production-working-tree-20260729-200938\src\hooks\useTelemetry.ts","1247","6/27/2026 10:45:01 AM"
"C:\Users\glenn\Documents\Code Black Telemetry Backups\atlas-production-working-tree-20260729-200938\src\map\AtlasCameraController.ts","1679","7/29/2026 11:51:00 AM"
"C:\Users\glenn\Documents\Code Black Telemetry Backups\atlas-production-working-tree-20260729-200938\src\map\AtlasDiagnostics.ts","1394","7/29/2026 1:41:18 PM"
"C:\Users\glenn\Documents\Code Black Telemetry Backups\atlas-production-working-tree-20260729-200938\src\map\AtlasMap.tsx","16711","7/29/2026 4:31:05 PM"
"C:\Users\glenn\Documents\Code Black Telemetry Backups\atlas-production-working-tree-20260729-200938\src\map\AtlasRadarLayer.ts","3607","7/29/2026 4:25:38 PM"
"C:\Users\glenn\Documents\Code Black Telemetry Backups\atlas-production-working-tree-20260729-200938\src\map\AtlasRangeRingLayer.ts","2232","7/29/2026 1:43:36 PM"
"C:\Users\glenn\Documents\Code Black Telemetry Backups\atlas-production-working-tree-20260729-200938\src\map\AtlasReconGlPage.tsx","7572","7/29/2026 12:23:05 PM"
"C:\Users\glenn\Documents\Code Black Telemetry Backups\atlas-production-working-tree-20260729-200938\src\map\AtlasStyleManager.ts","2358","7/29/2026 11:51:46 AM"
"C:\Users\glenn\Documents\Code Black Telemetry Backups\atlas-production-working-tree-20260729-200938\src\map\AtlasVehicleLayer.ts","3583","7/29/2026 1:43:30 PM"
"C:\Users\glenn\Documents\Code Black Telemetry Backups\atlas-production-working-tree-20260729-200938\src\map\types.ts","2021","7/29/2026 1:50:44 PM"
"C:\Users\glenn\Documents\Code Black Telemetry Backups\atlas-production-working-tree-20260729-200938\src\pages\Dashboard.tsx","1097","6/27/2026 10:42:32 AM"
"C:\Users\glenn\Documents\Code Black Telemetry Backups\atlas-production-working-tree-20260729-200938\src\pages\GPS.tsx","2226","7/28/2026 1:08:18 PM"
"C:\Users\glenn\Documents\Code Black Telemetry Backups\atlas-production-working-tree-20260729-200938\src\pages\Settings.tsx","1855","7/28/2026 5:36:37 PM"
"C:\Users\glenn\Documents\Code Black Telemetry Backups\atlas-production-working-tree-20260729-200938\src\pages\System.tsx","1998","6/27/2026 10:45:08 AM"
"C:\Users\glenn\Documents\Code Black Telemetry Backups\atlas-production-working-tree-20260729-200938\src\pages\Weather.tsx","2111","7/28/2026 1:08:18 PM"
"C:\Users\glenn\Documents\Code Black Telemetry Backups\atlas-production-working-tree-20260729-200938\src\pages\Wind.tsx","2031","7/28/2026 1:08:18 PM"
"C:\Users\glenn\Documents\Code Black Telemetry Backups\atlas-production-working-tree-20260729-200938\src\services\mapTiles.ts","5169","7/29/2026 5:45:13 PM"
"C:\Users\glenn\Documents\Code Black Telemetry Backups\atlas-production-working-tree-20260729-200938\src\services\radar.ts","10370","7/29/2026 1:44:17 PM"
"C:\Users\glenn\Documents\Code Black Telemetry Backups\atlas-production-working-tree-20260729-200938\src\services\settings.ts","1243","7/28/2026 5:59:46 PM"
"C:\Users\glenn\Documents\Code Black Telemetry Backups\atlas-production-working-tree-20260729-200938\src\services\situational.ts","15595","7/28/2026 5:29:29 PM"
"C:\Users\glenn\Documents\Code Black Telemetry Backups\atlas-production-working-tree-20260729-200938\src\services\sound.ts","652","7/28/2026 2:12:05 PM"
"C:\Users\glenn\Documents\Code Black Telemetry Backups\atlas-production-working-tree-20260729-200938\src\services\telemetry\api-provider.ts","13191","7/28/2026 5:38:53 PM"
"C:\Users\glenn\Documents\Code Black Telemetry Backups\atlas-production-working-tree-20260729-200938\src\services\telemetry\index.ts","852","7/28/2026 5:36:37 PM"
"C:\Users\glenn\Documents\Code Black Telemetry Backups\atlas-production-working-tree-20260729-200938\src\services\telemetry\quality.ts","3328","7/28/2026 1:01:00 PM"
"C:\Users\glenn\Documents\Code Black Telemetry Backups\atlas-production-working-tree-20260729-200938\src\services\telemetry\simulator.ts","6498","7/28/2026 1:00:37 PM"
"C:\Users\glenn\Documents\Code Black Telemetry Backups\atlas-production-working-tree-20260729-200938\src\services\telemetry\types.ts","2409","7/28/2026 1:00:13 PM"
