"Category","Path"
"A. production source/configuration required for Atlas",".gitignore"
"A. production source/configuration required for Atlas","android/.gitignore"
"A. production source/configuration required for Atlas","android/app/.gitignore"
"A. production source/configuration required for Atlas","android/app/capacitor.build.gradle"
"A. production source/configuration required for Atlas","android/app/proguard-rules.pro"
"A. production source/configuration required for Atlas","android/app/src/androidTest/java/com/getcapacitor/myapp/ExampleInstrumentedTest.java"
"A. production source/configuration required for Atlas","android/app/src/main/AndroidManifest.xml"
"A. production source/configuration required for Atlas","android/app/src/main/assets/recon-ref.png"
"A. production source/configuration required for Atlas","android/app/src/main/java/com/codeblackwx/ops/MainActivity.java"
"A. production source/configuration required for Atlas","android/app/src/main/java/com/codeblackwx/ops/recon/NativeMapboxReconActivity.java"
"A. production source/configuration required for Atlas","android/app/src/main/res/drawable/ic_launcher_background.xml"
"A. production source/configuration required for Atlas","android/app/src/main/res/drawable/splash.png"
"A. production source/configuration required for Atlas","android/app/src/main/res/drawable-land-hdpi/splash.png"
"A. production source/configuration required for Atlas","android/app/src/main/res/drawable-land-mdpi/splash.png"
"A. production source/configuration required for Atlas","android/app/src/main/res/drawable-land-xhdpi/splash.png"
"A. production source/configuration required for Atlas","android/app/src/main/res/drawable-land-xxhdpi/splash.png"
"A. production source/configuration required for Atlas","android/app/src/main/res/drawable-land-xxxhdpi/splash.png"
"A. production source/configuration required for Atlas","android/app/src/main/res/drawable-port-hdpi/splash.png"
"A. production source/configuration required for Atlas","android/app/src/main/res/drawable-port-mdpi/splash.png"
"A. production source/configuration required for Atlas","android/app/src/main/res/drawable-port-xhdpi/splash.png"
"A. production source/configuration required for Atlas","android/app/src/main/res/drawable-port-xxhdpi/splash.png"
"A. production source/configuration required for Atlas","android/app/src/main/res/drawable-port-xxxhdpi/splash.png"
"A. production source/configuration required for Atlas","android/app/src/main/res/drawable-v24/ic_launcher_foreground.xml"
"A. production source/configuration required for Atlas","android/app/src/main/res/layout/activity_main.xml"
"A. production source/configuration required for Atlas","android/app/src/main/res/mipmap-anydpi-v26/ic_launcher.xml"
"A. production source/configuration required for Atlas","android/app/src/main/res/mipmap-anydpi-v26/ic_launcher_round.xml"
"A. production source/configuration required for Atlas","android/app/src/main/res/mipmap-hdpi/ic_launcher.png"
"A. production source/configuration required for Atlas","android/app/src/main/res/mipmap-hdpi/ic_launcher_foreground.png"
"A. production source/configuration required for Atlas","android/app/src/main/res/mipmap-hdpi/ic_launcher_round.png"
"A. production source/configuration required for Atlas","android/app/src/main/res/mipmap-mdpi/ic_launcher.png"
"A. production source/configuration required for Atlas","android/app/src/main/res/mipmap-mdpi/ic_launcher_foreground.png"
"A. production source/configuration required for Atlas","android/app/src/main/res/mipmap-mdpi/ic_launcher_round.png"
"A. production source/configuration required for Atlas","android/app/src/main/res/mipmap-xhdpi/ic_launcher.png"
"A. production source/configuration required for Atlas","android/app/src/main/res/mipmap-xhdpi/ic_launcher_foreground.png"
"A. production source/configuration required for Atlas","android/app/src/main/res/mipmap-xhdpi/ic_launcher_round.png"
"A. production source/configuration required for Atlas","android/app/src/main/res/mipmap-xxhdpi/ic_launcher.png"
"A. production source/configuration required for Atlas","android/app/src/main/res/mipmap-xxhdpi/ic_launcher_foreground.png"
"A. production source/configuration required for Atlas","android/app/src/main/res/mipmap-xxhdpi/ic_launcher_round.png"
"A. production source/configuration required for Atlas","android/app/src/main/res/mipmap-xxxhdpi/ic_launcher.png"
"A. production source/configuration required for Atlas","android/app/src/main/res/mipmap-xxxhdpi/ic_launcher_foreground.png"
"A. production source/configuration required for Atlas","android/app/src/main/res/mipmap-xxxhdpi/ic_launcher_round.png"
"A. production source/configuration required for Atlas","android/app/src/main/res/values/ic_launcher_background.xml"
"A. production source/configuration required for Atlas","android/app/src/main/res/values/strings.xml"
"A. production source/configuration required for Atlas","android/app/src/main/res/values/styles.xml"
"A. production source/configuration required for Atlas","android/app/src/main/res/xml/file_paths.xml"
"A. production source/configuration required for Atlas","android/app/src/main/res/xml/network_security_config.xml"
"A. production source/configuration required for Atlas","android/app/src/test/java/com/getcapacitor/myapp/ExampleUnitTest.java"
"A. production source/configuration required for Atlas","android/build.gradle"
"A. production source/configuration required for Atlas","android/capacitor.settings.gradle"
"A. production source/configuration required for Atlas","android/gradle/wrapper/gradle-wrapper.jar"
"A. production source/configuration required for Atlas","android/gradle/wrapper/gradle-wrapper.properties"
"A. production source/configuration required for Atlas","android/gradlew"
"A. production source/configuration required for Atlas","android/gradlew.bat"
"A. production source/configuration required for Atlas","android/settings.gradle"
"A. production source/configuration required for Atlas","android/variables.gradle"
"A. production source/configuration required for Atlas","capacitor.config.ts"
"A. production source/configuration required for Atlas","index.html"
"A. production source/configuration required for Atlas","install-codeblack-ops.ps1"
"A. production source/configuration required for Atlas","package.json"
"A. production source/configuration required for Atlas","package-lock.json"
"A. production source/configuration required for Atlas","public/atlas-fixture-ref.svg"
"A. production source/configuration required for Atlas","public/manifest.webmanifest"
"A. production source/configuration required for Atlas","public/sw.js"
"A. production source/configuration required for Atlas","src/App.tsx"
"A. production source/configuration required for Atlas","src/components/cards/EventsCard.tsx"
"A. production source/configuration required for Atlas","src/components/cards/GpsCard.tsx"
"A. production source/configuration required for Atlas","src/components/cards/PowerCard.tsx"
"A. production source/configuration required for Atlas","src/components/cards/SensorHealthCard.tsx"
"A. production source/configuration required for Atlas","src/components/cards/SystemCard.tsx"
"A. production source/configuration required for Atlas","src/components/cards/WeatherCard.tsx"
"A. production source/configuration required for Atlas","src/components/cards/WindCard.tsx"
"A. production source/configuration required for Atlas","src/components/layout/TopBar.tsx"
"A. production source/configuration required for Atlas","src/components/operations/PiEndpointPanel.tsx"
"A. production source/configuration required for Atlas","src/components/operations/RadarEndpointPanel.tsx"
"A. production source/configuration required for Atlas","src/components/situational/Panels.tsx"
"A. production source/configuration required for Atlas","src/components/ui/DashCard.tsx"
"A. production source/configuration required for Atlas","src/components/ui/MetricRow.tsx"
"A. production source/configuration required for Atlas","src/components/ui/StatusBadge.tsx"
"A. production source/configuration required for Atlas","src/hooks/useAlertProducts.ts"
"A. production source/configuration required for Atlas","src/hooks/useSituationalData.ts"
"A. production source/configuration required for Atlas","src/hooks/useTabletLocation.ts"
"A. production source/configuration required for Atlas","src/index.css"
"A. production source/configuration required for Atlas","src/main.tsx"
"A. production source/configuration required for Atlas","src/map/AtlasCameraController.ts"
"A. production source/configuration required for Atlas","src/map/AtlasDiagnostics.ts"
"A. production source/configuration required for Atlas","src/map/AtlasMap.tsx"
"A. production source/configuration required for Atlas","src/map/AtlasRadarLayer.ts"
"A. production source/configuration required for Atlas","src/map/AtlasRangeRingLayer.ts"
"A. production source/configuration required for Atlas","src/map/AtlasReconGlPage.tsx"
"A. production source/configuration required for Atlas","src/map/AtlasStyleManager.ts"
"A. production source/configuration required for Atlas","src/map/AtlasVehicleLayer.ts"
"A. production source/configuration required for Atlas","src/map/types.ts"
"A. production source/configuration required for Atlas","src/pages/GPS.tsx"
"A. production source/configuration required for Atlas","src/pages/Settings.tsx"
"A. production source/configuration required for Atlas","src/pages/Weather.tsx"
"A. production source/configuration required for Atlas","src/pages/Wind.tsx"
"A. production source/configuration required for Atlas","src/services/mapTiles.ts"
"A. production source/configuration required for Atlas","src/services/settings.ts"
"A. production source/configuration required for Atlas","src/services/situational.ts"
"A. production source/configuration required for Atlas","src/services/sound.ts"
"A. production source/configuration required for Atlas","src/services/telemetry/api-provider.ts"
"A. production source/configuration required for Atlas","src/services/telemetry/index.ts"
"A. production source/configuration required for Atlas","src/services/telemetry/quality.ts"
"A. production source/configuration required for Atlas","src/services/telemetry/simulator.ts"
"A. production source/configuration required for Atlas","src/services/telemetry/types.ts"
"A. production source/configuration required for Atlas","start-radar-worker.ps1"
"A. production source/configuration required for Atlas","start-radar-worker.sh"
"B. radar implementation source required by the application","android/app/src/main/java/com/codeblackwx/ops/radar/RadarForegroundService.java"
"B. radar implementation source required by the application","android/app/src/main/java/com/codeblackwx/ops/radar/RadarNativePlugin.java"
"B. radar implementation source required by the application","android/app/src/main/java/com/codeblackwx/ops/radar/RadarSite.java"
"B. radar implementation source required by the application","android/app/src/main/java/com/codeblackwx/ops/radar/RadarSites.java"
"B. radar implementation source required by the application","android/app/src/main/jniLibs/arm64-v8a/libcodeblack_radar.so"
"B. radar implementation source required by the application","native/radar-ref/Cargo.lock"
"B. radar implementation source required by the application","native/radar-ref/Cargo.toml"
"B. radar implementation source required by the application","native/radar-ref/rust-toolchain.toml"
"B. radar implementation source required by the application","native/radar-ref/src/lib.rs"
"B. radar implementation source required by the application","src/services/radar.ts"
"C. QA documentation worth preserving","docs/on-device-radar-architecture.md"
"C. QA documentation worth preserving","native/radar-ref/README.md"
"C. QA documentation worth preserving","qa-atlas-recon-tag.txt"
"C. QA documentation worth preserving","qa-atlas-recovery-apk-hash.txt"
"C. QA documentation worth preserving","qa-atlas-recovery-commit.txt"
"C. QA documentation worth preserving","qa-atlas-recovery-tag.txt"
"C. QA documentation worth preserving","qa-screenshots/beta1/ksgf-sn-last-p41et.bin"
"C. QA documentation worth preserving","qa-screenshots/beta1/tablet-current.png"
"C. QA documentation worth preserving","qa-screenshots/beta1/tablet-expanded-cc.png"
"C. QA documentation worth preserving","qa-screenshots/beta1/tablet-expanded-et.png"
"C. QA documentation worth preserving","qa-screenshots/beta1/tablet-expanded-srv.png"
"C. QA documentation worth preserving","qa-screenshots/beta1/tablet-map-area.png"
"C. QA documentation worth preserving","qa-screenshots/beta1/tablet-page1-vel.png"
"C. QA documentation worth preserving","qa-screenshots/beta1/tablet-page2-diagnostics.png"
"C. QA documentation worth preserving","qa-screenshots/beta1-close/expanded-cc.png"
"C. QA documentation worth preserving","qa-screenshots/beta1-close/expanded-ref.png"
"C. QA documentation worth preserving","qa-screenshots/beta1-close/expanded-srv.png"
"C. QA documentation worth preserving","qa-screenshots/beta1-close/expanded-vel.png"
"C. QA documentation worth preserving","qa-screenshots/beta1-close/offline-cached-frame.png"
"C. QA documentation worth preserving","qa-screenshots/beta1-close/page1-radar.png"
"C. QA documentation worth preserving","qa-screenshots/beta1-close/page2-diagnostics.png"
"C. QA documentation worth preserving","qa-screenshots/beta1-close/product-switch-final.png"
"C. QA documentation worth preserving","qa-screenshots/beta1-close/short-logcat.txt"
"C. QA documentation worth preserving","qa-screenshots/beta1-close/short-stability.txt"
"C. QA documentation worth preserving","qa-screenshots/beta1-close/soak-mem.txt"
"C. QA documentation worth preserving","qa-screenshots/beta1-close/soak-start.png"
"C. QA documentation worth preserving","qa-screenshots/codeblack-before-expanded-base.png"
"C. QA documentation worth preserving","qa-screenshots/codeblack-before-expanded-radar.png"
"C. QA documentation worth preserving","qa-screenshots/codeblack-final-integration-page1.png"
"C. QA documentation worth preserving","qa-screenshots/codeblack-final-integration-page1b.png"
"C. QA documentation worth preserving","qa-screenshots/codeblack-final-integration-page1-final.png"
"C. QA documentation worth preserving","qa-screenshots/codeblack-final-integration-page2.png"
"C. QA documentation worth preserving","qa-screenshots/codeblack-final-integration-page2b.png"
"C. QA documentation worth preserving","qa-screenshots/codeblack-final-integration-page2-final.png"
"C. QA documentation worth preserving","qa-screenshots/codeblack-final-page1.png"
"C. QA documentation worth preserving","qa-screenshots/codeblack-final-page2.png"
"C. QA documentation worth preserving","qa-screenshots/codeblack-ondevice-page1.png"
"C. QA documentation worth preserving","qa-screenshots/codeblack-ondevice-page1-final.png"
"C. QA documentation worth preserving","qa-screenshots/codeblack-ondevice-page2.png"
"C. QA documentation worth preserving","qa-screenshots/codeblack-ondevice-page2-final.png"
"C. QA documentation worth preserving","qa-screenshots/codeblack-radar-rescue-after-back.png"
"C. QA documentation worth preserving","qa-screenshots/codeblack-radar-rescue-back-final.png"
"C. QA documentation worth preserving","qa-screenshots/codeblack-radar-rescue-expanded-final.png"
"C. QA documentation worth preserving","qa-screenshots/codeblack-radar-rescue-expanded-final-warm.png"
"C. QA documentation worth preserving","qa-screenshots/codeblack-radar-rescue-expanded-ref.png"
"C. QA documentation worth preserving","qa-screenshots/codeblack-radar-rescue-page1.png"
"C. QA documentation worth preserving","qa-screenshots/expanded-ref.png"
"C. QA documentation worth preserving","qa-screenshots/expanded-ref-2.png"
"C. QA documentation worth preserving","qa-screenshots/expanded-ref-final.png"
"C. QA documentation worth preserving","qa-screenshots/final-expanded.png"
"C. QA documentation worth preserving","qa-screenshots/final-page1.png"
"C. QA documentation worth preserving","qa-screenshots/final-page2.png"
"C. QA documentation worth preserving","qa-screenshots/map-polish/back-page1-after.png"
"C. QA documentation worth preserving","qa-screenshots/map-polish/expanded-cc-after.png"
"C. QA documentation worth preserving","qa-screenshots/map-polish/expanded-ref-after.png"
"C. QA documentation worth preserving","qa-screenshots/map-polish/expanded-srv-after.png"
"C. QA documentation worth preserving","qa-screenshots/map-polish/expanded-vel-after.png"
"C. QA documentation worth preserving","qa-screenshots/map-polish/page1-after.png"
"C. QA documentation worth preserving","qa-screenshots/map-polish/page1-landscape-after.png"
"C. QA documentation worth preserving","qa-screenshots/map-polish/page1-map-after.png"
"C. QA documentation worth preserving","qa-screenshots/map-polish/page2-map-diagnostics.png"
"C. QA documentation worth preserving","qa-screenshots/operation-atlas/atlas-after-back-active.png"
"C. QA documentation worth preserving","qa-screenshots/operation-atlas/atlas-back-page1.png"
"C. QA documentation worth preserving","qa-screenshots/operation-atlas/atlas-expanded-cc.png"
"C. QA documentation worth preserving","qa-screenshots/operation-atlas/atlas-expanded-cc-active.png"
"C. QA documentation worth preserving","qa-screenshots/operation-atlas/atlas-expanded-ref.png"
"C. QA documentation worth preserving","qa-screenshots/operation-atlas/atlas-expanded-ref-active.png"
"C. QA documentation worth preserving","qa-screenshots/operation-atlas/atlas-expanded-srv.png"
"C. QA documentation worth preserving","qa-screenshots/operation-atlas/atlas-expanded-vel.png"
"C. QA documentation worth preserving","qa-screenshots/operation-atlas/atlas-logcat-filtered.txt"
"C. QA documentation worth preserving","qa-screenshots/operation-atlas/atlas-meminfo-final.txt"
"C. QA documentation worth preserving","qa-screenshots/operation-atlas/atlas-page1-ref.png"
"C. QA documentation worth preserving","qa-screenshots/operation-atlas/atlas-page1-ref-active.png"
"C. QA documentation worth preserving","qa-screenshots/operation-atlas/atlas-page1-ref-after-wait.png"
"C. QA documentation worth preserving","qa-screenshots/operation-atlas/atlas-page2-diagnostics.png"
"C. QA documentation worth preserving","qa-screenshots/operation-atlas/atlas-page2-diagnostics-active.png"
"C. QA documentation worth preserving","qa-screenshots/operation-atlas/atlas-page2-scrolled.png"
"C. QA documentation worth preserving","qa-screenshots/operation-atlas/initial-after-install.png"
"C. QA documentation worth preserving","qa-screenshots/operation-atlas/legacy-restored-page1.png"
"C. QA documentation worth preserving","qa-screenshots/operation-atlas-lock-in/01-atlas-page1-start.png"
"C. QA documentation worth preserving","qa-screenshots/operation-atlas-lock-in/02-atlas-page1-rebuilt.png"
"C. QA documentation worth preserving","qa-screenshots/operation-atlas-lock-in/atlas-after-corrected-expanded-back.png"
"C. QA documentation worth preserving","qa-screenshots/operation-atlas-lock-in/atlas-after-corrected-expanded-back-20260729-171053-devtools.json"
"C. QA documentation worth preserving","qa-screenshots/operation-atlas-lock-in/atlas-after-corrected-expanded-back-20260729-171053-logcat.txt"
"C. QA documentation worth preserving","qa-screenshots/operation-atlas-lock-in/atlas-after-corrected-expanded-back-20260729-171053-meminfo.txt"
"C. QA documentation worth preserving","qa-screenshots/operation-atlas-lock-in/atlas-after-expanded-back.png"
"C. QA documentation worth preserving","qa-screenshots/operation-atlas-lock-in/atlas-after-expanded-back-final.png"
"C. QA documentation worth preserving","qa-screenshots/operation-atlas-lock-in/atlas-baseline-after-legacy-20260729-163238.png"
"C. QA documentation worth preserving","qa-screenshots/operation-atlas-lock-in/atlas-baseline-after-legacy-20260729-163238-devtools.json"
"C. QA documentation worth preserving","qa-screenshots/operation-atlas-lock-in/atlas-baseline-after-legacy-20260729-163238-logcat.txt"
"C. QA documentation worth preserving","qa-screenshots/operation-atlas-lock-in/atlas-baseline-after-legacy-20260729-163238-meminfo.txt"
"C. QA documentation worth preserving","qa-screenshots/operation-atlas-lock-in/atlas-deadband-page1-20260729-163148.png"
"C. QA documentation worth preserving","qa-screenshots/operation-atlas-lock-in/atlas-deadband-page1-20260729-163148-devtools.json"
"C. QA documentation worth preserving","qa-screenshots/operation-atlas-lock-in/atlas-deadband-page1-20260729-163148-logcat.txt"
"C. QA documentation worth preserving","qa-screenshots/operation-atlas-lock-in/atlas-deadband-page1-20260729-163148-meminfo.txt"
"C. QA documentation worth preserving","qa-screenshots/operation-atlas-lock-in/atlas-expanded-after-product-captures-20260729-171045-devtools.json"
"C. QA documentation worth preserving","qa-screenshots/operation-atlas-lock-in/atlas-expanded-after-product-captures-20260729-171045-logcat.txt"
"C. QA documentation worth preserving","qa-screenshots/operation-atlas-lock-in/atlas-expanded-after-product-captures-20260729-171045-meminfo.txt"
"C. QA documentation worth preserving","qa-screenshots/operation-atlas-lock-in/atlas-expanded-cc.png"
"C. QA documentation worth preserving","qa-screenshots/operation-atlas-lock-in/atlas-expanded-cc-corrected.png"
"C. QA documentation worth preserving","qa-screenshots/operation-atlas-lock-in/atlas-expanded-cc-final.png"
"C. QA documentation worth preserving","qa-screenshots/operation-atlas-lock-in/atlas-expanded-initial.png"
"C. QA documentation worth preserving","qa-screenshots/operation-atlas-lock-in/atlas-expanded-open-corrected.png"
"C. QA documentation worth preserving","qa-screenshots/operation-atlas-lock-in/atlas-expanded-open-corrected-20260729-171009-devtools.json"
"C. QA documentation worth preserving","qa-screenshots/operation-atlas-lock-in/atlas-expanded-open-corrected-20260729-171009-logcat.txt"
"C. QA documentation worth preserving","qa-screenshots/operation-atlas-lock-in/atlas-expanded-open-corrected-20260729-171009-meminfo.txt"
"C. QA documentation worth preserving","qa-screenshots/operation-atlas-lock-in/atlas-expanded-ref.png"
"C. QA documentation worth preserving","qa-screenshots/operation-atlas-lock-in/atlas-expanded-ref-corrected.png"
"C. QA documentation worth preserving","qa-screenshots/operation-atlas-lock-in/atlas-expanded-ref-final.png"
"C. QA documentation worth preserving","qa-screenshots/operation-atlas-lock-in/atlas-expanded-srv.png"
"C. QA documentation worth preserving","qa-screenshots/operation-atlas-lock-in/atlas-expanded-srv-corrected.png"
"C. QA documentation worth preserving","qa-screenshots/operation-atlas-lock-in/atlas-expanded-srv-final.png"
"C. QA documentation worth preserving","qa-screenshots/operation-atlas-lock-in/atlas-expanded-vel.png"
"C. QA documentation worth preserving","qa-screenshots/operation-atlas-lock-in/atlas-expanded-vel-corrected.png"
"C. QA documentation worth preserving","qa-screenshots/operation-atlas-lock-in/atlas-expanded-vel-final.png"
"C. QA documentation worth preserving","qa-screenshots/operation-atlas-lock-in/atlas-final-approved-20260729-174559-devtools.json"
"C. QA documentation worth preserving","qa-screenshots/operation-atlas-lock-in/atlas-final-approved-20260729-174559-logcat.txt"
"C. QA documentation worth preserving","qa-screenshots/operation-atlas-lock-in/atlas-final-approved-20260729-174559-meminfo.txt"
"C. QA documentation worth preserving","qa-screenshots/operation-atlas-lock-in/atlas-final-approved-page1.png"
"C. QA documentation worth preserving","qa-screenshots/operation-atlas-lock-in/atlas-final-page1-weather-fixed.png"
"C. QA documentation worth preserving","qa-screenshots/operation-atlas-lock-in/atlas-final-page2-diagnostics-20260729-170847-devtools.json"
"C. QA documentation worth preserving","qa-screenshots/operation-atlas-lock-in/atlas-final-page2-diagnostics-20260729-170847-logcat.txt"
"C. QA documentation worth preserving","qa-screenshots/operation-atlas-lock-in/atlas-final-page2-diagnostics-20260729-170847-meminfo.txt"
"C. QA documentation worth preserving","qa-screenshots/operation-atlas-lock-in/atlas-free-pan-mode.png"
"C. QA documentation worth preserving","qa-screenshots/operation-atlas-lock-in/atlas-heading-follow-mode.png"
"C. QA documentation worth preserving","qa-screenshots/operation-atlas-lock-in/atlas-lifecycle-results.md"
"C. QA documentation worth preserving","qa-screenshots/operation-atlas-lock-in/atlas-lock-in-report.md"
"C. QA documentation worth preserving","qa-screenshots/operation-atlas-lock-in/atlas-logcat-filtered.txt"
"C. QA documentation worth preserving","qa-screenshots/operation-atlas-lock-in/atlas-logcat-filtered-expanded-corrected.txt"
"C. QA documentation worth preserving","qa-screenshots/operation-atlas-lock-in/atlas-memory-summary.txt"
"C. QA documentation worth preserving","qa-screenshots/operation-atlas-lock-in/atlas-memory-timeline.csv"
"C. QA documentation worth preserving","qa-screenshots/operation-atlas-lock-in/atlas-memory-timeline-expanded-corrected.csv"
"C. QA documentation worth preserving","qa-screenshots/operation-atlas-lock-in/atlas-memory-timeline-page1-first-run.csv"
"C. QA documentation worth preserving","qa-screenshots/operation-atlas-lock-in/atlas-north-or-recenter-mode.png"
"C. QA documentation worth preserving","qa-screenshots/operation-atlas-lock-in/atlas-page1-basemap-only-no-radar.png"
"C. QA documentation worth preserving","qa-screenshots/operation-atlas-lock-in/atlas-page1-cc.png"
"C. QA documentation worth preserving","qa-screenshots/operation-atlas-lock-in/atlas-page1-ref.png"
"C. QA documentation worth preserving","qa-screenshots/operation-atlas-lock-in/atlas-page1-ref-final.png"
"C. QA documentation worth preserving","qa-screenshots/operation-atlas-lock-in/atlas-page1-srv.png"
"C. QA documentation worth preserving","qa-screenshots/operation-atlas-lock-in/atlas-page1-vel.png"
"C. QA documentation worth preserving","qa-screenshots/operation-atlas-lock-in/atlas-page2-diagnostics.png"
"C. QA documentation worth preserving","qa-screenshots/operation-atlas-lock-in/atlas-production-gate.md"
"C. QA documentation worth preserving","qa-screenshots/operation-atlas-lock-in/atlas-product-switch-results.md"
"C. QA documentation worth preserving","qa-screenshots/operation-atlas-lock-in/atlas-rebuilt-page1-20260729-163015.png"
"C. QA documentation worth preserving","qa-screenshots/operation-atlas-lock-in/atlas-rebuilt-page1-20260729-163015-devtools.json"
"C. QA documentation worth preserving","qa-screenshots/operation-atlas-lock-in/atlas-rebuilt-page1-20260729-163015-logcat.txt"
"C. QA documentation worth preserving","qa-screenshots/operation-atlas-lock-in/atlas-rebuilt-page1-20260729-163015-meminfo.txt"
"C. QA documentation worth preserving","qa-screenshots/operation-atlas-lock-in/atlas-recentered-mode.png"
"C. QA documentation worth preserving","qa-screenshots/operation-atlas-lock-in/atlas-runtime-counters.json"
"C. QA documentation worth preserving","qa-screenshots/operation-atlas-lock-in/atlas-stress-status.json"
"C. QA documentation worth preserving","qa-screenshots/operation-atlas-lock-in/atlas-stress-status-expanded-corrected.json"
"C. QA documentation worth preserving","qa-screenshots/operation-atlas-lock-in/capture-device-snapshot.ps1"
"C. QA documentation worth preserving","qa-screenshots/operation-atlas-lock-in/devtools-dump.cjs"
"C. QA documentation worth preserving","qa-screenshots/operation-atlas-lock-in/devtools-eval.cjs"
"C. QA documentation worth preserving","qa-screenshots/operation-atlas-lock-in/ending-checkpoint.txt"
"C. QA documentation worth preserving","qa-screenshots/operation-atlas-lock-in/legacy-baseline-20260729-163228.png"
"C. QA documentation worth preserving","qa-screenshots/operation-atlas-lock-in/legacy-baseline-20260729-163228-devtools.json"
"C. QA documentation worth preserving","qa-screenshots/operation-atlas-lock-in/legacy-baseline-20260729-163228-logcat.txt"
"C. QA documentation worth preserving","qa-screenshots/operation-atlas-lock-in/legacy-baseline-20260729-163228-meminfo.txt"
"C. QA documentation worth preserving","qa-screenshots/operation-atlas-lock-in/logcat-01-atlas-start.txt"
"C. QA documentation worth preserving","qa-screenshots/operation-atlas-lock-in/memory-01-atlas-start.txt"
"C. QA documentation worth preserving","qa-screenshots/operation-atlas-lock-in/memory-02-atlas-rebuilt.txt"
"C. QA documentation worth preserving","qa-screenshots/operation-atlas-lock-in/run-atlas-stress.ps1"
"C. QA documentation worth preserving","qa-screenshots/operation-atlas-lock-in/run-atlas-stress-expanded-corrected.ps1"
"C. QA documentation worth preserving","qa-screenshots/operation-atlas-lock-in/start-apk-sha256.txt"
"C. QA documentation worth preserving","qa-screenshots/operation-atlas-lock-in/start-checkpoint.txt"
"C. QA documentation worth preserving","qa-screenshots/operation-atlas-lock-in/start-commit.txt"
"C. QA documentation worth preserving","qa-screenshots/operation-atlas-lock-in/start-git-status.txt"
"C. QA documentation worth preserving","qa-screenshots/operation-atlas-lock-in/stress-idle-plus-120s-devtools.json"
"C. QA documentation worth preserving","qa-screenshots/operation-atlas-lock-in/stress-idle-plus-120s-meminfo.txt"
"C. QA documentation worth preserving","qa-screenshots/operation-atlas-lock-in/stress-start-devtools.json"
"C. QA documentation worth preserving","qa-screenshots/operation-atlas-lock-in/stress-start-meminfo.txt"
"C. QA documentation worth preserving","qa-screenshots/operation-atlas-lock-in/stress-t0-devtools.json"
"C. QA documentation worth preserving","qa-screenshots/operation-atlas-lock-in/stress-t0-meminfo.txt"
"C. QA documentation worth preserving","qa-screenshots/operation-atlas-lock-in/stress-t1200-devtools.json"
"C. QA documentation worth preserving","qa-screenshots/operation-atlas-lock-in/stress-t1200-meminfo.txt"
"C. QA documentation worth preserving","qa-screenshots/operation-atlas-lock-in/stress-t1500-devtools.json"
"C. QA documentation worth preserving","qa-screenshots/operation-atlas-lock-in/stress-t1500-meminfo.txt"
"C. QA documentation worth preserving","qa-screenshots/operation-atlas-lock-in/stress-t1800-devtools.json"
"C. QA documentation worth preserving","qa-screenshots/operation-atlas-lock-in/stress-t1800-final-devtools.json"
"C. QA documentation worth preserving","qa-screenshots/operation-atlas-lock-in/stress-t1800-final-meminfo.txt"
"C. QA documentation worth preserving","qa-screenshots/operation-atlas-lock-in/stress-t1800-meminfo.txt"
"C. QA documentation worth preserving","qa-screenshots/operation-atlas-lock-in/stress-t300-devtools.json"
"C. QA documentation worth preserving","qa-screenshots/operation-atlas-lock-in/stress-t300-meminfo.txt"
"C. QA documentation worth preserving","qa-screenshots/operation-atlas-lock-in/stress-t600-devtools.json"
"C. QA documentation worth preserving","qa-screenshots/operation-atlas-lock-in/stress-t600-meminfo.txt"
"C. QA documentation worth preserving","qa-screenshots/operation-atlas-lock-in/stress-t900-devtools.json"
"C. QA documentation worth preserving","qa-screenshots/operation-atlas-lock-in/stress-t900-meminfo.txt"
"C. QA documentation worth preserving","qa-screenshots/operation-atlas-recon/01-gljs-minimal-night.png"
"C. QA documentation worth preserving","qa-screenshots/operation-atlas-recon/02-gljs-minimal-bright.png"
"C. QA documentation worth preserving","qa-screenshots/operation-atlas-recon/03-full-atlas-page1.png"
"C. QA documentation worth preserving","qa-screenshots/operation-atlas-recon/07-native-night-basemap.png"
"C. QA documentation worth preserving","qa-screenshots/operation-atlas-recon/08-native-bright-basemap.png"
"C. QA documentation worth preserving","qa-screenshots/operation-atlas-recon/14-native-heading-up.png"
"C. QA documentation worth preserving","qa-screenshots/operation-atlas-recon/17-legacy-page1.png"
"C. QA documentation worth preserving","qa-screenshots/operation-atlas-recon/19-native-poc-clean.png"
"C. QA documentation worth preserving","qa-screenshots/operation-atlas-recon/final-installed-legacy.png"
"C. QA documentation worth preserving","qa-screenshots/operation-atlas-recon/final-main-after-recon.png"
"C. QA documentation worth preserving","qa-screenshots/operation-atlas-recon/logcat-final-errors.txt"
"C. QA documentation worth preserving","qa-screenshots/operation-atlas-recon/logcat-full-atlas-page1.txt"
"C. QA documentation worth preserving","qa-screenshots/operation-atlas-recon/logcat-gljs-minimal-bright.txt"
"C. QA documentation worth preserving","qa-screenshots/operation-atlas-recon/logcat-gljs-minimal-night.txt"
"C. QA documentation worth preserving","qa-screenshots/operation-atlas-recon/logcat-native-20-open-close.txt"
"C. QA documentation worth preserving","qa-screenshots/operation-atlas-recon/logcat-native-night.txt"
"C. QA documentation worth preserving","qa-screenshots/operation-atlas-recon/memory-full-atlas-page1.txt"
"C. QA documentation worth preserving","qa-screenshots/operation-atlas-recon/memory-gljs-minimal-bright.txt"
"C. QA documentation worth preserving","qa-screenshots/operation-atlas-recon/memory-gljs-minimal-night.txt"
"C. QA documentation worth preserving","qa-screenshots/operation-atlas-recon/memory-legacy-page1.txt"
"C. QA documentation worth preserving","qa-screenshots/operation-atlas-recon/memory-native-20-open-close.txt"
"C. QA documentation worth preserving","qa-screenshots/operation-atlas-recon/memory-native-bright.txt"
"C. QA documentation worth preserving","qa-screenshots/operation-atlas-recon/memory-native-night.txt"
"C. QA documentation worth preserving","qa-screenshots/operation-atlas-recon/memory-native-night-clean.txt"
"C. QA documentation worth preserving","qa-screenshots/operation-atlas-recon/renderer-comparison.md"
"C. QA documentation worth preserving","qa-screenshots/operation-atlas-recovery/01-atlas-page1-no-radar.png"
"C. QA documentation worth preserving","qa-screenshots/operation-atlas-recovery/02-atlas-page1-no-radar-fixed.png"
"C. QA documentation worth preserving","qa-screenshots/operation-atlas-recovery/03-atlas-page1-visible-counters.png"
"C. QA documentation worth preserving","qa-screenshots/operation-atlas-recovery/04-atlas-css-pixel.png"
"C. QA documentation worth preserving","qa-screenshots/operation-atlas-recovery/05-atlas-streets-no-tune.png"
"C. QA documentation worth preserving","qa-screenshots/operation-atlas-recovery/06-atlas-expanded-streets-no-tune.png"
"C. QA documentation worth preserving","qa-screenshots/operation-atlas-recovery/07-atlas-single-map-navnight.png"
"C. QA documentation worth preserving","qa-screenshots/operation-atlas-recovery/08-atlas-sized-navnight.png"
"C. QA documentation worth preserving","qa-screenshots/operation-atlas-recovery/09-atlas-sized-radar-off.png"
"C. QA documentation worth preserving","qa-screenshots/operation-atlas-recovery/10-atlas-gps-centered.png"
"C. QA documentation worth preserving","qa-screenshots/operation-atlas-recovery/11-atlas-expanded-ref.png"
"C. QA documentation worth preserving","qa-screenshots/operation-atlas-recovery/12-atlas-expanded-vel.png"
"C. QA documentation worth preserving","qa-screenshots/operation-atlas-recovery/13-atlas-expanded-srv.png"
"C. QA documentation worth preserving","qa-screenshots/operation-atlas-recovery/14-atlas-expanded-cc.png"
"C. QA documentation worth preserving","qa-screenshots/operation-atlas-recovery/15-atlas-after-back.png"
"C. QA documentation worth preserving","qa-screenshots/operation-atlas-recovery/16-legacy-restored-final.png"
"C. QA documentation worth preserving","qa-screenshots/operation-atlas-recovery/devtools-atlas-after-back.json"
"C. QA documentation worth preserving","qa-screenshots/operation-atlas-recovery/devtools-atlas-dom.json"
"C. QA documentation worth preserving","qa-screenshots/operation-atlas-recovery/devtools-atlas-expanded-cc.json"
"C. QA documentation worth preserving","qa-screenshots/operation-atlas-recovery/devtools-atlas-short-stress.json"
"C. QA documentation worth preserving","qa-screenshots/operation-atlas-recovery/devtools-atlas-single-map.json"
"C. QA documentation worth preserving","qa-screenshots/operation-atlas-recovery/devtools-atlas-sized.json"
"C. QA documentation worth preserving","qa-screenshots/operation-atlas-recovery/logcat-atlas-css-pixel.txt"
"C. QA documentation worth preserving","qa-screenshots/operation-atlas-recovery/logcat-atlas-gps-centered.txt"
"C. QA documentation worth preserving","qa-screenshots/operation-atlas-recovery/logcat-atlas-noframe.txt"
"C. QA documentation worth preserving","qa-screenshots/operation-atlas-recovery/logcat-atlas-short-stress.txt"
"C. QA documentation worth preserving","qa-screenshots/operation-atlas-recovery/logcat-atlas-single-map-navnight.txt"
"C. QA documentation worth preserving","qa-screenshots/operation-atlas-recovery/logcat-atlas-sized-navnight.txt"
"C. QA documentation worth preserving","qa-screenshots/operation-atlas-recovery/logcat-atlas-streets-no-tune.txt"
"C. QA documentation worth preserving","qa-screenshots/operation-atlas-recovery/logcat-atlas-visible-counters.txt"
"C. QA documentation worth preserving","qa-screenshots/operation-atlas-recovery/memory-atlas-after-back.txt"
"C. QA documentation worth preserving","qa-screenshots/operation-atlas-recovery/memory-atlas-css-pixel.txt"
"C. QA documentation worth preserving","qa-screenshots/operation-atlas-recovery/memory-atlas-expanded-ref.txt"
"C. QA documentation worth preserving","qa-screenshots/operation-atlas-recovery/memory-atlas-expanded-streets-no-tune.txt"
"C. QA documentation worth preserving","qa-screenshots/operation-atlas-recovery/memory-atlas-gps-centered.txt"
"C. QA documentation worth preserving","qa-screenshots/operation-atlas-recovery/memory-atlas-noframe.txt"
"C. QA documentation worth preserving","qa-screenshots/operation-atlas-recovery/memory-atlas-noframe-fixed.txt"
"C. QA documentation worth preserving","qa-screenshots/operation-atlas-recovery/memory-atlas-short-stress.txt"
"C. QA documentation worth preserving","qa-screenshots/operation-atlas-recovery/memory-atlas-single-map-navnight.txt"
"C. QA documentation worth preserving","qa-screenshots/operation-atlas-recovery/memory-atlas-sized-navnight.txt"
"C. QA documentation worth preserving","qa-screenshots/operation-atlas-recovery/memory-atlas-streets-no-tune.txt"
"C. QA documentation worth preserving","qa-screenshots/operation-atlas-recovery/memory-legacy-restored-final.txt"
"C. QA documentation worth preserving","qa-screenshots/operation-radar-loop/atlas-production-working-tree-20260729-200938.patch"
"C. QA documentation worth preserving","qa-screenshots/operation-radar-loop/git-diff-stat-20260729-200938.txt"
"C. QA documentation worth preserving","qa-screenshots/operation-radar-loop/git-status-20260729-200938.txt"
"C. QA documentation worth preserving","qa-screenshots/operation-radar-loop/git-status-short-20260729-200938.txt"
"C. QA documentation worth preserving","qa-screenshots/operation-radar-loop/phase0-timestamp.txt"
"C. QA documentation worth preserving","qa-screenshots/page1-ref.png"
"C. QA documentation worth preserving","qa-screenshots/page1-ref-after-endpoint.png"
"C. QA documentation worth preserving","qa-screenshots/page1-ref-live.png"
"C. QA documentation worth preserving","qa-screenshots/page1-ref-worker.png"
"C. QA documentation worth preserving","qa-screenshots/page1-ref-worker-ready.png"
"C. QA documentation worth preserving","qa-screenshots/ref-mvp-20260728/tablet-expanded-ref.png"
"C. QA documentation worth preserving","qa-screenshots/ref-mvp-20260728/tablet-expanded-ref-final.png"
"C. QA documentation worth preserving","qa-screenshots/ref-mvp-20260728/tablet-landscape-ref-final.png"
"C. QA documentation worth preserving","qa-screenshots/ref-mvp-20260728/tablet-page1-georef-ref.png"
"C. QA documentation worth preserving","qa-screenshots/ref-mvp-20260728/tablet-page2-diagnostics.png"
"C. QA documentation worth preserving","qa-screenshots/ref-mvp-20260728/tablet-page-current.png"
"C. QA documentation worth preserving","qa-screenshots/ref-mvp-20260728/tablet-page-current-pulled.png"
"C. QA documentation worth preserving","qa-screenshots/tablet-current.png"
"C. QA documentation worth preserving","qa-screenshots/tablet-logcat-tail.txt"
"C. QA documentation worth preserving","qa-screenshots/tablet-meminfo.txt"
"D. generated build output that should remain uncommitted",".atlas-vite.err"
"D. generated build output that should remain uncommitted",".atlas-vite.out"
"D. generated build output that should remain uncommitted",".atlas-vite.pid"
"D. generated build output that should remain uncommitted","android/app/build.gradle"
"D. generated build output that should remain uncommitted","android/tmp-mapbox-aar/AndroidManifest.xml"
"D. generated build output that should remain uncommitted","android/tmp-mapbox-aar/assets/sdk_versions/com.mapbox.maps"
"D. generated build output that should remain uncommitted","android/tmp-mapbox-aar/classes.jar"
"D. generated build output that should remain uncommitted","android/tmp-mapbox-aar/proguard.txt"
"D. generated build output that should remain uncommitted","android/tmp-mapbox-aar/public.txt"
"D. generated build output that should remain uncommitted","android/tmp-mapbox-aar/R.txt"
"D. generated build output that should remain uncommitted","android/tmp-mapbox-aar/res/drawable/mapbox_logo_helmet.png"
"D. generated build output that should remain uncommitted","android/tmp-mapbox-aar/res/drawable/mapbox_logo_icon.png"
"D. generated build output that should remain uncommitted","android/tmp-mapbox-aar/res/drawable/mapbox_rounded_corner.xml"
"D. generated build output that should remain uncommitted","android/tmp-mapbox-aar/res/drawable-hdpi-v4/mapbox_logo_helmet.png"
"D. generated build output that should remain uncommitted","android/tmp-mapbox-aar/res/drawable-hdpi-v4/mapbox_logo_icon.png"
"D. generated build output that should remain uncommitted","android/tmp-mapbox-aar/res/drawable-mdpi-v4/mapbox_logo_helmet.png"
"D. generated build output that should remain uncommitted","android/tmp-mapbox-aar/res/drawable-mdpi-v4/mapbox_logo_icon.png"
"D. generated build output that should remain uncommitted","android/tmp-mapbox-aar/res/drawable-xhdpi-v4/mapbox_logo_helmet.png"
"D. generated build output that should remain uncommitted","android/tmp-mapbox-aar/res/drawable-xhdpi-v4/mapbox_logo_icon.png"
"D. generated build output that should remain uncommitted","android/tmp-mapbox-aar/res/drawable-xxhdpi-v4/mapbox_logo_helmet.png"
"D. generated build output that should remain uncommitted","android/tmp-mapbox-aar/res/drawable-xxhdpi-v4/mapbox_logo_icon.png"
"D. generated build output that should remain uncommitted","android/tmp-mapbox-aar/res/drawable-xxxhdpi-v4/mapbox_logo_helmet.png"
"D. generated build output that should remain uncommitted","android/tmp-mapbox-aar/res/drawable-xxxhdpi-v4/mapbox_logo_icon.png"
"D. generated build output that should remain uncommitted","android/tmp-mapbox-aar/res/values/values.xml"
"D. generated build output that should remain uncommitted","android/tmp-mapbox-aar/res/values-ar/values-ar.xml"
"D. generated build output that should remain uncommitted","android/tmp-mapbox-aar/res/values-be/values-be.xml"
"D. generated build output that should remain uncommitted","android/tmp-mapbox-aar/res/values-bg/values-bg.xml"
"D. generated build output that should remain uncommitted","android/tmp-mapbox-aar/res/values-ca/values-ca.xml"
"D. generated build output that should remain uncommitted","android/tmp-mapbox-aar/res/values-cs/values-cs.xml"
"D. generated build output that should remain uncommitted","android/tmp-mapbox-aar/res/values-da/values-da.xml"
"D. generated build output that should remain uncommitted","android/tmp-mapbox-aar/res/values-de/values-de.xml"
"D. generated build output that should remain uncommitted","android/tmp-mapbox-aar/res/values-es/values-es.xml"
"D. generated build output that should remain uncommitted","android/tmp-mapbox-aar/res/values-fr/values-fr.xml"
"D. generated build output that should remain uncommitted","android/tmp-mapbox-aar/res/values-gl/values-gl.xml"
"D. generated build output that should remain uncommitted","android/tmp-mapbox-aar/res/values-it/values-it.xml"
"D. generated build output that should remain uncommitted","android/tmp-mapbox-aar/res/values-iw/values-iw.xml"
"D. generated build output that should remain uncommitted","android/tmp-mapbox-aar/res/values-ja/values-ja.xml"
"D. generated build output that should remain uncommitted","android/tmp-mapbox-aar/res/values-ko/values-ko.xml"
"D. generated build output that should remain uncommitted","android/tmp-mapbox-aar/res/values-lt/values-lt.xml"
"D. generated build output that should remain uncommitted","android/tmp-mapbox-aar/res/values-nl/values-nl.xml"
"D. generated build output that should remain uncommitted","android/tmp-mapbox-aar/res/values-no/values-no.xml"
"D. generated build output that should remain uncommitted","android/tmp-mapbox-aar/res/values-pl/values-pl.xml"
"D. generated build output that should remain uncommitted","android/tmp-mapbox-aar/res/values-pt/values-pt.xml"
"D. generated build output that should remain uncommitted","android/tmp-mapbox-aar/res/values-ru/values-ru.xml"
"D. generated build output that should remain uncommitted","android/tmp-mapbox-aar/res/values-sv/values-sv.xml"
"D. generated build output that should remain uncommitted","android/tmp-mapbox-aar/res/values-uk/values-uk.xml"
"D. generated build output that should remain uncommitted","android/tmp-mapbox-aar/res/values-vi/values-vi.xml"
"D. generated build output that should remain uncommitted","android/tmp-mapbox-aar/res/values-zh/values-zh.xml"
"D. generated build output that should remain uncommitted","android/tmp-mapbox-aar/res/values-zh-rCN/values-zh-rCN.xml"
"D. generated build output that should remain uncommitted","android/tmp-mapbox-aar/res/values-zh-rHK/values-zh-rHK.xml"
"D. generated build output that should remain uncommitted","android/tmp-mapbox-aar/res/values-zh-rTW/values-zh-rTW.xml"
"D. generated build output that should remain uncommitted","android/tmp-mapbox-aar/sdk.zip"
"D. generated build output that should remain uncommitted","android/tmp-mapbox-common/AndroidManifest.xml"
"D. generated build output that should remain uncommitted","android/tmp-mapbox-common/assets/sdk_versions/com.mapbox.common.core"
"D. generated build output that should remain uncommitted","android/tmp-mapbox-common/classes.jar"
"D. generated build output that should remain uncommitted","android/tmp-mapbox-common/common.zip"
"D. generated build output that should remain uncommitted","android/tmp-mapbox-common/jni/arm64-v8a/libc++_shared.so"
"D. generated build output that should remain uncommitted","android/tmp-mapbox-common/jni/arm64-v8a/libmapbox-common.so"
"D. generated build output that should remain uncommitted","android/tmp-mapbox-common/jni/armeabi-v7a/libc++_shared.so"
"D. generated build output that should remain uncommitted","android/tmp-mapbox-common/jni/armeabi-v7a/libmapbox-common.so"
"D. generated build output that should remain uncommitted","android/tmp-mapbox-common/jni/x86/libc++_shared.so"
"D. generated build output that should remain uncommitted","android/tmp-mapbox-common/jni/x86/libmapbox-common.so"
"D. generated build output that should remain uncommitted","android/tmp-mapbox-common/jni/x86_64/libc++_shared.so"
"D. generated build output that should remain uncommitted","android/tmp-mapbox-common/jni/x86_64/libmapbox-common.so"
"D. generated build output that should remain uncommitted","android/tmp-mapbox-common/proguard.txt"
"D. generated build output that should remain uncommitted","android/tmp-mapbox-common/R.txt"
"D. generated build output that should remain uncommitted","android/tmp-mapbox-common/res/layout/activity_dummy.xml"
"D. generated build output that should remain uncommitted","android/tmp-search-aar/a.zip"
"D. generated build output that should remain uncommitted","android/tmp-search-aar/AndroidManifest.xml"
"D. generated build output that should remain uncommitted","android/tmp-search-aar/assets/sdk_versions/com.mapbox.maps.core"
"D. generated build output that should remain uncommitted","android/tmp-search-aar/classes.jar"
"D. generated build output that should remain uncommitted","android/tmp-search-aar/jni/arm64-v8a/libmapbox-maps.so"
"D. generated build output that should remain uncommitted","android/tmp-search-aar/jni/armeabi-v7a/libmapbox-maps.so"
"D. generated build output that should remain uncommitted","android/tmp-search-aar/jni/x86/libmapbox-maps.so"
"D. generated build output that should remain uncommitted","android/tmp-search-aar/jni/x86_64/libmapbox-maps.so"
"D. generated build output that should remain uncommitted","android/tmp-search-aar/R.txt"
"D. generated build output that should remain uncommitted","native/radar-ref/target/.rustc_info.json"
"D. generated build output that should remain uncommitted","native/radar-ref/target/aarch64-linux-android/CACHEDIR.TAG"
"D. generated build output that should remain uncommitted","native/radar-ref/target/aarch64-linux-android/release/.cargo-artifact-lock"
"D. generated build output that should remain uncommitted","native/radar-ref/target/aarch64-linux-android/release/.cargo-build-lock"
"D. generated build output that should remain uncommitted","native/radar-ref/target/aarch64-linux-android/release/.cargo-lock"
"D. generated build output that should remain uncommitted","native/radar-ref/target/aarch64-linux-android/release/.fingerprint/adler2-9b3a96473f528b87/dep-lib-adler2"
"D. generated build output that should remain uncommitted","native/radar-ref/target/aarch64-linux-android/release/.fingerprint/adler2-9b3a96473f528b87/invoked.timestamp"
"D. generated build output that should remain uncommitted","native/radar-ref/target/aarch64-linux-android/release/.fingerprint/adler2-9b3a96473f528b87/lib-adler2"
"D. generated build output that should remain uncommitted","native/radar-ref/target/aarch64-linux-android/release/.fingerprint/adler2-9b3a96473f528b87/lib-adler2.json"
"D. generated build output that should remain uncommitted","native/radar-ref/target/aarch64-linux-android/release/.fingerprint/aligned-a80e0999d0e10b57/dep-lib-aligned"
"D. generated build output that should remain uncommitted","native/radar-ref/target/aarch64-linux-android/release/.fingerprint/aligned-a80e0999d0e10b57/invoked.timestamp"
"D. generated build output that should remain uncommitted","native/radar-ref/target/aarch64-linux-android/release/.fingerprint/aligned-a80e0999d0e10b57/lib-aligned"
"D. generated build output that should remain uncommitted","native/radar-ref/target/aarch64-linux-android/release/.fingerprint/aligned-a80e0999d0e10b57/lib-aligned.json"
"D. generated build output that should remain uncommitted","native/radar-ref/target/aarch64-linux-android/release/.fingerprint/aligned-vec-7e588955dd5a3a7b/dep-lib-aligned_vec"
"D. generated build output that should remain uncommitted","native/radar-ref/target/aarch64-linux-android/release/.fingerprint/aligned-vec-7e588955dd5a3a7b/invoked.timestamp"
"D. generated build output that should remain uncommitted","native/radar-ref/target/aarch64-linux-android/release/.fingerprint/aligned-vec-7e588955dd5a3a7b/lib-aligned_vec"
"D. generated build output that should remain uncommitted","native/radar-ref/target/aarch64-linux-android/release/.fingerprint/aligned-vec-7e588955dd5a3a7b/lib-aligned_vec.json"
"D. generated build output that should remain uncommitted","native/radar-ref/target/aarch64-linux-android/release/.fingerprint/android_system_properties-cf3d4d8a49baf28e/dep-lib-android_system_properties"
"D. generated build output that should remain uncommitted","native/radar-ref/target/aarch64-linux-android/release/.fingerprint/android_system_properties-cf3d4d8a49baf28e/invoked.timestamp"
"D. generated build output that should remain uncommitted","native/radar-ref/target/aarch64-linux-android/release/.fingerprint/android_system_properties-cf3d4d8a49baf28e/lib-android_system_properties"
"D. generated build output that should remain uncommitted","native/radar-ref/target/aarch64-linux-android/release/.fingerprint/android_system_properties-cf3d4d8a49baf28e/lib-android_system_properties.json"
"D. generated build output that should remain uncommitted","native/radar-ref/target/aarch64-linux-android/release/.fingerprint/anyhow-8a719d175c717bd6/run-build-script-build-script-build"
"D. generated build output that should remain uncommitted","native/radar-ref/target/aarch64-linux-android/release/.fingerprint/anyhow-8a719d175c717bd6/run-build-script-build-script-build.json"
"D. generated build output that should remain uncommitted","native/radar-ref/target/aarch64-linux-android/release/.fingerprint/anyhow-ea6d12dc0db7657f/dep-lib-anyhow"
"D. generated build output that should remain uncommitted","native/radar-ref/target/aarch64-linux-android/release/.fingerprint/anyhow-ea6d12dc0db7657f/invoked.timestamp"
"D. generated build output that should remain uncommitted","native/radar-ref/target/aarch64-linux-android/release/.fingerprint/anyhow-ea6d12dc0db7657f/lib-anyhow"
"D. generated build output that should remain uncommitted","native/radar-ref/target/aarch64-linux-android/release/.fingerprint/anyhow-ea6d12dc0db7657f/lib-anyhow.json"
"D. generated build output that should remain uncommitted","native/radar-ref/target/aarch64-linux-android/release/.fingerprint/arrayvec-ac8d8fc7a5bd7e8f/dep-lib-arrayvec"
"D. generated build output that should remain uncommitted","native/radar-ref/target/aarch64-linux-android/release/.fingerprint/arrayvec-ac8d8fc7a5bd7e8f/invoked.timestamp"
"D. generated build output that should remain uncommitted","native/radar-ref/target/aarch64-linux-android/release/.fingerprint/arrayvec-ac8d8fc7a5bd7e8f/lib-arrayvec"
"D. generated build output that should remain uncommitted","native/radar-ref/target/aarch64-linux-android/release/.fingerprint/arrayvec-ac8d8fc7a5bd7e8f/lib-arrayvec.json"
"D. generated build output that should remain uncommitted","native/radar-ref/target/aarch64-linux-android/release/.fingerprint/as-slice-acc05424ea1457c0/dep-lib-as_slice"
"D. generated build output that should remain uncommitted","native/radar-ref/target/aarch64-linux-android/release/.fingerprint/as-slice-acc05424ea1457c0/invoked.timestamp"
"D. generated build output that should remain uncommitted","native/radar-ref/target/aarch64-linux-android/release/.fingerprint/as-slice-acc05424ea1457c0/lib-as_slice"
"D. generated build output that should remain uncommitted","native/radar-ref/target/aarch64-linux-android/release/.fingerprint/as-slice-acc05424ea1457c0/lib-as_slice.json"
"D. generated build output that should remain uncommitted","native/radar-ref/target/aarch64-linux-android/release/.fingerprint/av1-grain-2d83db05255b0c1b/dep-lib-av1_grain"
"D. generated build output that should remain uncommitted","native/radar-ref/target/aarch64-linux-android/release/.fingerprint/av1-grain-2d83db05255b0c1b/invoked.timestamp"
"D. generated build output that should remain uncommitted","native/radar-ref/target/aarch64-linux-android/release/.fingerprint/av1-grain-2d83db05255b0c1b/lib-av1_grain"
"D. generated build output that should remain uncommitted","native/radar-ref/target/aarch64-linux-android/release/.fingerprint/av1-grain-2d83db05255b0c1b/lib-av1_grain.json"
"D. generated build output that should remain uncommitted","native/radar-ref/target/aarch64-linux-android/release/.fingerprint/avif-serialize-2f088a83a4b4672b/dep-lib-avif_serialize"
"D. generated build output that should remain uncommitted","native/radar-ref/target/aarch64-linux-android/release/.fingerprint/avif-serialize-2f088a83a4b4672b/invoked.timestamp"
"D. generated build output that should remain uncommitted","native/radar-ref/target/aarch64-linux-android/release/.fingerprint/avif-serialize-2f088a83a4b4672b/lib-avif_serialize"
"D. generated build output that should remain uncommitted","native/radar-ref/target/aarch64-linux-android/release/.fingerprint/avif-serialize-2f088a83a4b4672b/lib-avif_serialize.json"
"D. generated build output that should remain uncommitted","native/radar-ref/target/aarch64-linux-android/release/.fingerprint/av-scenechange-902965214ec85e56/run-build-script-build-script-build"
"D. generated build output that should remain uncommitted","native/radar-ref/target/aarch64-linux-android/release/.fingerprint/av-scenechange-902965214ec85e56/run-build-script-build-script-build.json"
"D. generated build output that should remain uncommitted","native/radar-ref/target/aarch64-linux-android/release/.fingerprint/av-scenechange-e1dab69e583ad5da/dep-lib-av_scenechange"
"D. generated build output that should remain uncommitted","native/radar-ref/target/aarch64-linux-android/release/.fingerprint/av-scenechange-e1dab69e583ad5da/invoked.timestamp"
"D. generated build output that should remain uncommitted","native/radar-ref/target/aarch64-linux-android/release/.fingerprint/av-scenechange-e1dab69e583ad5da/lib-av_scenechange"
"D. generated build output that should remain uncommitted","native/radar-ref/target/aarch64-linux-android/release/.fingerprint/av-scenechange-e1dab69e583ad5da/lib-av_scenechange.json"
"D. generated build output that should remain uncommitted","native/radar-ref/target/aarch64-linux-android/release/.fingerprint/bit_field-20b185f7ff353f40/dep-lib-bit_field"
"D. generated build output that should remain uncommitted","native/radar-ref/target/aarch64-linux-android/release/.fingerprint/bit_field-20b185f7ff353f40/invoked.timestamp"
"D. generated build output that should remain uncommitted","native/radar-ref/target/aarch64-linux-android/release/.fingerprint/bit_field-20b185f7ff353f40/lib-bit_field"
"D. generated build output that should remain uncommitted","native/radar-ref/target/aarch64-linux-android/release/.fingerprint/bit_field-20b185f7ff353f40/lib-bit_field.json"
"D. generated build output that should remain uncommitted","native/radar-ref/target/aarch64-linux-android/release/.fingerprint/bitflags-7f21db38905f08e0/dep-lib-bitflags"
"D. generated build output that should remain uncommitted","native/radar-ref/target/aarch64-linux-android/release/.fingerprint/bitflags-7f21db38905f08e0/invoked.timestamp"
"D. generated build output that should remain uncommitted","native/radar-ref/target/aarch64-linux-android/release/.fingerprint/bitflags-7f21db38905f08e0/lib-bitflags"
"D. generated build output that should remain uncommitted","native/radar-ref/target/aarch64-linux-android/release/.fingerprint/bitflags-7f21db38905f08e0/lib-bitflags.json"
"D. generated build output that should remain uncommitted","native/radar-ref/target/aarch64-linux-android/release/.fingerprint/bitstream-io-b752c77a61c44ae8/dep-lib-bitstream_io"
"D. generated build output that should remain uncommitted","native/radar-ref/target/aarch64-linux-android/release/.fingerprint/bitstream-io-b752c77a61c44ae8/invoked.timestamp"
"D. generated build output that should remain uncommitted","native/radar-ref/target/aarch64-linux-android/release/.fingerprint/bitstream-io-b752c77a61c44ae8/lib-bitstream_io"
"D. generated build output that should remain uncommitted","native/radar-ref/target/aarch64-linux-android/release/.fingerprint/bitstream-io-b752c77a61c44ae8/lib-bitstream_io.json"
"D. generated build output that should remain uncommitted","native/radar-ref/target/aarch64-linux-android/release/.fingerprint/block-buffer-1387bf4a90d5c915/dep-lib-block_buffer"
"D. generated build output that should remain uncommitted","native/radar-ref/target/aarch64-linux-android/release/.fingerprint/block-buffer-1387bf4a90d5c915/invoked.timestamp"
"D. generated build output that should remain uncommitted","native/radar-ref/target/aarch64-linux-android/release/.fingerprint/block-buffer-1387bf4a90d5c915/lib-block_buffer"
"D. generated build output that should remain uncommitted","native/radar-ref/target/aarch64-linux-android/release/.fingerprint/block-buffer-1387bf4a90d5c915/lib-block_buffer.json"
"D. generated build output that should remain uncommitted","native/radar-ref/target/aarch64-linux-android/release/.fingerprint/bytemuck-2e594a5ecbef8868/dep-lib-bytemuck"
"D. generated build output that should remain uncommitted","native/radar-ref/target/aarch64-linux-android/release/.fingerprint/bytemuck-2e594a5ecbef8868/invoked.timestamp"
"D. generated build output that should remain uncommitted","native/radar-ref/target/aarch64-linux-android/release/.fingerprint/bytemuck-2e594a5ecbef8868/lib-bytemuck"
"D. generated build output that should remain uncommitted","native/radar-ref/target/aarch64-linux-android/release/.fingerprint/bytemuck-2e594a5ecbef8868/lib-bytemuck.json"
"D. generated build output that should remain uncommitted","native/radar-ref/target/aarch64-linux-android/release/.fingerprint/byteorder-lite-5cac26b6dda7fe49/dep-lib-byteorder_lite"
"D. generated build output that should remain uncommitted","native/radar-ref/target/aarch64-linux-android/release/.fingerprint/byteorder-lite-5cac26b6dda7fe49/invoked.timestamp"
"D. generated build output that should remain uncommitted","native/radar-ref/target/aarch64-linux-android/release/.fingerprint/byteorder-lite-5cac26b6dda7fe49/lib-byteorder_lite"
"D. generated build output that should remain uncommitted","native/radar-ref/target/aarch64-linux-android/release/.fingerprint/byteorder-lite-5cac26b6dda7fe49/lib-byteorder_lite.json"
"D. generated build output that should remain uncommitted","native/radar-ref/target/aarch64-linux-android/release/.fingerprint/bytes-84f4192caf5b88ef/dep-lib-bytes"
"D. generated build output that should remain uncommitted","native/radar-ref/target/aarch64-linux-android/release/.fingerprint/bytes-84f4192caf5b88ef/invoked.timestamp"
"D. generated build output that should remain uncommitted","native/radar-ref/target/aarch64-linux-android/release/.fingerprint/bytes-84f4192caf5b88ef/lib-bytes"
"D. generated build output that should remain uncommitted","native/radar-ref/target/aarch64-linux-android/release/.fingerprint/bytes-84f4192caf5b88ef/lib-bytes.json"
"D. generated build output that should remain uncommitted","native/radar-ref/target/aarch64-linux-android/release/.fingerprint/bzip2-b495049cce9cec86/dep-lib-bzip2"
"D. generated build output that should remain uncommitted","native/radar-ref/target/aarch64-linux-android/release/.fingerprint/bzip2-b495049cce9cec86/invoked.timestamp"
"D. generated build output that should remain uncommitted","native/radar-ref/target/aarch64-linux-android/release/.fingerprint/bzip2-b495049cce9cec86/lib-bzip2"
"D. generated build output that should remain uncommitted","native/radar-ref/target/aarch64-linux-android/release/.fingerprint/bzip2-b495049cce9cec86/lib-bzip2.json"
"D. generated build output that should remain uncommitted","native/radar-ref/target/aarch64-linux-android/release/.fingerprint/cesu8-e96545ece5ff86b9/dep-lib-cesu8"
"D. generated build output that should remain uncommitted","native/radar-ref/target/aarch64-linux-android/release/.fingerprint/cesu8-e96545ece5ff86b9/invoked.timestamp"
"D. generated build output that should remain uncommitted","native/radar-ref/target/aarch64-linux-android/release/.fingerprint/cesu8-e96545ece5ff86b9/lib-cesu8"
"D. generated build output that should remain uncommitted","native/radar-ref/target/aarch64-linux-android/release/.fingerprint/cesu8-e96545ece5ff86b9/lib-cesu8.json"
"D. generated build output that should remain uncommitted","native/radar-ref/target/aarch64-linux-android/release/.fingerprint/cfg-if-0c3a29b29cd4df60/dep-lib-cfg_if"
"D. generated build output that should remain uncommitted","native/radar-ref/target/aarch64-linux-android/release/.fingerprint/cfg-if-0c3a29b29cd4df60/invoked.timestamp"
"D. generated build output that should remain uncommitted","native/radar-ref/target/aarch64-linux-android/release/.fingerprint/cfg-if-0c3a29b29cd4df60/lib-cfg_if"
"D. generated build output that should remain uncommitted","native/radar-ref/target/aarch64-linux-android/release/.fingerprint/cfg-if-0c3a29b29cd4df60/lib-cfg_if.json"
"D. generated build output that should remain uncommitted","native/radar-ref/target/aarch64-linux-android/release/.fingerprint/chrono-9890a9d5c399e60b/dep-lib-chrono"
"D. generated build output that should remain uncommitted","native/radar-ref/target/aarch64-linux-android/release/.fingerprint/chrono-9890a9d5c399e60b/invoked.timestamp"
"D. generated build output that should remain uncommitted","native/radar-ref/target/aarch64-linux-android/release/.fingerprint/chrono-9890a9d5c399e60b/lib-chrono"
"D. generated build output that should remain uncommitted","native/radar-ref/target/aarch64-linux-android/release/.fingerprint/chrono-9890a9d5c399e60b/lib-chrono.json"
"D. generated build output that should remain uncommitted","native/radar-ref/target/aarch64-linux-android/release/.fingerprint/codeblack-radar-ref-cdc07b1e392757d8/dep-lib-codeblack_radar"
"D. generated build output that should remain uncommitted","native/radar-ref/target/aarch64-linux-android/release/.fingerprint/codeblack-radar-ref-cdc07b1e392757d8/dep-lib-codeblack_radar_ref"
"D. generated build output that should remain uncommitted","native/radar-ref/target/aarch64-linux-android/release/.fingerprint/codeblack-radar-ref-cdc07b1e392757d8/invoked.timestamp"
"D. generated build output that should remain uncommitted","native/radar-ref/target/aarch64-linux-android/release/.fingerprint/codeblack-radar-ref-cdc07b1e392757d8/lib-codeblack_radar"
"D. generated build output that should remain uncommitted","native/radar-ref/target/aarch64-linux-android/release/.fingerprint/codeblack-radar-ref-cdc07b1e392757d8/lib-codeblack_radar.json"
"D. generated build output that should remain uncommitted","native/radar-ref/target/aarch64-linux-android/release/.fingerprint/codeblack-radar-ref-cdc07b1e392757d8/lib-codeblack_radar_ref"
"D. generated build output that should remain uncommitted","native/radar-ref/target/aarch64-linux-android/release/.fingerprint/codeblack-radar-ref-cdc07b1e392757d8/lib-codeblack_radar_ref.json"
"D. generated build output that should remain uncommitted","native/radar-ref/target/aarch64-linux-android/release/.fingerprint/color_quant-247ea5eb36c29429/dep-lib-color_quant"
"D. generated build output that should remain uncommitted","native/radar-ref/target/aarch64-linux-android/release/.fingerprint/color_quant-247ea5eb36c29429/invoked.timestamp"
"D. generated build output that should remain uncommitted","native/radar-ref/target/aarch64-linux-android/release/.fingerprint/color_quant-247ea5eb36c29429/lib-color_quant"
"D. generated build output that should remain uncommitted","native/radar-ref/target/aarch64-linux-android/release/.fingerprint/color_quant-247ea5eb36c29429/lib-color_quant.json"
"D. generated build output that should remain uncommitted","native/radar-ref/target/aarch64-linux-android/release/.fingerprint/combine-d1b1ffc5a321e15f/dep-lib-combine"
"D. generated build output that should remain uncommitted","native/radar-ref/target/aarch64-linux-android/release/.fingerprint/combine-d1b1ffc5a321e15f/invoked.timestamp"
"D. generated build output that should remain uncommitted","native/radar-ref/target/aarch64-linux-android/release/.fingerprint/combine-d1b1ffc5a321e15f/lib-combine"
"D. generated build output that should remain uncommitted","native/radar-ref/target/aarch64-linux-android/release/.fingerprint/combine-d1b1ffc5a321e15f/lib-combine.json"
"D. generated build output that should remain uncommitted","native/radar-ref/target/aarch64-linux-android/release/.fingerprint/cpufeatures-7a45595e4484d54f/dep-lib-cpufeatures"
"D. generated build output that should remain uncommitted","native/radar-ref/target/aarch64-linux-android/release/.fingerprint/cpufeatures-7a45595e4484d54f/invoked.timestamp"
"D. generated build output that should remain uncommitted","native/radar-ref/target/aarch64-linux-android/release/.fingerprint/cpufeatures-7a45595e4484d54f/lib-cpufeatures"
"D. generated build output that should remain uncommitted","native/radar-ref/target/aarch64-linux-android/release/.fingerprint/cpufeatures-7a45595e4484d54f/lib-cpufeatures.json"
"D. generated build output that should remain uncommitted","native/radar-ref/target/aarch64-linux-android/release/.fingerprint/crc32fast-85c1f23f347b0620/dep-lib-crc32fast"
"D. generated build output that should remain uncommitted","native/radar-ref/target/aarch64-linux-android/release/.fingerprint/crc32fast-85c1f23f347b0620/invoked.timestamp"
"D. generated build output that should remain uncommitted","native/radar-ref/target/aarch64-linux-android/release/.fingerprint/crc32fast-85c1f23f347b0620/lib-crc32fast"
"D. generated build output that should remain uncommitted","native/radar-ref/target/aarch64-linux-android/release/.fingerprint/crc32fast-85c1f23f347b0620/lib-crc32fast.json"
"D. generated build output that should remain uncommitted","native/radar-ref/target/aarch64-linux-android/release/.fingerprint/crc32fast-fe010a08e9da0369/run-build-script-build-script-build"
"D. generated build output that should remain uncommitted","native/radar-ref/target/aarch64-linux-android/release/.fingerprint/crc32fast-fe010a08e9da0369/run-build-script-build-script-build.json"
"D. generated build output that should remain uncommitted","native/radar-ref/target/aarch64-linux-android/release/.fingerprint/crossbeam-deque-3dec08b320ee511d/run-build-script-build-script-build"
"D. generated build output that should remain uncommitted","native/radar-ref/target/aarch64-linux-android/release/.fingerprint/crossbeam-deque-3dec08b320ee511d/run-build-script-build-script-build.json"
"D. generated build output that should remain uncommitted","native/radar-ref/target/aarch64-linux-android/release/.fingerprint/crossbeam-deque-736e5d42967b0880/dep-lib-crossbeam_deque"
"D. generated build output that should remain uncommitted","native/radar-ref/target/aarch64-linux-android/release/.fingerprint/crossbeam-deque-736e5d42967b0880/invoked.timestamp"
"D. generated build output that should remain uncommitted","native/radar-ref/target/aarch64-linux-android/release/.fingerprint/crossbeam-deque-736e5d42967b0880/lib-crossbeam_deque"
"D. generated build output that should remain uncommitted","native/radar-ref/target/aarch64-linux-android/release/.fingerprint/crossbeam-deque-736e5d42967b0880/lib-crossbeam_deque.json"
"D. generated build output that should remain uncommitted","native/radar-ref/target/aarch64-linux-android/release/.fingerprint/crossbeam-epoch-7d77a4b54581aae9/run-build-script-build-script-build"
"D. generated build output that should remain uncommitted","native/radar-ref/target/aarch64-linux-android/release/.fingerprint/crossbeam-epoch-7d77a4b54581aae9/run-build-script-build-script-build.json"
"D. generated build output that should remain uncommitted","native/radar-ref/target/aarch64-linux-android/release/.fingerprint/crossbeam-epoch-db36a6d627fc2a94/dep-lib-crossbeam_epoch"
"D. generated build output that should remain uncommitted","native/radar-ref/target/aarch64-linux-android/release/.fingerprint/crossbeam-epoch-db36a6d627fc2a94/invoked.timestamp"
"D. generated build output that should remain uncommitted","native/radar-ref/target/aarch64-linux-android/release/.fingerprint/crossbeam-epoch-db36a6d627fc2a94/lib-crossbeam_epoch"
"D. generated build output that should remain uncommitted","native/radar-ref/target/aarch64-linux-android/release/.fingerprint/crossbeam-epoch-db36a6d627fc2a94/lib-crossbeam_epoch.json"
"D. generated build output that should remain uncommitted","native/radar-ref/target/aarch64-linux-android/release/.fingerprint/crossbeam-utils-3d65ce83ba39d9e2/run-build-script-build-script-build"
"D. generated build output that should remain uncommitted","native/radar-ref/target/aarch64-linux-android/release/.fingerprint/crossbeam-utils-3d65ce83ba39d9e2/run-build-script-build-script-build.json"
"D. generated build output that should remain uncommitted","native/radar-ref/target/aarch64-linux-android/release/.fingerprint/crossbeam-utils-6111d23a6345650c/dep-lib-crossbeam_utils"
"D. generated build output that should remain uncommitted","native/radar-ref/target/aarch64-linux-android/release/.fingerprint/crossbeam-utils-6111d23a6345650c/invoked.timestamp"
"D. generated build output that should remain uncommitted","native/radar-ref/target/aarch64-linux-android/release/.fingerprint/crossbeam-utils-6111d23a6345650c/lib-crossbeam_utils"
"D. generated build output that should remain uncommitted","native/radar-ref/target/aarch64-linux-android/release/.fingerprint/crossbeam-utils-6111d23a6345650c/lib-crossbeam_utils.json"
"D. generated build output that should remain uncommitted","native/radar-ref/target/aarch64-linux-android/release/.fingerprint/crypto-common-d73d899107e609f2/dep-lib-crypto_common"
"D. generated build output that should remain uncommitted","native/radar-ref/target/aarch64-linux-android/release/.fingerprint/crypto-common-d73d899107e609f2/invoked.timestamp"
"D. generated build output that should remain uncommitted","native/radar-ref/target/aarch64-linux-android/release/.fingerprint/crypto-common-d73d899107e609f2/lib-crypto_common"
"D. generated build output that should remain uncommitted","native/radar-ref/target/aarch64-linux-android/release/.fingerprint/crypto-common-d73d899107e609f2/lib-crypto_common.json"
"D. generated build output that should remain uncommitted","native/radar-ref/target/aarch64-linux-android/release/.fingerprint/digest-69b71370ef35e28b/dep-lib-digest"
"D. generated build output that should remain uncommitted","native/radar-ref/target/aarch64-linux-android/release/.fingerprint/digest-69b71370ef35e28b/invoked.timestamp"
"D. generated build output that should remain uncommitted","native/radar-ref/target/aarch64-linux-android/release/.fingerprint/digest-69b71370ef35e28b/lib-digest"
"D. generated build output that should remain uncommitted","native/radar-ref/target/aarch64-linux-android/release/.fingerprint/digest-69b71370ef35e28b/lib-digest.json"
"D. generated build output that should remain uncommitted","native/radar-ref/target/aarch64-linux-android/release/.fingerprint/either-fd7e6bc596729043/dep-lib-either"
"D. generated build output that should remain uncommitted","native/radar-ref/target/aarch64-linux-android/release/.fingerprint/either-fd7e6bc596729043/invoked.timestamp"
"D. generated build output that should remain uncommitted","native/radar-ref/target/aarch64-linux-android/release/.fingerprint/either-fd7e6bc596729043/lib-either"
"D. generated build output that should remain uncommitted","native/radar-ref/target/aarch64-linux-android/release/.fingerprint/either-fd7e6bc596729043/lib-either.json"
"D. generated build output that should remain uncommitted","native/radar-ref/target/aarch64-linux-android/release/.fingerprint/equator-45c4d865befe2b7d/dep-lib-equator"
"D. generated build output that should remain uncommitted","native/radar-ref/target/aarch64-linux-android/release/.fingerprint/equator-45c4d865befe2b7d/invoked.timestamp"
"D. generated build output that should remain uncommitted","native/radar-ref/target/aarch64-linux-android/release/.fingerprint/equator-45c4d865befe2b7d/lib-equator"
"D. generated build output that should remain uncommitted","native/radar-ref/target/aarch64-linux-android/release/.fingerprint/equator-45c4d865befe2b7d/lib-equator.json"
"D. generated build output that should remain uncommitted","native/radar-ref/target/aarch64-linux-android/release/.fingerprint/exr-e0ffd012a50c90a5/dep-lib-exr"
"D. generated build output that should remain uncommitted","native/radar-ref/target/aarch64-linux-android/release/.fingerprint/exr-e0ffd012a50c90a5/invoked.timestamp"
"D. generated build output that should remain uncommitted","native/radar-ref/target/aarch64-linux-android/release/.fingerprint/exr-e0ffd012a50c90a5/lib-exr"
"D. generated build output that should remain uncommitted","native/radar-ref/target/aarch64-linux-android/release/.fingerprint/exr-e0ffd012a50c90a5/lib-exr.json"
"D. generated build output that should remain uncommitted","native/radar-ref/target/aarch64-linux-android/release/.fingerprint/fax-0690087a6e8a4648/dep-lib-fax"
"D. generated build output that should remain uncommitted","native/radar-ref/target/aarch64-linux-android/release/.fingerprint/fax-0690087a6e8a4648/invoked.timestamp"
"D. generated build output that should remain uncommitted","native/radar-ref/target/aarch64-linux-android/release/.fingerprint/fax-0690087a6e8a4648/lib-fax"
"D. generated build output that should remain uncommitted","native/radar-ref/target/aarch64-linux-android/release/.fingerprint/fax-0690087a6e8a4648/lib-fax.json"
"D. generated build output that should remain uncommitted","native/radar-ref/target/aarch64-linux-android/release/.fingerprint/fdeflate-07420cff89264dfd/dep-lib-fdeflate"
"D. generated build output that should remain uncommitted","native/radar-ref/target/aarch64-linux-android/release/.fingerprint/fdeflate-07420cff89264dfd/invoked.timestamp"
"D. generated build output that should remain uncommitted","native/radar-ref/target/aarch64-linux-android/release/.fingerprint/fdeflate-07420cff89264dfd/lib-fdeflate"
"D. generated build output that should remain uncommitted","native/radar-ref/target/aarch64-linux-android/release/.fingerprint/fdeflate-07420cff89264dfd/lib-fdeflate.json"
"D. generated build output that should remain uncommitted","native/radar-ref/target/aarch64-linux-android/release/.fingerprint/flate2-aad0c18a83bcc347/dep-lib-flate2"
"D. generated build output that should remain uncommitted","native/radar-ref/target/aarch64-linux-android/release/.fingerprint/flate2-aad0c18a83bcc347/invoked.timestamp"
"D. generated build output that should remain uncommitted","native/radar-ref/target/aarch64-linux-android/release/.fingerprint/flate2-aad0c18a83bcc347/lib-flate2"
"D. generated build output that should remain uncommitted","native/radar-ref/target/aarch64-linux-android/release/.fingerprint/flate2-aad0c18a83bcc347/lib-flate2.json"
"D. generated build output that should remain uncommitted","native/radar-ref/target/aarch64-linux-android/release/.fingerprint/generic-array-7c20070a74b3e13c/run-build-script-build-script-build"
"D. generated build output that should remain uncommitted","native/radar-ref/target/aarch64-linux-android/release/.fingerprint/generic-array-7c20070a74b3e13c/run-build-script-build-script-build.json"
"D. generated build output that should remain uncommitted","native/radar-ref/target/aarch64-linux-android/release/.fingerprint/generic-array-cfb2c08108c87427/dep-lib-generic_array"
"D. generated build output that should remain uncommitted","native/radar-ref/target/aarch64-linux-android/release/.fingerprint/generic-array-cfb2c08108c87427/invoked.timestamp"
"D. generated build output that should remain uncommitted","native/radar-ref/target/aarch64-linux-android/release/.fingerprint/generic-array-cfb2c08108c87427/lib-generic_array"
"D. generated build output that should remain uncommitted","native/radar-ref/target/aarch64-linux-android/release/.fingerprint/generic-array-cfb2c08108c87427/lib-generic_array.json"
"D. generated build output that should remain uncommitted","native/radar-ref/target/aarch64-linux-android/release/.fingerprint/gif-02d23634ae9459e3/dep-lib-gif"
"D. generated build output that should remain uncommitted","native/radar-ref/target/aarch64-linux-android/release/.fingerprint/gif-02d23634ae9459e3/invoked.timestamp"
"D. generated build output that should remain uncommitted","native/radar-ref/target/aarch64-linux-android/release/.fingerprint/gif-02d23634ae9459e3/lib-gif"
"D. generated build output that should remain uncommitted","native/radar-ref/target/aarch64-linux-android/release/.fingerprint/gif-02d23634ae9459e3/lib-gif.json"
"D. generated build output that should remain uncommitted","native/radar-ref/target/aarch64-linux-android/release/.fingerprint/half-8944a158486ef94d/dep-lib-half"
"D. generated build output that should remain uncommitted","native/radar-ref/target/aarch64-linux-android/release/.fingerprint/half-8944a158486ef94d/invoked.timestamp"
"D. generated build output that should remain uncommitted","native/radar-ref/target/aarch64-linux-android/release/.fingerprint/half-8944a158486ef94d/lib-half"
"D. generated build output that should remain uncommitted","native/radar-ref/target/aarch64-linux-android/release/.fingerprint/half-8944a158486ef94d/lib-half.json"
"D. generated build output that should remain uncommitted","native/radar-ref/target/aarch64-linux-android/release/.fingerprint/hex-0b1ef3c121f76269/dep-lib-hex"
"D. generated build output that should remain uncommitted","native/radar-ref/target/aarch64-linux-android/release/.fingerprint/hex-0b1ef3c121f76269/invoked.timestamp"
"D. generated build output that should remain uncommitted","native/radar-ref/target/aarch64-linux-android/release/.fingerprint/hex-0b1ef3c121f76269/lib-hex"
"D. generated build output that should remain uncommitted","native/radar-ref/target/aarch64-linux-android/release/.fingerprint/hex-0b1ef3c121f76269/lib-hex.json"
"D. generated build output that should remain uncommitted","native/radar-ref/target/aarch64-linux-android/release/.fingerprint/iana-time-zone-2e2b8ea277325787/dep-lib-iana_time_zone"
"D. generated build output that should remain uncommitted","native/radar-ref/target/aarch64-linux-android/release/.fingerprint/iana-time-zone-2e2b8ea277325787/invoked.timestamp"
"D. generated build output that should remain uncommitted","native/radar-ref/target/aarch64-linux-android/release/.fingerprint/iana-time-zone-2e2b8ea277325787/lib-iana_time_zone"
"D. generated build output that should remain uncommitted","native/radar-ref/target/aarch64-linux-android/release/.fingerprint/iana-time-zone-2e2b8ea277325787/lib-iana_time_zone.json"
"D. generated build output that should remain uncommitted","native/radar-ref/target/aarch64-linux-android/release/.fingerprint/image-b9c26c2347c10a59/dep-lib-image"
"D. generated build output that should remain uncommitted","native/radar-ref/target/aarch64-linux-android/release/.fingerprint/image-b9c26c2347c10a59/invoked.timestamp"
"D. generated build output that should remain uncommitted","native/radar-ref/target/aarch64-linux-android/release/.fingerprint/image-b9c26c2347c10a59/lib-image"
"D. generated build output that should remain uncommitted","native/radar-ref/target/aarch64-linux-android/release/.fingerprint/image-b9c26c2347c10a59/lib-image.json"
"D. generated build output that should remain uncommitted","native/radar-ref/target/aarch64-linux-android/release/.fingerprint/image-webp-35291abdbf367197/dep-lib-image_webp"
"D. generated build output that should remain uncommitted","native/radar-ref/target/aarch64-linux-android/release/.fingerprint/image-webp-35291abdbf367197/invoked.timestamp"
"D. generated build output that should remain uncommitted","native/radar-ref/target/aarch64-linux-android/release/.fingerprint/image-webp-35291abdbf367197/lib-image_webp"
"D. generated build output that should remain uncommitted","native/radar-ref/target/aarch64-linux-android/release/.fingerprint/image-webp-35291abdbf367197/lib-image_webp.json"
"D. generated build output that should remain uncommitted","native/radar-ref/target/aarch64-linux-android/release/.fingerprint/imgref-77e56694befade47/dep-lib-imgref"
"D. generated build output that should remain uncommitted","native/radar-ref/target/aarch64-linux-android/release/.fingerprint/imgref-77e56694befade47/invoked.timestamp"
"D. generated build output that should remain uncommitted","native/radar-ref/target/aarch64-linux-android/release/.fingerprint/imgref-77e56694befade47/lib-imgref"
"D. generated build output that should remain uncommitted","native/radar-ref/target/aarch64-linux-android/release/.fingerprint/imgref-77e56694befade47/lib-imgref.json"
"D. generated build output that should remain uncommitted","native/radar-ref/target/aarch64-linux-android/release/.fingerprint/itertools-2786d5a61a756103/dep-lib-itertools"
"D. generated build output that should remain uncommitted","native/radar-ref/target/aarch64-linux-android/release/.fingerprint/itertools-2786d5a61a756103/invoked.timestamp"
"D. generated build output that should remain uncommitted","native/radar-ref/target/aarch64-linux-android/release/.fingerprint/itertools-2786d5a61a756103/lib-itertools"
"D. generated build output that should remain uncommitted","native/radar-ref/target/aarch64-linux-android/release/.fingerprint/itertools-2786d5a61a756103/lib-itertools.json"
"D. generated build output that should remain uncommitted","native/radar-ref/target/aarch64-linux-android/release/.fingerprint/itoa-c7c8b88dc6f6edfb/dep-lib-itoa"
"D. generated build output that should remain uncommitted","native/radar-ref/target/aarch64-linux-android/release/.fingerprint/itoa-c7c8b88dc6f6edfb/invoked.timestamp"
"D. generated build output that should remain uncommitted","native/radar-ref/target/aarch64-linux-android/release/.fingerprint/itoa-c7c8b88dc6f6edfb/lib-itoa"
"D. generated build output that should remain uncommitted","native/radar-ref/target/aarch64-linux-android/release/.fingerprint/itoa-c7c8b88dc6f6edfb/lib-itoa.json"
"D. generated build output that should remain uncommitted","native/radar-ref/target/aarch64-linux-android/release/.fingerprint/jni-29f0844a0c7cd72e/dep-lib-jni"
"D. generated build output that should remain uncommitted","native/radar-ref/target/aarch64-linux-android/release/.fingerprint/jni-29f0844a0c7cd72e/invoked.timestamp"
"D. generated build output that should remain uncommitted","native/radar-ref/target/aarch64-linux-android/release/.fingerprint/jni-29f0844a0c7cd72e/lib-jni"
"D. generated build output that should remain uncommitted","native/radar-ref/target/aarch64-linux-android/release/.fingerprint/jni-29f0844a0c7cd72e/lib-jni.json"
"D. generated build output that should remain uncommitted","native/radar-ref/target/aarch64-linux-android/release/.fingerprint/jni-sys-0d0bc73a900ee673/dep-lib-jni_sys"
"D. generated build output that should remain uncommitted","native/radar-ref/target/aarch64-linux-android/release/.fingerprint/jni-sys-0d0bc73a900ee673/invoked.timestamp"
"D. generated build output that should remain uncommitted","native/radar-ref/target/aarch64-linux-android/release/.fingerprint/jni-sys-0d0bc73a900ee673/lib-jni_sys"
"D. generated build output that should remain uncommitted","native/radar-ref/target/aarch64-linux-android/release/.fingerprint/jni-sys-0d0bc73a900ee673/lib-jni_sys.json"
"D. generated build output that should remain uncommitted","native/radar-ref/target/aarch64-linux-android/release/.fingerprint/jni-sys-1ce0f96558917054/dep-lib-jni_sys"
"D. generated build output that should remain uncommitted","native/radar-ref/target/aarch64-linux-android/release/.fingerprint/jni-sys-1ce0f96558917054/invoked.timestamp"
"D. generated build output that should remain uncommitted","native/radar-ref/target/aarch64-linux-android/release/.fingerprint/jni-sys-1ce0f96558917054/lib-jni_sys"
"D. generated build output that should remain uncommitted","native/radar-ref/target/aarch64-linux-android/release/.fingerprint/jni-sys-1ce0f96558917054/lib-jni_sys.json"
"D. generated build output that should remain uncommitted","native/radar-ref/target/aarch64-linux-android/release/.fingerprint/jni-sys-40ff4213792ea384/run-build-script-build-script-build"
"D. generated build output that should remain uncommitted","native/radar-ref/target/aarch64-linux-android/release/.fingerprint/jni-sys-40ff4213792ea384/run-build-script-build-script-build.json"
"D. generated build output that should remain uncommitted","native/radar-ref/target/aarch64-linux-android/release/.fingerprint/lebe-63535a6b11eab433/dep-lib-lebe"
"D. generated build output that should remain uncommitted","native/radar-ref/target/aarch64-linux-android/release/.fingerprint/lebe-63535a6b11eab433/invoked.timestamp"
"D. generated build output that should remain uncommitted","native/radar-ref/target/aarch64-linux-android/release/.fingerprint/lebe-63535a6b11eab433/lib-lebe"
"D. generated build output that should remain uncommitted","native/radar-ref/target/aarch64-linux-android/release/.fingerprint/lebe-63535a6b11eab433/lib-lebe.json"
"D. generated build output that should remain uncommitted","native/radar-ref/target/aarch64-linux-android/release/.fingerprint/libbz2-rs-sys-2bb44f8decd10f78/dep-lib-libbz2_rs_sys"
"D. generated build output that should remain uncommitted","native/radar-ref/target/aarch64-linux-android/release/.fingerprint/libbz2-rs-sys-2bb44f8decd10f78/invoked.timestamp"
"D. generated build output that should remain uncommitted","native/radar-ref/target/aarch64-linux-android/release/.fingerprint/libbz2-rs-sys-2bb44f8decd10f78/lib-libbz2_rs_sys"
"D. generated build output that should remain uncommitted","native/radar-ref/target/aarch64-linux-android/release/.fingerprint/libbz2-rs-sys-2bb44f8decd10f78/lib-libbz2_rs_sys.json"
"D. generated build output that should remain uncommitted","native/radar-ref/target/aarch64-linux-android/release/.fingerprint/libc-02f1cfe76b96f795/dep-lib-libc"
"D. generated build output that should remain uncommitted","native/radar-ref/target/aarch64-linux-android/release/.fingerprint/libc-02f1cfe76b96f795/invoked.timestamp"
"D. generated build output that should remain uncommitted","native/radar-ref/target/aarch64-linux-android/release/.fingerprint/libc-02f1cfe76b96f795/lib-libc"
"D. generated build output that should remain uncommitted","native/radar-ref/target/aarch64-linux-android/release/.fingerprint/libc-02f1cfe76b96f795/lib-libc.json"
"D. generated build output that should remain uncommitted","native/radar-ref/target/aarch64-linux-android/release/.fingerprint/libc-84dcc2039b5a1933/run-build-script-build-script-build"
"D. generated build output that should remain uncommitted","native/radar-ref/target/aarch64-linux-android/release/.fingerprint/libc-84dcc2039b5a1933/run-build-script-build-script-build.json"
"D. generated build output that should remain uncommitted","native/radar-ref/target/aarch64-linux-android/release/.fingerprint/libm-9e17842fbd0f0097/run-build-script-build-script-build"
"D. generated build output that should remain uncommitted","native/radar-ref/target/aarch64-linux-android/release/.fingerprint/libm-9e17842fbd0f0097/run-build-script-build-script-build.json"
"D. generated build output that should remain uncommitted","native/radar-ref/target/aarch64-linux-android/release/.fingerprint/libm-ed6a3ac9b7b18545/dep-lib-libm"
"D. generated build output that should remain uncommitted","native/radar-ref/target/aarch64-linux-android/release/.fingerprint/libm-ed6a3ac9b7b18545/invoked.timestamp"
"D. generated build output that should remain uncommitted","native/radar-ref/target/aarch64-linux-android/release/.fingerprint/libm-ed6a3ac9b7b18545/lib-libm"
"D. generated build output that should remain uncommitted","native/radar-ref/target/aarch64-linux-android/release/.fingerprint/libm-ed6a3ac9b7b18545/lib-libm.json"
"D. generated build output that should remain uncommitted","native/radar-ref/target/aarch64-linux-android/release/.fingerprint/log-1b0e1834806ec796/dep-lib-log"
"D. generated build output that should remain uncommitted","native/radar-ref/target/aarch64-linux-android/release/.fingerprint/log-1b0e1834806ec796/invoked.timestamp"
"D. generated build output that should remain uncommitted","native/radar-ref/target/aarch64-linux-android/release/.fingerprint/log-1b0e1834806ec796/lib-log"
"D. generated build output that should remain uncommitted","native/radar-ref/target/aarch64-linux-android/release/.fingerprint/log-1b0e1834806ec796/lib-log.json"
"D. generated build output that should remain uncommitted","native/radar-ref/target/aarch64-linux-android/release/.fingerprint/loop9-18939fabec6cc2fc/dep-lib-loop9"
"D. generated build output that should remain uncommitted","native/radar-ref/target/aarch64-linux-android/release/.fingerprint/loop9-18939fabec6cc2fc/invoked.timestamp"
"D. generated build output that should remain uncommitted","native/radar-ref/target/aarch64-linux-android/release/.fingerprint/loop9-18939fabec6cc2fc/lib-loop9"
"D. generated build output that should remain uncommitted","native/radar-ref/target/aarch64-linux-android/release/.fingerprint/loop9-18939fabec6cc2fc/lib-loop9.json"
"D. generated build output that should remain uncommitted","native/radar-ref/target/aarch64-linux-android/release/.fingerprint/maybe-rayon-6ccbaed6bc9b510a/dep-lib-maybe_rayon"
"D. generated build output that should remain uncommitted","native/radar-ref/target/aarch64-linux-android/release/.fingerprint/maybe-rayon-6ccbaed6bc9b510a/invoked.timestamp"
"D. generated build output that should remain uncommitted","native/radar-ref/target/aarch64-linux-android/release/.fingerprint/maybe-rayon-6ccbaed6bc9b510a/lib-maybe_rayon"
"D. generated build output that should remain uncommitted","native/radar-ref/target/aarch64-linux-android/release/.fingerprint/maybe-rayon-6ccbaed6bc9b510a/lib-maybe_rayon.json"
"D. generated build output that should remain uncommitted","native/radar-ref/target/aarch64-linux-android/release/.fingerprint/memchr-8a495a870d4cce03/dep-lib-memchr"
"D. generated build output that should remain uncommitted","native/radar-ref/target/aarch64-linux-android/release/.fingerprint/memchr-8a495a870d4cce03/invoked.timestamp"
"D. generated build output that should remain uncommitted","native/radar-ref/target/aarch64-linux-android/release/.fingerprint/memchr-8a495a870d4cce03/lib-memchr"
"D. generated build output that should remain uncommitted","native/radar-ref/target/aarch64-linux-android/release/.fingerprint/memchr-8a495a870d4cce03/lib-memchr.json"
"D. generated build output that should remain uncommitted","native/radar-ref/target/aarch64-linux-android/release/.fingerprint/miniz_oxide-dc19ddfe86a02b39/dep-lib-miniz_oxide"
"D. generated build output that should remain uncommitted","native/radar-ref/target/aarch64-linux-android/release/.fingerprint/miniz_oxide-dc19ddfe86a02b39/invoked.timestamp"
"D. generated build output that should remain uncommitted","native/radar-ref/target/aarch64-linux-android/release/.fingerprint/miniz_oxide-dc19ddfe86a02b39/lib-miniz_oxide"
"D. generated build output that should remain uncommitted","native/radar-ref/target/aarch64-linux-android/release/.fingerprint/miniz_oxide-dc19ddfe86a02b39/lib-miniz_oxide.json"
"D. generated build output that should remain uncommitted","native/radar-ref/target/aarch64-linux-android/release/.fingerprint/moxcms-8accce1d38f7c490/dep-lib-moxcms"
"D. generated build output that should remain uncommitted","native/radar-ref/target/aarch64-linux-android/release/.fingerprint/moxcms-8accce1d38f7c490/invoked.timestamp"
"D. generated build output that should remain uncommitted","native/radar-ref/target/aarch64-linux-android/release/.fingerprint/moxcms-8accce1d38f7c490/lib-moxcms"
"D. generated build output that should remain uncommitted","native/radar-ref/target/aarch64-linux-android/release/.fingerprint/moxcms-8accce1d38f7c490/lib-moxcms.json"
"D. generated build output that should remain uncommitted","native/radar-ref/target/aarch64-linux-android/release/.fingerprint/new_debug_unreachable-ff939bb49ae54b00/dep-lib-debug_unreachable"
"D. generated build output that should remain uncommitted","native/radar-ref/target/aarch64-linux-android/release/.fingerprint/new_debug_unreachable-ff939bb49ae54b00/invoked.timestamp"
"D. generated build output that should remain uncommitted","native/radar-ref/target/aarch64-linux-android/release/.fingerprint/new_debug_unreachable-ff939bb49ae54b00/lib-debug_unreachable"
"D. generated build output that should remain uncommitted","native/radar-ref/target/aarch64-linux-android/release/.fingerprint/new_debug_unreachable-ff939bb49ae54b00/lib-debug_unreachable.json"
"D. generated build output that should remain uncommitted","native/radar-ref/target/aarch64-linux-android/release/.fingerprint/nexrad-data-c63116597aa0d195/dep-lib-nexrad_data"
"D. generated build output that should remain uncommitted","native/radar-ref/target/aarch64-linux-android/release/.fingerprint/nexrad-data-c63116597aa0d195/invoked.timestamp"
"D. generated build output that should remain uncommitted","native/radar-ref/target/aarch64-linux-android/release/.fingerprint/nexrad-data-c63116597aa0d195/lib-nexrad_data"
"D. generated build output that should remain uncommitted","native/radar-ref/target/aarch64-linux-android/release/.fingerprint/nexrad-data-c63116597aa0d195/lib-nexrad_data.json"
"D. generated build output that should remain uncommitted","native/radar-ref/target/aarch64-linux-android/release/.fingerprint/nexrad-decode-684d2e37958ce78f/dep-lib-nexrad_decode"
"D. generated build output that should remain uncommitted","native/radar-ref/target/aarch64-linux-android/release/.fingerprint/nexrad-decode-684d2e37958ce78f/invoked.timestamp"
"D. generated build output that should remain uncommitted","native/radar-ref/target/aarch64-linux-android/release/.fingerprint/nexrad-decode-684d2e37958ce78f/lib-nexrad_decode"
"D. generated build output that should remain uncommitted","native/radar-ref/target/aarch64-linux-android/release/.fingerprint/nexrad-decode-684d2e37958ce78f/lib-nexrad_decode.json"
"D. generated build output that should remain uncommitted","native/radar-ref/target/aarch64-linux-android/release/.fingerprint/nexrad-model-060dafa698904a76/dep-lib-nexrad_model"
"D. generated build output that should remain uncommitted","native/radar-ref/target/aarch64-linux-android/release/.fingerprint/nexrad-model-060dafa698904a76/invoked.timestamp"
"D. generated build output that should remain uncommitted","native/radar-ref/target/aarch64-linux-android/release/.fingerprint/nexrad-model-060dafa698904a76/lib-nexrad_model"
"D. generated build output that should remain uncommitted","native/radar-ref/target/aarch64-linux-android/release/.fingerprint/nexrad-model-060dafa698904a76/lib-nexrad_model.json"
"D. generated build output that should remain uncommitted","native/radar-ref/target/aarch64-linux-android/release/.fingerprint/nexrad-render-2f8e4a909009bd4e/dep-lib-nexrad_render"
"D. generated build output that should remain uncommitted","native/radar-ref/target/aarch64-linux-android/release/.fingerprint/nexrad-render-2f8e4a909009bd4e/invoked.timestamp"
"D. generated build output that should remain uncommitted","native/radar-ref/target/aarch64-linux-android/release/.fingerprint/nexrad-render-2f8e4a909009bd4e/lib-nexrad_render"
"D. generated build output that should remain uncommitted","native/radar-ref/target/aarch64-linux-android/release/.fingerprint/nexrad-render-2f8e4a909009bd4e/lib-nexrad_render.json"
"D. generated build output that should remain uncommitted","native/radar-ref/target/aarch64-linux-android/release/.fingerprint/no_std_io2-67c42f510e27d859/dep-lib-no_std_io2"
"D. generated build output that should remain uncommitted","native/radar-ref/target/aarch64-linux-android/release/.fingerprint/no_std_io2-67c42f510e27d859/invoked.timestamp"
"D. generated build output that should remain uncommitted","native/radar-ref/target/aarch64-linux-android/release/.fingerprint/no_std_io2-67c42f510e27d859/lib-no_std_io2"
"D. generated build output that should remain uncommitted","native/radar-ref/target/aarch64-linux-android/release/.fingerprint/no_std_io2-67c42f510e27d859/lib-no_std_io2.json"
"D. generated build output that should remain uncommitted","native/radar-ref/target/aarch64-linux-android/release/.fingerprint/nom-b469582f91de9a70/dep-lib-nom"
"D. generated build output that should remain uncommitted","native/radar-ref/target/aarch64-linux-android/release/.fingerprint/nom-b469582f91de9a70/invoked.timestamp"
"D. generated build output that should remain uncommitted","native/radar-ref/target/aarch64-linux-android/release/.fingerprint/nom-b469582f91de9a70/lib-nom"
"D. generated build output that should remain uncommitted","native/radar-ref/target/aarch64-linux-android/release/.fingerprint/nom-b469582f91de9a70/lib-nom.json"
"D. generated build output that should remain uncommitted","native/radar-ref/target/aarch64-linux-android/release/.fingerprint/num-bigint-7fae0b7bc5a8b8d7/dep-lib-num_bigint"
"D. generated build output that should remain uncommitted","native/radar-ref/target/aarch64-linux-android/release/.fingerprint/num-bigint-7fae0b7bc5a8b8d7/invoked.timestamp"
"D. generated build output that should remain uncommitted","native/radar-ref/target/aarch64-linux-android/release/.fingerprint/num-bigint-7fae0b7bc5a8b8d7/lib-num_bigint"
"D. generated build output that should remain uncommitted","native/radar-ref/target/aarch64-linux-android/release/.fingerprint/num-bigint-7fae0b7bc5a8b8d7/lib-num_bigint.json"
"D. generated build output that should remain uncommitted","native/radar-ref/target/aarch64-linux-android/release/.fingerprint/num-complex-3266590f27489b63/dep-lib-num_complex"
"D. generated build output that should remain uncommitted","native/radar-ref/target/aarch64-linux-android/release/.fingerprint/num-complex-3266590f27489b63/invoked.timestamp"
"D. generated build output that should remain uncommitted","native/radar-ref/target/aarch64-linux-android/release/.fingerprint/num-complex-3266590f27489b63/lib-num_complex"
"D. generated build output that should remain uncommitted","native/radar-ref/target/aarch64-linux-android/release/.fingerprint/num-complex-3266590f27489b63/lib-num_complex.json"
"D. generated build output that should remain uncommitted","native/radar-ref/target/aarch64-linux-android/release/.fingerprint/num-integer-fcf602c48282cf6f/dep-lib-num_integer"
"D. generated build output that should remain uncommitted","native/radar-ref/target/aarch64-linux-android/release/.fingerprint/num-integer-fcf602c48282cf6f/invoked.timestamp"
"D. generated build output that should remain uncommitted","native/radar-ref/target/aarch64-linux-android/release/.fingerprint/num-integer-fcf602c48282cf6f/lib-num_integer"
"D. generated build output that should remain uncommitted","native/radar-ref/target/aarch64-linux-android/release/.fingerprint/num-integer-fcf602c48282cf6f/lib-num_integer.json"
"D. generated build output that should remain uncommitted","native/radar-ref/target/aarch64-linux-android/release/.fingerprint/num-rational-44354bc51e5bd481/dep-lib-num_rational"
"D. generated build output that should remain uncommitted","native/radar-ref/target/aarch64-linux-android/release/.fingerprint/num-rational-44354bc51e5bd481/invoked.timestamp"
"D. generated build output that should remain uncommitted","native/radar-ref/target/aarch64-linux-android/release/.fingerprint/num-rational-44354bc51e5bd481/lib-num_rational"
"D. generated build output that should remain uncommitted","native/radar-ref/target/aarch64-linux-android/release/.fingerprint/num-rational-44354bc51e5bd481/lib-num_rational.json"
"D. generated build output that should remain uncommitted","native/radar-ref/target/aarch64-linux-android/release/.fingerprint/num-traits-44d00416d1c7cbb5/run-build-script-build-script-build"
"D. generated build output that should remain uncommitted","native/radar-ref/target/aarch64-linux-android/release/.fingerprint/num-traits-44d00416d1c7cbb5/run-build-script-build-script-build.json"
"D. generated build output that should remain uncommitted","native/radar-ref/target/aarch64-linux-android/release/.fingerprint/num-traits-f9f32b858598ff9f/dep-lib-num_traits"
"D. generated build output that should remain uncommitted","native/radar-ref/target/aarch64-linux-android/release/.fingerprint/num-traits-f9f32b858598ff9f/invoked.timestamp"
"D. generated build output that should remain uncommitted","native/radar-ref/target/aarch64-linux-android/release/.fingerprint/num-traits-f9f32b858598ff9f/lib-num_traits"
"D. generated build output that should remain uncommitted","native/radar-ref/target/aarch64-linux-android/release/.fingerprint/num-traits-f9f32b858598ff9f/lib-num_traits.json"
"D. generated build output that should remain uncommitted","native/radar-ref/target/aarch64-linux-android/release/.fingerprint/png-24112e0a317923f6/dep-lib-png"
"D. generated build output that should remain uncommitted","native/radar-ref/target/aarch64-linux-android/release/.fingerprint/png-24112e0a317923f6/invoked.timestamp"
"D. generated build output that should remain uncommitted","native/radar-ref/target/aarch64-linux-android/release/.fingerprint/png-24112e0a317923f6/lib-png"
"D. generated build output that should remain uncommitted","native/radar-ref/target/aarch64-linux-android/release/.fingerprint/png-24112e0a317923f6/lib-png.json"
"D. generated build output that should remain uncommitted","native/radar-ref/target/aarch64-linux-android/release/.fingerprint/profiling-ce0af2457f5ca07d/dep-lib-profiling"
"D. generated build output that should remain uncommitted","native/radar-ref/target/aarch64-linux-android/release/.fingerprint/profiling-ce0af2457f5ca07d/invoked.timestamp"
"D. generated build output that should remain uncommitted","native/radar-ref/target/aarch64-linux-android/release/.fingerprint/profiling-ce0af2457f5ca07d/lib-profiling"
"D. generated build output that should remain uncommitted","native/radar-ref/target/aarch64-linux-android/release/.fingerprint/profiling-ce0af2457f5ca07d/lib-profiling.json"
"D. generated build output that should remain uncommitted","native/radar-ref/target/aarch64-linux-android/release/.fingerprint/pulp-b612dca2c4d37ecd/dep-lib-pulp"
"D. generated build output that should remain uncommitted","native/radar-ref/target/aarch64-linux-android/release/.fingerprint/pulp-b612dca2c4d37ecd/invoked.timestamp"
"D. generated build output that should remain uncommitted","native/radar-ref/target/aarch64-linux-android/release/.fingerprint/pulp-b612dca2c4d37ecd/lib-pulp"
"D. generated build output that should remain uncommitted","native/radar-ref/target/aarch64-linux-android/release/.fingerprint/pulp-b612dca2c4d37ecd/lib-pulp.json"
"D. generated build output that should remain uncommitted","native/radar-ref/target/aarch64-linux-android/release/.fingerprint/pulp-fecc9dfc1684a145/run-build-script-build-script-build"
"D. generated build output that should remain uncommitted","native/radar-ref/target/aarch64-linux-android/release/.fingerprint/pulp-fecc9dfc1684a145/run-build-script-build-script-build.json"
"D. generated build output that should remain uncommitted","native/radar-ref/target/aarch64-linux-android/release/.fingerprint/pulp-wasm-simd-flag-89c3c67d2854c5e3/dep-lib-pulp_wasm_simd_flag"
"D. generated build output that should remain uncommitted","native/radar-ref/target/aarch64-linux-android/release/.fingerprint/pulp-wasm-simd-flag-89c3c67d2854c5e3/invoked.timestamp"
"D. generated build output that should remain uncommitted","native/radar-ref/target/aarch64-linux-android/release/.fingerprint/pulp-wasm-simd-flag-89c3c67d2854c5e3/lib-pulp_wasm_simd_flag"
"D. generated build output that should remain uncommitted","native/radar-ref/target/aarch64-linux-android/release/.fingerprint/pulp-wasm-simd-flag-89c3c67d2854c5e3/lib-pulp_wasm_simd_flag.json"
"D. generated build output that should remain uncommitted","native/radar-ref/target/aarch64-linux-android/release/.fingerprint/pxfm-a6c127143c777fec/dep-lib-pxfm"
"D. generated build output that should remain uncommitted","native/radar-ref/target/aarch64-linux-android/release/.fingerprint/pxfm-a6c127143c777fec/invoked.timestamp"
"D. generated build output that should remain uncommitted","native/radar-ref/target/aarch64-linux-android/release/.fingerprint/pxfm-a6c127143c777fec/lib-pxfm"
"D. generated build output that should remain uncommitted","native/radar-ref/target/aarch64-linux-android/release/.fingerprint/pxfm-a6c127143c777fec/lib-pxfm.json"
"D. generated build output that should remain uncommitted","native/radar-ref/target/aarch64-linux-android/release/.fingerprint/qoi-8bab91ba37b02dff/dep-lib-qoi"
"D. generated build output that should remain uncommitted","native/radar-ref/target/aarch64-linux-android/release/.fingerprint/qoi-8bab91ba37b02dff/invoked.timestamp"
"D. generated build output that should remain uncommitted","native/radar-ref/target/aarch64-linux-android/release/.fingerprint/qoi-8bab91ba37b02dff/lib-qoi"
"D. generated build output that should remain uncommitted","native/radar-ref/target/aarch64-linux-android/release/.fingerprint/qoi-8bab91ba37b02dff/lib-qoi.json"
"D. generated build output that should remain uncommitted","native/radar-ref/target/aarch64-linux-android/release/.fingerprint/quick-error-4727bd6313b1a6ff/dep-lib-quick_error"
"D. generated build output that should remain uncommitted","native/radar-ref/target/aarch64-linux-android/release/.fingerprint/quick-error-4727bd6313b1a6ff/invoked.timestamp"
"D. generated build output that should remain uncommitted","native/radar-ref/target/aarch64-linux-android/release/.fingerprint/quick-error-4727bd6313b1a6ff/lib-quick_error"
"D. generated build output that should remain uncommitted","native/radar-ref/target/aarch64-linux-android/release/.fingerprint/quick-error-4727bd6313b1a6ff/lib-quick_error.json"
"D. generated build output that should remain uncommitted","native/radar-ref/target/aarch64-linux-android/release/.fingerprint/rav1e-87695eeba745320e/run-build-script-build-script-build"
"D. generated build output that should remain uncommitted","native/radar-ref/target/aarch64-linux-android/release/.fingerprint/rav1e-87695eeba745320e/run-build-script-build-script-build.json"
"D. generated build output that should remain uncommitted","native/radar-ref/target/aarch64-linux-android/release/.fingerprint/rav1e-adb6df3760c755a4/dep-lib-rav1e"
"D. generated build output that should remain uncommitted","native/radar-ref/target/aarch64-linux-android/release/.fingerprint/rav1e-adb6df3760c755a4/invoked.timestamp"
"D. generated build output that should remain uncommitted","native/radar-ref/target/aarch64-linux-android/release/.fingerprint/rav1e-adb6df3760c755a4/lib-rav1e"
"D. generated build output that should remain uncommitted","native/radar-ref/target/aarch64-linux-android/release/.fingerprint/rav1e-adb6df3760c755a4/lib-rav1e.json"
"D. generated build output that should remain uncommitted","native/radar-ref/target/aarch64-linux-android/release/.fingerprint/ravif-ac93a02a8cbca783/dep-lib-ravif"
"D. generated build output that should remain uncommitted","native/radar-ref/target/aarch64-linux-android/release/.fingerprint/ravif-ac93a02a8cbca783/invoked.timestamp"
"D. generated build output that should remain uncommitted","native/radar-ref/target/aarch64-linux-android/release/.fingerprint/ravif-ac93a02a8cbca783/lib-ravif"
"D. generated build output that should remain uncommitted","native/radar-ref/target/aarch64-linux-android/release/.fingerprint/ravif-ac93a02a8cbca783/lib-ravif.json"
"D. generated build output that should remain uncommitted","native/radar-ref/target/aarch64-linux-android/release/.fingerprint/rayon-4b60cac08a310f94/dep-lib-rayon"
"D. generated build output that should remain uncommitted","native/radar-ref/target/aarch64-linux-android/release/.fingerprint/rayon-4b60cac08a310f94/invoked.timestamp"
"D. generated build output that should remain uncommitted","native/radar-ref/target/aarch64-linux-android/release/.fingerprint/rayon-4b60cac08a310f94/lib-rayon"
"D. generated build output that should remain uncommitted","native/radar-ref/target/aarch64-linux-android/release/.fingerprint/rayon-4b60cac08a310f94/lib-rayon.json"
"D. generated build output that should remain uncommitted","native/radar-ref/target/aarch64-linux-android/release/.fingerprint/rayon-core-0393dcc5d8855b9b/dep-lib-rayon_core"
"D. generated build output that should remain uncommitted","native/radar-ref/target/aarch64-linux-android/release/.fingerprint/rayon-core-0393dcc5d8855b9b/invoked.timestamp"
"D. generated build output that should remain uncommitted","native/radar-ref/target/aarch64-linux-android/release/.fingerprint/rayon-core-0393dcc5d8855b9b/lib-rayon_core"
"D. generated build output that should remain uncommitted","native/radar-ref/target/aarch64-linux-android/release/.fingerprint/rayon-core-0393dcc5d8855b9b/lib-rayon_core.json"
"D. generated build output that should remain uncommitted","native/radar-ref/target/aarch64-linux-android/release/.fingerprint/rayon-core-35458fb816c48178/run-build-script-build-script-build"
"D. generated build output that should remain uncommitted","native/radar-ref/target/aarch64-linux-android/release/.fingerprint/rayon-core-35458fb816c48178/run-build-script-build-script-build.json"
"D. generated build output that should remain uncommitted","native/radar-ref/target/aarch64-linux-android/release/.fingerprint/reborrow-16e6fed85b3efef7/dep-lib-reborrow"
"D. generated build output that should remain uncommitted","native/radar-ref/target/aarch64-linux-android/release/.fingerprint/reborrow-16e6fed85b3efef7/invoked.timestamp"
"D. generated build output that should remain uncommitted","native/radar-ref/target/aarch64-linux-android/release/.fingerprint/reborrow-16e6fed85b3efef7/lib-reborrow"
"D. generated build output that should remain uncommitted","native/radar-ref/target/aarch64-linux-android/release/.fingerprint/reborrow-16e6fed85b3efef7/lib-reborrow.json"
"D. generated build output that should remain uncommitted","native/radar-ref/target/aarch64-linux-android/release/.fingerprint/rgb-115244e7c43f319c/dep-lib-rgb"
"D. generated build output that should remain uncommitted","native/radar-ref/target/aarch64-linux-android/release/.fingerprint/rgb-115244e7c43f319c/invoked.timestamp"
"D. generated build output that should remain uncommitted","native/radar-ref/target/aarch64-linux-android/release/.fingerprint/rgb-115244e7c43f319c/lib-rgb"
"D. generated build output that should remain uncommitted","native/radar-ref/target/aarch64-linux-android/release/.fingerprint/rgb-115244e7c43f319c/lib-rgb.json"
"D. generated build output that should remain uncommitted","native/radar-ref/target/aarch64-linux-android/release/.fingerprint/serde_core-5a325f8d91381133/run-build-script-build-script-build"
"D. generated build output that should remain uncommitted","native/radar-ref/target/aarch64-linux-android/release/.fingerprint/serde_core-5a325f8d91381133/run-build-script-build-script-build.json"
"D. generated build output that should remain uncommitted","native/radar-ref/target/aarch64-linux-android/release/.fingerprint/serde_core-a04d82c174d034cd/dep-lib-serde_core"
"D. generated build output that should remain uncommitted","native/radar-ref/target/aarch64-linux-android/release/.fingerprint/serde_core-a04d82c174d034cd/invoked.timestamp"
"D. generated build output that should remain uncommitted","native/radar-ref/target/aarch64-linux-android/release/.fingerprint/serde_core-a04d82c174d034cd/lib-serde_core"
"D. generated build output that should remain uncommitted","native/radar-ref/target/aarch64-linux-android/release/.fingerprint/serde_core-a04d82c174d034cd/lib-serde_core.json"
"D. generated build output that should remain uncommitted","native/radar-ref/target/aarch64-linux-android/release/.fingerprint/serde_json-5f97d9a871b075b5/dep-lib-serde_json"
"D. generated build output that should remain uncommitted","native/radar-ref/target/aarch64-linux-android/release/.fingerprint/serde_json-5f97d9a871b075b5/invoked.timestamp"
"D. generated build output that should remain uncommitted","native/radar-ref/target/aarch64-linux-android/release/.fingerprint/serde_json-5f97d9a871b075b5/lib-serde_json"
"D. generated build output that should remain uncommitted","native/radar-ref/target/aarch64-linux-android/release/.fingerprint/serde_json-5f97d9a871b075b5/lib-serde_json.json"
"D. generated build output that should remain uncommitted","native/radar-ref/target/aarch64-linux-android/release/.fingerprint/serde_json-eb7321613cc5c32c/run-build-script-build-script-build"
"D. generated build output that should remain uncommitted","native/radar-ref/target/aarch64-linux-android/release/.fingerprint/serde_json-eb7321613cc5c32c/run-build-script-build-script-build.json"
"D. generated build output that should remain uncommitted","native/radar-ref/target/aarch64-linux-android/release/.fingerprint/serde-0eb5b919b2985cc2/run-build-script-build-script-build"
"D. generated build output that should remain uncommitted","native/radar-ref/target/aarch64-linux-android/release/.fingerprint/serde-0eb5b919b2985cc2/run-build-script-build-script-build.json"
"D. generated build output that should remain uncommitted","native/radar-ref/target/aarch64-linux-android/release/.fingerprint/serde-1eaf23146480bbe3/dep-lib-serde"
"D. generated build output that should remain uncommitted","native/radar-ref/target/aarch64-linux-android/release/.fingerprint/serde-1eaf23146480bbe3/invoked.timestamp"
"D. generated build output that should remain uncommitted","native/radar-ref/target/aarch64-linux-android/release/.fingerprint/serde-1eaf23146480bbe3/lib-serde"
"D. generated build output that should remain uncommitted","native/radar-ref/target/aarch64-linux-android/release/.fingerprint/serde-1eaf23146480bbe3/lib-serde.json"
"D. generated build output that should remain uncommitted","native/radar-ref/target/aarch64-linux-android/release/.fingerprint/sha2-ec0c29be62054b51/dep-lib-sha2"
"D. generated build output that should remain uncommitted","native/radar-ref/target/aarch64-linux-android/release/.fingerprint/sha2-ec0c29be62054b51/invoked.timestamp"
"D. generated build output that should remain uncommitted","native/radar-ref/target/aarch64-linux-android/release/.fingerprint/sha2-ec0c29be62054b51/lib-sha2"
"D. generated build output that should remain uncommitted","native/radar-ref/target/aarch64-linux-android/release/.fingerprint/sha2-ec0c29be62054b51/lib-sha2.json"
"D. generated build output that should remain uncommitted","native/radar-ref/target/aarch64-linux-android/release/.fingerprint/simd-adler32-693d7d24244db034/dep-lib-simd_adler32"
"D. generated build output that should remain uncommitted","native/radar-ref/target/aarch64-linux-android/release/.fingerprint/simd-adler32-693d7d24244db034/invoked.timestamp"
"D. generated build output that should remain uncommitted","native/radar-ref/target/aarch64-linux-android/release/.fingerprint/simd-adler32-693d7d24244db034/lib-simd_adler32"
"D. generated build output that should remain uncommitted","native/radar-ref/target/aarch64-linux-android/release/.fingerprint/simd-adler32-693d7d24244db034/lib-simd_adler32.json"
"D. generated build output that should remain uncommitted","native/radar-ref/target/aarch64-linux-android/release/.fingerprint/smallvec-1ca3a720d7894594/dep-lib-smallvec"
"D. generated build output that should remain uncommitted","native/radar-ref/target/aarch64-linux-android/release/.fingerprint/smallvec-1ca3a720d7894594/invoked.timestamp"
"D. generated build output that should remain uncommitted","native/radar-ref/target/aarch64-linux-android/release/.fingerprint/smallvec-1ca3a720d7894594/lib-smallvec"
"D. generated build output that should remain uncommitted","native/radar-ref/target/aarch64-linux-android/release/.fingerprint/smallvec-1ca3a720d7894594/lib-smallvec.json"
"D. generated build output that should remain uncommitted","native/radar-ref/target/aarch64-linux-android/release/.fingerprint/stable_deref_trait-bfe25a773b8c21b3/dep-lib-stable_deref_trait"
"D. generated build output that should remain uncommitted","native/radar-ref/target/aarch64-linux-android/release/.fingerprint/stable_deref_trait-bfe25a773b8c21b3/invoked.timestamp"
"D. generated build output that should remain uncommitted","native/radar-ref/target/aarch64-linux-android/release/.fingerprint/stable_deref_trait-bfe25a773b8c21b3/lib-stable_deref_trait"
"D. generated build output that should remain uncommitted","native/radar-ref/target/aarch64-linux-android/release/.fingerprint/stable_deref_trait-bfe25a773b8c21b3/lib-stable_deref_trait.json"
"D. generated build output that should remain uncommitted","native/radar-ref/target/aarch64-linux-android/release/.fingerprint/thiserror-330fcca974a2b8fc/run-build-script-build-script-build"
"D. generated build output that should remain uncommitted","native/radar-ref/target/aarch64-linux-android/release/.fingerprint/thiserror-330fcca974a2b8fc/run-build-script-build-script-build.json"
"D. generated build output that should remain uncommitted","native/radar-ref/target/aarch64-linux-android/release/.fingerprint/thiserror-80ded2bc6ea1cbd3/dep-lib-thiserror"
"D. generated build output that should remain uncommitted","native/radar-ref/target/aarch64-linux-android/release/.fingerprint/thiserror-80ded2bc6ea1cbd3/invoked.timestamp"
"D. generated build output that should remain uncommitted","native/radar-ref/target/aarch64-linux-android/release/.fingerprint/thiserror-80ded2bc6ea1cbd3/lib-thiserror"
"D. generated build output that should remain uncommitted","native/radar-ref/target/aarch64-linux-android/release/.fingerprint/thiserror-80ded2bc6ea1cbd3/lib-thiserror.json"
"D. generated build output that should remain uncommitted","native/radar-ref/target/aarch64-linux-android/release/.fingerprint/thiserror-9e586a2bd9c780d4/run-build-script-build-script-build"
"D. generated build output that should remain uncommitted","native/radar-ref/target/aarch64-linux-android/release/.fingerprint/thiserror-9e586a2bd9c780d4/run-build-script-build-script-build.json"
"D. generated build output that should remain uncommitted","native/radar-ref/target/aarch64-linux-android/release/.fingerprint/thiserror-ded8bd96f10ab565/dep-lib-thiserror"
"D. generated build output that should remain uncommitted","native/radar-ref/target/aarch64-linux-android/release/.fingerprint/thiserror-ded8bd96f10ab565/invoked.timestamp"
"D. generated build output that should remain uncommitted","native/radar-ref/target/aarch64-linux-android/release/.fingerprint/thiserror-ded8bd96f10ab565/lib-thiserror"
"D. generated build output that should remain uncommitted","native/radar-ref/target/aarch64-linux-android/release/.fingerprint/thiserror-ded8bd96f10ab565/lib-thiserror.json"
"D. generated build output that should remain uncommitted","native/radar-ref/target/aarch64-linux-android/release/.fingerprint/tiff-139c553bf021631a/dep-lib-tiff"
"D. generated build output that should remain uncommitted","native/radar-ref/target/aarch64-linux-android/release/.fingerprint/tiff-139c553bf021631a/invoked.timestamp"
"D. generated build output that should remain uncommitted","native/radar-ref/target/aarch64-linux-android/release/.fingerprint/tiff-139c553bf021631a/lib-tiff"
"D. generated build output that should remain uncommitted","native/radar-ref/target/aarch64-linux-android/release/.fingerprint/tiff-139c553bf021631a/lib-tiff.json"
"D. generated build output that should remain uncommitted","native/radar-ref/target/aarch64-linux-android/release/.fingerprint/typenum-4fba8fb9a3982725/dep-lib-typenum"
"D. generated build output that should remain uncommitted","native/radar-ref/target/aarch64-linux-android/release/.fingerprint/typenum-4fba8fb9a3982725/invoked.timestamp"
"D. generated build output that should remain uncommitted","native/radar-ref/target/aarch64-linux-android/release/.fingerprint/typenum-4fba8fb9a3982725/lib-typenum"
"D. generated build output that should remain uncommitted","native/radar-ref/target/aarch64-linux-android/release/.fingerprint/typenum-4fba8fb9a3982725/lib-typenum.json"
"D. generated build output that should remain uncommitted","native/radar-ref/target/aarch64-linux-android/release/.fingerprint/uom-ff16aa520f4a648d/dep-lib-uom"
"D. generated build output that should remain uncommitted","native/radar-ref/target/aarch64-linux-android/release/.fingerprint/uom-ff16aa520f4a648d/invoked.timestamp"
"D. generated build output that should remain uncommitted","native/radar-ref/target/aarch64-linux-android/release/.fingerprint/uom-ff16aa520f4a648d/lib-uom"
"D. generated build output that should remain uncommitted","native/radar-ref/target/aarch64-linux-android/release/.fingerprint/uom-ff16aa520f4a648d/lib-uom.json"
"D. generated build output that should remain uncommitted","native/radar-ref/target/aarch64-linux-android/release/.fingerprint/v_frame-fdbd6788320405bf/dep-lib-v_frame"
"D. generated build output that should remain uncommitted","native/radar-ref/target/aarch64-linux-android/release/.fingerprint/v_frame-fdbd6788320405bf/invoked.timestamp"
"D. generated build output that should remain uncommitted","native/radar-ref/target/aarch64-linux-android/release/.fingerprint/v_frame-fdbd6788320405bf/lib-v_frame"
"D. generated build output that should remain uncommitted","native/radar-ref/target/aarch64-linux-android/release/.fingerprint/v_frame-fdbd6788320405bf/lib-v_frame.json"
"D. generated build output that should remain uncommitted","native/radar-ref/target/aarch64-linux-android/release/.fingerprint/weezl-1b72445162e8f2b8/dep-lib-weezl"
"D. generated build output that should remain uncommitted","native/radar-ref/target/aarch64-linux-android/release/.fingerprint/weezl-1b72445162e8f2b8/invoked.timestamp"
"D. generated build output that should remain uncommitted","native/radar-ref/target/aarch64-linux-android/release/.fingerprint/weezl-1b72445162e8f2b8/lib-weezl"
"D. generated build output that should remain uncommitted","native/radar-ref/target/aarch64-linux-android/release/.fingerprint/weezl-1b72445162e8f2b8/lib-weezl.json"
"D. generated build output that should remain uncommitted","native/radar-ref/target/aarch64-linux-android/release/.fingerprint/y4m-a145d372fca4b118/dep-lib-y4m"
"D. generated build output that should remain uncommitted","native/radar-ref/target/aarch64-linux-android/release/.fingerprint/y4m-a145d372fca4b118/invoked.timestamp"
"D. generated build output that should remain uncommitted","native/radar-ref/target/aarch64-linux-android/release/.fingerprint/y4m-a145d372fca4b118/lib-y4m"
"D. generated build output that should remain uncommitted","native/radar-ref/target/aarch64-linux-android/release/.fingerprint/y4m-a145d372fca4b118/lib-y4m.json"
"D. generated build output that should remain uncommitted","native/radar-ref/target/aarch64-linux-android/release/.fingerprint/zerocopy-7d439a6f76cb3446/dep-lib-zerocopy"
"D. generated build output that should remain uncommitted","native/radar-ref/target/aarch64-linux-android/release/.fingerprint/zerocopy-7d439a6f76cb3446/invoked.timestamp"
"D. generated build output that should remain uncommitted","native/radar-ref/target/aarch64-linux-android/release/.fingerprint/zerocopy-7d439a6f76cb3446/lib-zerocopy"
"D. generated build output that should remain uncommitted","native/radar-ref/target/aarch64-linux-android/release/.fingerprint/zerocopy-7d439a6f76cb3446/lib-zerocopy.json"
"D. generated build output that should remain uncommitted","native/radar-ref/target/aarch64-linux-android/release/.fingerprint/zerocopy-8c62f6f69d3c32d6/run-build-script-build-script-build"
"D. generated build output that should remain uncommitted","native/radar-ref/target/aarch64-linux-android/release/.fingerprint/zerocopy-8c62f6f69d3c32d6/run-build-script-build-script-build.json"
"D. generated build output that should remain uncommitted","native/radar-ref/target/aarch64-linux-android/release/.fingerprint/zmij-b3ef6c027d8533c7/run-build-script-build-script-build"
"D. generated build output that should remain uncommitted","native/radar-ref/target/aarch64-linux-android/release/.fingerprint/zmij-b3ef6c027d8533c7/run-build-script-build-script-build.json"
"D. generated build output that should remain uncommitted","native/radar-ref/target/aarch64-linux-android/release/.fingerprint/zmij-d06b0b87cb18bca8/dep-lib-zmij"
"D. generated build output that should remain uncommitted","native/radar-ref/target/aarch64-linux-android/release/.fingerprint/zmij-d06b0b87cb18bca8/invoked.timestamp"
"D. generated build output that should remain uncommitted","native/radar-ref/target/aarch64-linux-android/release/.fingerprint/zmij-d06b0b87cb18bca8/lib-zmij"
"D. generated build output that should remain uncommitted","native/radar-ref/target/aarch64-linux-android/release/.fingerprint/zmij-d06b0b87cb18bca8/lib-zmij.json"
"D. generated build output that should remain uncommitted","native/radar-ref/target/aarch64-linux-android/release/.fingerprint/zune-core-2e5f437bcd7b1de8/dep-lib-zune_core"
"D. generated build output that should remain uncommitted","native/radar-ref/target/aarch64-linux-android/release/.fingerprint/zune-core-2e5f437bcd7b1de8/invoked.timestamp"
"D. generated build output that should remain uncommitted","native/radar-ref/target/aarch64-linux-android/release/.fingerprint/zune-core-2e5f437bcd7b1de8/lib-zune_core"
"D. generated build output that should remain uncommitted","native/radar-ref/target/aarch64-linux-android/release/.fingerprint/zune-core-2e5f437bcd7b1de8/lib-zune_core.json"
"D. generated build output that should remain uncommitted","native/radar-ref/target/aarch64-linux-android/release/.fingerprint/zune-inflate-e6b82a8c70bc38dc/dep-lib-zune_inflate"
"D. generated build output that should remain uncommitted","native/radar-ref/target/aarch64-linux-android/release/.fingerprint/zune-inflate-e6b82a8c70bc38dc/invoked.timestamp"
"D. generated build output that should remain uncommitted","native/radar-ref/target/aarch64-linux-android/release/.fingerprint/zune-inflate-e6b82a8c70bc38dc/lib-zune_inflate"
"D. generated build output that should remain uncommitted","native/radar-ref/target/aarch64-linux-android/release/.fingerprint/zune-inflate-e6b82a8c70bc38dc/lib-zune_inflate.json"
"D. generated build output that should remain uncommitted","native/radar-ref/target/aarch64-linux-android/release/.fingerprint/zune-jpeg-702f0e76f776824d/dep-lib-zune_jpeg"
"D. generated build output that should remain uncommitted","native/radar-ref/target/aarch64-linux-android/release/.fingerprint/zune-jpeg-702f0e76f776824d/invoked.timestamp"
"D. generated build output that should remain uncommitted","native/radar-ref/target/aarch64-linux-android/release/.fingerprint/zune-jpeg-702f0e76f776824d/lib-zune_jpeg"
"D. generated build output that should remain uncommitted","native/radar-ref/target/aarch64-linux-android/release/.fingerprint/zune-jpeg-702f0e76f776824d/lib-zune_jpeg.json"
"D. generated build output that should remain uncommitted","native/radar-ref/target/aarch64-linux-android/release/build/anyhow-8a719d175c717bd6/invoked.timestamp"
"D. generated build output that should remain uncommitted","native/radar-ref/target/aarch64-linux-android/release/build/anyhow-8a719d175c717bd6/output"
"D. generated build output that should remain uncommitted","native/radar-ref/target/aarch64-linux-android/release/build/anyhow-8a719d175c717bd6/root-output"
"D. generated build output that should remain uncommitted","native/radar-ref/target/aarch64-linux-android/release/build/anyhow-8a719d175c717bd6/stderr"
"D. generated build output that should remain uncommitted","native/radar-ref/target/aarch64-linux-android/release/build/av-scenechange-902965214ec85e56/invoked.timestamp"
"D. generated build output that should remain uncommitted","native/radar-ref/target/aarch64-linux-android/release/build/av-scenechange-902965214ec85e56/output"
"D. generated build output that should remain uncommitted","native/radar-ref/target/aarch64-linux-android/release/build/av-scenechange-902965214ec85e56/root-output"
"D. generated build output that should remain uncommitted","native/radar-ref/target/aarch64-linux-android/release/build/av-scenechange-902965214ec85e56/stderr"
"D. generated build output that should remain uncommitted","native/radar-ref/target/aarch64-linux-android/release/build/crc32fast-fe010a08e9da0369/invoked.timestamp"
"D. generated build output that should remain uncommitted","native/radar-ref/target/aarch64-linux-android/release/build/crc32fast-fe010a08e9da0369/output"
"D. generated build output that should remain uncommitted","native/radar-ref/target/aarch64-linux-android/release/build/crc32fast-fe010a08e9da0369/root-output"
"D. generated build output that should remain uncommitted","native/radar-ref/target/aarch64-linux-android/release/build/crc32fast-fe010a08e9da0369/stderr"
"D. generated build output that should remain uncommitted","native/radar-ref/target/aarch64-linux-android/release/build/crossbeam-deque-3dec08b320ee511d/invoked.timestamp"
"D. generated build output that should remain uncommitted","native/radar-ref/target/aarch64-linux-android/release/build/crossbeam-deque-3dec08b320ee511d/output"
"D. generated build output that should remain uncommitted","native/radar-ref/target/aarch64-linux-android/release/build/crossbeam-deque-3dec08b320ee511d/root-output"
"D. generated build output that should remain uncommitted","native/radar-ref/target/aarch64-linux-android/release/build/crossbeam-deque-3dec08b320ee511d/stderr"
"D. generated build output that should remain uncommitted","native/radar-ref/target/aarch64-linux-android/release/build/crossbeam-epoch-7d77a4b54581aae9/invoked.timestamp"
"D. generated build output that should remain uncommitted","native/radar-ref/target/aarch64-linux-android/release/build/crossbeam-epoch-7d77a4b54581aae9/output"
"D. generated build output that should remain uncommitted","native/radar-ref/target/aarch64-linux-android/release/build/crossbeam-epoch-7d77a4b54581aae9/root-output"
"D. generated build output that should remain uncommitted","native/radar-ref/target/aarch64-linux-android/release/build/crossbeam-epoch-7d77a4b54581aae9/stderr"
"D. generated build output that should remain uncommitted","native/radar-ref/target/aarch64-linux-android/release/build/crossbeam-utils-3d65ce83ba39d9e2/invoked.timestamp"
"D. generated build output that should remain uncommitted","native/radar-ref/target/aarch64-linux-android/release/build/crossbeam-utils-3d65ce83ba39d9e2/output"
"D. generated build output that should remain uncommitted","native/radar-ref/target/aarch64-linux-android/release/build/crossbeam-utils-3d65ce83ba39d9e2/root-output"
"D. generated build output that should remain uncommitted","native/radar-ref/target/aarch64-linux-android/release/build/crossbeam-utils-3d65ce83ba39d9e2/stderr"
"D. generated build output that should remain uncommitted","native/radar-ref/target/aarch64-linux-android/release/build/generic-array-7c20070a74b3e13c/invoked.timestamp"
"D. generated build output that should remain uncommitted","native/radar-ref/target/aarch64-linux-android/release/build/generic-array-7c20070a74b3e13c/output"
"D. generated build output that should remain uncommitted","native/radar-ref/target/aarch64-linux-android/release/build/generic-array-7c20070a74b3e13c/root-output"
"D. generated build output that should remain uncommitted","native/radar-ref/target/aarch64-linux-android/release/build/generic-array-7c20070a74b3e13c/stderr"
"D. generated build output that should remain uncommitted","native/radar-ref/target/aarch64-linux-android/release/build/jni-sys-40ff4213792ea384/invoked.timestamp"
"D. generated build output that should remain uncommitted","native/radar-ref/target/aarch64-linux-android/release/build/jni-sys-40ff4213792ea384/output"
"D. generated build output that should remain uncommitted","native/radar-ref/target/aarch64-linux-android/release/build/jni-sys-40ff4213792ea384/root-output"
"D. generated build output that should remain uncommitted","native/radar-ref/target/aarch64-linux-android/release/build/jni-sys-40ff4213792ea384/stderr"
"D. generated build output that should remain uncommitted","native/radar-ref/target/aarch64-linux-android/release/build/libc-84dcc2039b5a1933/invoked.timestamp"
"D. generated build output that should remain uncommitted","native/radar-ref/target/aarch64-linux-android/release/build/libc-84dcc2039b5a1933/output"
"D. generated build output that should remain uncommitted","native/radar-ref/target/aarch64-linux-android/release/build/libc-84dcc2039b5a1933/root-output"
"D. generated build output that should remain uncommitted","native/radar-ref/target/aarch64-linux-android/release/build/libc-84dcc2039b5a1933/stderr"
"D. generated build output that should remain uncommitted","native/radar-ref/target/aarch64-linux-android/release/build/libm-9e17842fbd0f0097/invoked.timestamp"
"D. generated build output that should remain uncommitted","native/radar-ref/target/aarch64-linux-android/release/build/libm-9e17842fbd0f0097/output"
"D. generated build output that should remain uncommitted","native/radar-ref/target/aarch64-linux-android/release/build/libm-9e17842fbd0f0097/root-output"
"D. generated build output that should remain uncommitted","native/radar-ref/target/aarch64-linux-android/release/build/libm-9e17842fbd0f0097/stderr"
"D. generated build output that should remain uncommitted","native/radar-ref/target/aarch64-linux-android/release/build/num-traits-44d00416d1c7cbb5/invoked.timestamp"
"D. generated build output that should remain uncommitted","native/radar-ref/target/aarch64-linux-android/release/build/num-traits-44d00416d1c7cbb5/output"
"D. generated build output that should remain uncommitted","native/radar-ref/target/aarch64-linux-android/release/build/num-traits-44d00416d1c7cbb5/root-output"
"D. generated build output that should remain uncommitted","native/radar-ref/target/aarch64-linux-android/release/build/num-traits-44d00416d1c7cbb5/stderr"
"D. generated build output that should remain uncommitted","native/radar-ref/target/aarch64-linux-android/release/build/pulp-fecc9dfc1684a145/invoked.timestamp"
"D. generated build output that should remain uncommitted","native/radar-ref/target/aarch64-linux-android/release/build/pulp-fecc9dfc1684a145/output"
"D. generated build output that should remain uncommitted","native/radar-ref/target/aarch64-linux-android/release/build/pulp-fecc9dfc1684a145/root-output"
"D. generated build output that should remain uncommitted","native/radar-ref/target/aarch64-linux-android/release/build/pulp-fecc9dfc1684a145/stderr"
"D. generated build output that should remain uncommitted","native/radar-ref/target/aarch64-linux-android/release/build/rav1e-87695eeba745320e/invoked.timestamp"
"D. generated build output that should remain uncommitted","native/radar-ref/target/aarch64-linux-android/release/build/rav1e-87695eeba745320e/out/built.rs"
"D. generated build output that should remain uncommitted","native/radar-ref/target/aarch64-linux-android/release/build/rav1e-87695eeba745320e/output"
"D. generated build output that should remain uncommitted","native/radar-ref/target/aarch64-linux-android/release/build/rav1e-87695eeba745320e/root-output"
"D. generated build output that should remain uncommitted","native/radar-ref/target/aarch64-linux-android/release/build/rav1e-87695eeba745320e/stderr"
"D. generated build output that should remain uncommitted","native/radar-ref/target/aarch64-linux-android/release/build/rayon-core-35458fb816c48178/invoked.timestamp"
"D. generated build output that should remain uncommitted","native/radar-ref/target/aarch64-linux-android/release/build/rayon-core-35458fb816c48178/output"
"D. generated build output that should remain uncommitted","native/radar-ref/target/aarch64-linux-android/release/build/rayon-core-35458fb816c48178/root-output"
"D. generated build output that should remain uncommitted","native/radar-ref/target/aarch64-linux-android/release/build/rayon-core-35458fb816c48178/stderr"
"D. generated build output that should remain uncommitted","native/radar-ref/target/aarch64-linux-android/release/build/serde_core-5a325f8d91381133/invoked.timestamp"
"D. generated build output that should remain uncommitted","native/radar-ref/target/aarch64-linux-android/release/build/serde_core-5a325f8d91381133/out/private.rs"
"D. generated build output that should remain uncommitted","native/radar-ref/target/aarch64-linux-android/release/build/serde_core-5a325f8d91381133/output"
"D. generated build output that should remain uncommitted","native/radar-ref/target/aarch64-linux-android/release/build/serde_core-5a325f8d91381133/root-output"
"D. generated build output that should remain uncommitted","native/radar-ref/target/aarch64-linux-android/release/build/serde_core-5a325f8d91381133/stderr"
"D. generated build output that should remain uncommitted","native/radar-ref/target/aarch64-linux-android/release/build/serde_json-eb7321613cc5c32c/invoked.timestamp"
"D. generated build output that should remain uncommitted","native/radar-ref/target/aarch64-linux-android/release/build/serde_json-eb7321613cc5c32c/output"
"D. generated build output that should remain uncommitted","native/radar-ref/target/aarch64-linux-android/release/build/serde_json-eb7321613cc5c32c/root-output"
"D. generated build output that should remain uncommitted","native/radar-ref/target/aarch64-linux-android/release/build/serde_json-eb7321613cc5c32c/stderr"
"D. generated build output that should remain uncommitted","native/radar-ref/target/aarch64-linux-android/release/build/serde-0eb5b919b2985cc2/invoked.timestamp"
"D. generated build output that should remain uncommitted","native/radar-ref/target/aarch64-linux-android/release/build/serde-0eb5b919b2985cc2/out/private.rs"
"D. generated build output that should remain uncommitted","native/radar-ref/target/aarch64-linux-android/release/build/serde-0eb5b919b2985cc2/output"
"D. generated build output that should remain uncommitted","native/radar-ref/target/aarch64-linux-android/release/build/serde-0eb5b919b2985cc2/root-output"
"D. generated build output that should remain uncommitted","native/radar-ref/target/aarch64-linux-android/release/build/serde-0eb5b919b2985cc2/stderr"
"D. generated build output that should remain uncommitted","native/radar-ref/target/aarch64-linux-android/release/build/thiserror-330fcca974a2b8fc/invoked.timestamp"
"D. generated build output that should remain uncommitted","native/radar-ref/target/aarch64-linux-android/release/build/thiserror-330fcca974a2b8fc/out/private.rs"
"D. generated build output that should remain uncommitted","native/radar-ref/target/aarch64-linux-android/release/build/thiserror-330fcca974a2b8fc/output"
"D. generated build output that should remain uncommitted","native/radar-ref/target/aarch64-linux-android/release/build/thiserror-330fcca974a2b8fc/root-output"
"D. generated build output that should remain uncommitted","native/radar-ref/target/aarch64-linux-android/release/build/thiserror-330fcca974a2b8fc/stderr"
"D. generated build output that should remain uncommitted","native/radar-ref/target/aarch64-linux-android/release/build/thiserror-9e586a2bd9c780d4/invoked.timestamp"
"D. generated build output that should remain uncommitted","native/radar-ref/target/aarch64-linux-android/release/build/thiserror-9e586a2bd9c780d4/output"
"D. generated build output that should remain uncommitted","native/radar-ref/target/aarch64-linux-android/release/build/thiserror-9e586a2bd9c780d4/root-output"
"D. generated build output that should remain uncommitted","native/radar-ref/target/aarch64-linux-android/release/build/thiserror-9e586a2bd9c780d4/stderr"
"D. generated build output that should remain uncommitted","native/radar-ref/target/aarch64-linux-android/release/build/zerocopy-8c62f6f69d3c32d6/invoked.timestamp"
"D. generated build output that should remain uncommitted","native/radar-ref/target/aarch64-linux-android/release/build/zerocopy-8c62f6f69d3c32d6/output"
"D. generated build output that should remain uncommitted","native/radar-ref/target/aarch64-linux-android/release/build/zerocopy-8c62f6f69d3c32d6/root-output"
"D. generated build output that should remain uncommitted","native/radar-ref/target/aarch64-linux-android/release/build/zerocopy-8c62f6f69d3c32d6/stderr"
"D. generated build output that should remain uncommitted","native/radar-ref/target/aarch64-linux-android/release/build/zmij-b3ef6c027d8533c7/invoked.timestamp"
"D. generated build output that should remain uncommitted","native/radar-ref/target/aarch64-linux-android/release/build/zmij-b3ef6c027d8533c7/output"
"D. generated build output that should remain uncommitted","native/radar-ref/target/aarch64-linux-android/release/build/zmij-b3ef6c027d8533c7/root-output"
"D. generated build output that should remain uncommitted","native/radar-ref/target/aarch64-linux-android/release/build/zmij-b3ef6c027d8533c7/stderr"
"D. generated build output that should remain uncommitted","native/radar-ref/target/aarch64-linux-android/release/deps/adler2-9b3a96473f528b87.d"
"D. generated build output that should remain uncommitted","native/radar-ref/target/aarch64-linux-android/release/deps/aligned_vec-7e588955dd5a3a7b.d"
"D. generated build output that should remain uncommitted","native/radar-ref/target/aarch64-linux-android/release/deps/aligned-a80e0999d0e10b57.d"
"D. generated build output that should remain uncommitted","native/radar-ref/target/aarch64-linux-android/release/deps/android_system_properties-cf3d4d8a49baf28e.d"
"D. generated build output that should remain uncommitted","native/radar-ref/target/aarch64-linux-android/release/deps/anyhow-ea6d12dc0db7657f.d"
"D. generated build output that should remain uncommitted","native/radar-ref/target/aarch64-linux-android/release/deps/arrayvec-ac8d8fc7a5bd7e8f.d"
"D. generated build output that should remain uncommitted","native/radar-ref/target/aarch64-linux-android/release/deps/as_slice-acc05424ea1457c0.d"
"D. generated build output that should remain uncommitted","native/radar-ref/target/aarch64-linux-android/release/deps/av_scenechange-e1dab69e583ad5da.d"
"D. generated build output that should remain uncommitted","native/radar-ref/target/aarch64-linux-android/release/deps/av1_grain-2d83db05255b0c1b.d"
"D. generated build output that should remain uncommitted","native/radar-ref/target/aarch64-linux-android/release/deps/avif_serialize-2f088a83a4b4672b.d"
"D. generated build output that should remain uncommitted","native/radar-ref/target/aarch64-linux-android/release/deps/bit_field-20b185f7ff353f40.d"
"D. generated build output that should remain uncommitted","native/radar-ref/target/aarch64-linux-android/release/deps/bitflags-7f21db38905f08e0.d"
"D. generated build output that should remain uncommitted","native/radar-ref/target/aarch64-linux-android/release/deps/bitstream_io-b752c77a61c44ae8.d"
"D. generated build output that should remain uncommitted","native/radar-ref/target/aarch64-linux-android/release/deps/block_buffer-1387bf4a90d5c915.d"
"D. generated build output that should remain uncommitted","native/radar-ref/target/aarch64-linux-android/release/deps/bytemuck-2e594a5ecbef8868.d"
"D. generated build output that should remain uncommitted","native/radar-ref/target/aarch64-linux-android/release/deps/byteorder_lite-5cac26b6dda7fe49.d"
"D. generated build output that should remain uncommitted","native/radar-ref/target/aarch64-linux-android/release/deps/bytes-84f4192caf5b88ef.d"
"D. generated build output that should remain uncommitted","native/radar-ref/target/aarch64-linux-android/release/deps/bzip2-b495049cce9cec86.d"
"D. generated build output that should remain uncommitted","native/radar-ref/target/aarch64-linux-android/release/deps/cesu8-e96545ece5ff86b9.d"
"D. generated build output that should remain uncommitted","native/radar-ref/target/aarch64-linux-android/release/deps/cfg_if-0c3a29b29cd4df60.d"
"D. generated build output that should remain uncommitted","native/radar-ref/target/aarch64-linux-android/release/deps/chrono-9890a9d5c399e60b.d"
"D. generated build output that should remain uncommitted","native/radar-ref/target/aarch64-linux-android/release/deps/codeblack_radar.d"
"D. generated build output that should remain uncommitted","native/radar-ref/target/aarch64-linux-android/release/deps/codeblack_radar_ref.d"
"D. generated build output that should remain uncommitted","native/radar-ref/target/aarch64-linux-android/release/deps/color_quant-247ea5eb36c29429.d"
"D. generated build output that should remain uncommitted","native/radar-ref/target/aarch64-linux-android/release/deps/combine-d1b1ffc5a321e15f.d"
"D. generated build output that should remain uncommitted","native/radar-ref/target/aarch64-linux-android/release/deps/cpufeatures-7a45595e4484d54f.d"
"D. generated build output that should remain uncommitted","native/radar-ref/target/aarch64-linux-android/release/deps/crc32fast-85c1f23f347b0620.d"
"D. generated build output that should remain uncommitted","native/radar-ref/target/aarch64-linux-android/release/deps/crossbeam_deque-736e5d42967b0880.d"
"D. generated build output that should remain uncommitted","native/radar-ref/target/aarch64-linux-android/release/deps/crossbeam_epoch-db36a6d627fc2a94.d"
"D. generated build output that should remain uncommitted","native/radar-ref/target/aarch64-linux-android/release/deps/crossbeam_utils-6111d23a6345650c.d"
"D. generated build output that should remain uncommitted","native/radar-ref/target/aarch64-linux-android/release/deps/crypto_common-d73d899107e609f2.d"
"D. generated build output that should remain uncommitted","native/radar-ref/target/aarch64-linux-android/release/deps/debug_unreachable-ff939bb49ae54b00.d"
"D. generated build output that should remain uncommitted","native/radar-ref/target/aarch64-linux-android/release/deps/digest-69b71370ef35e28b.d"
"D. generated build output that should remain uncommitted","native/radar-ref/target/aarch64-linux-android/release/deps/either-fd7e6bc596729043.d"
"D. generated build output that should remain uncommitted","native/radar-ref/target/aarch64-linux-android/release/deps/equator-45c4d865befe2b7d.d"
"D. generated build output that should remain uncommitted","native/radar-ref/target/aarch64-linux-android/release/deps/exr-e0ffd012a50c90a5.d"
"D. generated build output that should remain uncommitted","native/radar-ref/target/aarch64-linux-android/release/deps/fax-0690087a6e8a4648.d"
"D. generated build output that should remain uncommitted","native/radar-ref/target/aarch64-linux-android/release/deps/fdeflate-07420cff89264dfd.d"
"D. generated build output that should remain uncommitted","native/radar-ref/target/aarch64-linux-android/release/deps/flate2-aad0c18a83bcc347.d"
"D. generated build output that should remain uncommitted","native/radar-ref/target/aarch64-linux-android/release/deps/generic_array-cfb2c08108c87427.d"
"D. generated build output that should remain uncommitted","native/radar-ref/target/aarch64-linux-android/release/deps/gif-02d23634ae9459e3.d"
"D. generated build output that should remain uncommitted","native/radar-ref/target/aarch64-linux-android/release/deps/half-8944a158486ef94d.d"
"D. generated build output that should remain uncommitted","native/radar-ref/target/aarch64-linux-android/release/deps/hex-0b1ef3c121f76269.d"
"D. generated build output that should remain uncommitted","native/radar-ref/target/aarch64-linux-android/release/deps/iana_time_zone-2e2b8ea277325787.d"
"D. generated build output that should remain uncommitted","native/radar-ref/target/aarch64-linux-android/release/deps/image_webp-35291abdbf367197.d"
"D. generated build output that should remain uncommitted","native/radar-ref/target/aarch64-linux-android/release/deps/image-b9c26c2347c10a59.d"
"D. generated build output that should remain uncommitted","native/radar-ref/target/aarch64-linux-android/release/deps/imgref-77e56694befade47.d"
"D. generated build output that should remain uncommitted","native/radar-ref/target/aarch64-linux-android/release/deps/itertools-2786d5a61a756103.d"
"D. generated build output that should remain uncommitted","native/radar-ref/target/aarch64-linux-android/release/deps/itoa-c7c8b88dc6f6edfb.d"
"D. generated build output that should remain uncommitted","native/radar-ref/target/aarch64-linux-android/release/deps/jni_sys-0d0bc73a900ee673.d"
"D. generated build output that should remain uncommitted","native/radar-ref/target/aarch64-linux-android/release/deps/jni_sys-1ce0f96558917054.d"
"D. generated build output that should remain uncommitted","native/radar-ref/target/aarch64-linux-android/release/deps/jni-29f0844a0c7cd72e.d"
"D. generated build output that should remain uncommitted","native/radar-ref/target/aarch64-linux-android/release/deps/lebe-63535a6b11eab433.d"
"D. generated build output that should remain uncommitted","native/radar-ref/target/aarch64-linux-android/release/deps/libadler2-9b3a96473f528b87.rlib"
"D. generated build output that should remain uncommitted","native/radar-ref/target/aarch64-linux-android/release/deps/libadler2-9b3a96473f528b87.rmeta"
"D. generated build output that should remain uncommitted","native/radar-ref/target/aarch64-linux-android/release/deps/libaligned_vec-7e588955dd5a3a7b.rlib"
"D. generated build output that should remain uncommitted","native/radar-ref/target/aarch64-linux-android/release/deps/libaligned_vec-7e588955dd5a3a7b.rmeta"
"D. generated build output that should remain uncommitted","native/radar-ref/target/aarch64-linux-android/release/deps/libaligned-a80e0999d0e10b57.rlib"
"D. generated build output that should remain uncommitted","native/radar-ref/target/aarch64-linux-android/release/deps/libaligned-a80e0999d0e10b57.rmeta"
"D. generated build output that should remain uncommitted","native/radar-ref/target/aarch64-linux-android/release/deps/libandroid_system_properties-cf3d4d8a49baf28e.rlib"
"D. generated build output that should remain uncommitted","native/radar-ref/target/aarch64-linux-android/release/deps/libandroid_system_properties-cf3d4d8a49baf28e.rmeta"
"D. generated build output that should remain uncommitted","native/radar-ref/target/aarch64-linux-android/release/deps/libanyhow-ea6d12dc0db7657f.rlib"
"D. generated build output that should remain uncommitted","native/radar-ref/target/aarch64-linux-android/release/deps/libanyhow-ea6d12dc0db7657f.rmeta"
"D. generated build output that should remain uncommitted","native/radar-ref/target/aarch64-linux-android/release/deps/libarrayvec-ac8d8fc7a5bd7e8f.rlib"
"D. generated build output that should remain uncommitted","native/radar-ref/target/aarch64-linux-android/release/deps/libarrayvec-ac8d8fc7a5bd7e8f.rmeta"
"D. generated build output that should remain uncommitted","native/radar-ref/target/aarch64-linux-android/release/deps/libas_slice-acc05424ea1457c0.rlib"
"D. generated build output that should remain uncommitted","native/radar-ref/target/aarch64-linux-android/release/deps/libas_slice-acc05424ea1457c0.rmeta"
"D. generated build output that should remain uncommitted","native/radar-ref/target/aarch64-linux-android/release/deps/libav_scenechange-e1dab69e583ad5da.rlib"
"D. generated build output that should remain uncommitted","native/radar-ref/target/aarch64-linux-android/release/deps/libav_scenechange-e1dab69e583ad5da.rmeta"
"D. generated build output that should remain uncommitted","native/radar-ref/target/aarch64-linux-android/release/deps/libav1_grain-2d83db05255b0c1b.rlib"
"D. generated build output that should remain uncommitted","native/radar-ref/target/aarch64-linux-android/release/deps/libav1_grain-2d83db05255b0c1b.rmeta"
"D. generated build output that should remain uncommitted","native/radar-ref/target/aarch64-linux-android/release/deps/libavif_serialize-2f088a83a4b4672b.rlib"
"D. generated build output that should remain uncommitted","native/radar-ref/target/aarch64-linux-android/release/deps/libavif_serialize-2f088a83a4b4672b.rmeta"
"D. generated build output that should remain uncommitted","native/radar-ref/target/aarch64-linux-android/release/deps/libbit_field-20b185f7ff353f40.rlib"
"D. generated build output that should remain uncommitted","native/radar-ref/target/aarch64-linux-android/release/deps/libbit_field-20b185f7ff353f40.rmeta"
"D. generated build output that should remain uncommitted","native/radar-ref/target/aarch64-linux-android/release/deps/libbitflags-7f21db38905f08e0.rlib"
"D. generated build output that should remain uncommitted","native/radar-ref/target/aarch64-linux-android/release/deps/libbitflags-7f21db38905f08e0.rmeta"
"D. generated build output that should remain uncommitted","native/radar-ref/target/aarch64-linux-android/release/deps/libbitstream_io-b752c77a61c44ae8.rlib"
"D. generated build output that should remain uncommitted","native/radar-ref/target/aarch64-linux-android/release/deps/libbitstream_io-b752c77a61c44ae8.rmeta"
"D. generated build output that should remain uncommitted","native/radar-ref/target/aarch64-linux-android/release/deps/libblock_buffer-1387bf4a90d5c915.rlib"
"D. generated build output that should remain uncommitted","native/radar-ref/target/aarch64-linux-android/release/deps/libblock_buffer-1387bf4a90d5c915.rmeta"
"D. generated build output that should remain uncommitted","native/radar-ref/target/aarch64-linux-android/release/deps/libbytemuck-2e594a5ecbef8868.rlib"
"D. generated build output that should remain uncommitted","native/radar-ref/target/aarch64-linux-android/release/deps/libbytemuck-2e594a5ecbef8868.rmeta"
"D. generated build output that should remain uncommitted","native/radar-ref/target/aarch64-linux-android/release/deps/libbyteorder_lite-5cac26b6dda7fe49.rlib"
"D. generated build output that should remain uncommitted","native/radar-ref/target/aarch64-linux-android/release/deps/libbyteorder_lite-5cac26b6dda7fe49.rmeta"
"D. generated build output that should remain uncommitted","native/radar-ref/target/aarch64-linux-android/release/deps/libbytes-84f4192caf5b88ef.rlib"
"D. generated build output that should remain uncommitted","native/radar-ref/target/aarch64-linux-android/release/deps/libbytes-84f4192caf5b88ef.rmeta"
"D. generated build output that should remain uncommitted","native/radar-ref/target/aarch64-linux-android/release/deps/libbz2_rs_sys-2bb44f8decd10f78.d"
"D. generated build output that should remain uncommitted","native/radar-ref/target/aarch64-linux-android/release/deps/libbzip2-b495049cce9cec86.rlib"
"D. generated build output that should remain uncommitted","native/radar-ref/target/aarch64-linux-android/release/deps/libbzip2-b495049cce9cec86.rmeta"
"D. generated build output that should remain uncommitted","native/radar-ref/target/aarch64-linux-android/release/deps/libc-02f1cfe76b96f795.d"
"D. generated build output that should remain uncommitted","native/radar-ref/target/aarch64-linux-android/release/deps/libcesu8-e96545ece5ff86b9.rlib"
"D. generated build output that should remain uncommitted","native/radar-ref/target/aarch64-linux-android/release/deps/libcesu8-e96545ece5ff86b9.rmeta"
"D. generated build output that should remain uncommitted","native/radar-ref/target/aarch64-linux-android/release/deps/libcfg_if-0c3a29b29cd4df60.rlib"
"D. generated build output that should remain uncommitted","native/radar-ref/target/aarch64-linux-android/release/deps/libcfg_if-0c3a29b29cd4df60.rmeta"
"D. generated build output that should remain uncommitted","native/radar-ref/target/aarch64-linux-android/release/deps/libchrono-9890a9d5c399e60b.rlib"
"D. generated build output that should remain uncommitted","native/radar-ref/target/aarch64-linux-android/release/deps/libchrono-9890a9d5c399e60b.rmeta"
"D. generated build output that should remain uncommitted","native/radar-ref/target/aarch64-linux-android/release/deps/libcodeblack_radar.so"
"D. generated build output that should remain uncommitted","native/radar-ref/target/aarch64-linux-android/release/deps/libcodeblack_radar_ref.so"
"D. generated build output that should remain uncommitted","native/radar-ref/target/aarch64-linux-android/release/deps/libcolor_quant-247ea5eb36c29429.rlib"
"D. generated build output that should remain uncommitted","native/radar-ref/target/aarch64-linux-android/release/deps/libcolor_quant-247ea5eb36c29429.rmeta"
"D. generated build output that should remain uncommitted","native/radar-ref/target/aarch64-linux-android/release/deps/libcombine-d1b1ffc5a321e15f.rlib"
"D. generated build output that should remain uncommitted","native/radar-ref/target/aarch64-linux-android/release/deps/libcombine-d1b1ffc5a321e15f.rmeta"
"D. generated build output that should remain uncommitted","native/radar-ref/target/aarch64-linux-android/release/deps/libcpufeatures-7a45595e4484d54f.rlib"
"D. generated build output that should remain uncommitted","native/radar-ref/target/aarch64-linux-android/release/deps/libcpufeatures-7a45595e4484d54f.rmeta"
"D. generated build output that should remain uncommitted","native/radar-ref/target/aarch64-linux-android/release/deps/libcrc32fast-85c1f23f347b0620.rlib"
"D. generated build output that should remain uncommitted","native/radar-ref/target/aarch64-linux-android/release/deps/libcrc32fast-85c1f23f347b0620.rmeta"
"D. generated build output that should remain uncommitted","native/radar-ref/target/aarch64-linux-android/release/deps/libcrossbeam_deque-736e5d42967b0880.rlib"
"D. generated build output that should remain uncommitted","native/radar-ref/target/aarch64-linux-android/release/deps/libcrossbeam_deque-736e5d42967b0880.rmeta"
"D. generated build output that should remain uncommitted","native/radar-ref/target/aarch64-linux-android/release/deps/libcrossbeam_epoch-db36a6d627fc2a94.rlib"
"D. generated build output that should remain uncommitted","native/radar-ref/target/aarch64-linux-android/release/deps/libcrossbeam_epoch-db36a6d627fc2a94.rmeta"
"D. generated build output that should remain uncommitted","native/radar-ref/target/aarch64-linux-android/release/deps/libcrossbeam_utils-6111d23a6345650c.rlib"
"D. generated build output that should remain uncommitted","native/radar-ref/target/aarch64-linux-android/release/deps/libcrossbeam_utils-6111d23a6345650c.rmeta"
"D. generated build output that should remain uncommitted","native/radar-ref/target/aarch64-linux-android/release/deps/libcrypto_common-d73d899107e609f2.rlib"
"D. generated build output that should remain uncommitted","native/radar-ref/target/aarch64-linux-android/release/deps/libcrypto_common-d73d899107e609f2.rmeta"
"D. generated build output that should remain uncommitted","native/radar-ref/target/aarch64-linux-android/release/deps/libdebug_unreachable-ff939bb49ae54b00.rlib"
"D. generated build output that should remain uncommitted","native/radar-ref/target/aarch64-linux-android/release/deps/libdebug_unreachable-ff939bb49ae54b00.rmeta"
"D. generated build output that should remain uncommitted","native/radar-ref/target/aarch64-linux-android/release/deps/libdigest-69b71370ef35e28b.rlib"
"D. generated build output that should remain uncommitted","native/radar-ref/target/aarch64-linux-android/release/deps/libdigest-69b71370ef35e28b.rmeta"
"D. generated build output that should remain uncommitted","native/radar-ref/target/aarch64-linux-android/release/deps/libeither-fd7e6bc596729043.rlib"
"D. generated build output that should remain uncommitted","native/radar-ref/target/aarch64-linux-android/release/deps/libeither-fd7e6bc596729043.rmeta"
"D. generated build output that should remain uncommitted","native/radar-ref/target/aarch64-linux-android/release/deps/libequator-45c4d865befe2b7d.rlib"
"D. generated build output that should remain uncommitted","native/radar-ref/target/aarch64-linux-android/release/deps/libequator-45c4d865befe2b7d.rmeta"
"D. generated build output that should remain uncommitted","native/radar-ref/target/aarch64-linux-android/release/deps/libexr-e0ffd012a50c90a5.rlib"
"D. generated build output that should remain uncommitted","native/radar-ref/target/aarch64-linux-android/release/deps/libexr-e0ffd012a50c90a5.rmeta"
"D. generated build output that should remain uncommitted","native/radar-ref/target/aarch64-linux-android/release/deps/libfax-0690087a6e8a4648.rlib"
"D. generated build output that should remain uncommitted","native/radar-ref/target/aarch64-linux-android/release/deps/libfax-0690087a6e8a4648.rmeta"
"D. generated build output that should remain uncommitted","native/radar-ref/target/aarch64-linux-android/release/deps/libfdeflate-07420cff89264dfd.rlib"
"D. generated build output that should remain uncommitted","native/radar-ref/target/aarch64-linux-android/release/deps/libfdeflate-07420cff89264dfd.rmeta"
"D. generated build output that should remain uncommitted","native/radar-ref/target/aarch64-linux-android/release/deps/libflate2-aad0c18a83bcc347.rlib"
"D. generated build output that should remain uncommitted","native/radar-ref/target/aarch64-linux-android/release/deps/libflate2-aad0c18a83bcc347.rmeta"
"D. generated build output that should remain uncommitted","native/radar-ref/target/aarch64-linux-android/release/deps/libgeneric_array-cfb2c08108c87427.rlib"
"D. generated build output that should remain uncommitted","native/radar-ref/target/aarch64-linux-android/release/deps/libgeneric_array-cfb2c08108c87427.rmeta"
"D. generated build output that should remain uncommitted","native/radar-ref/target/aarch64-linux-android/release/deps/libgif-02d23634ae9459e3.rlib"
"D. generated build output that should remain uncommitted","native/radar-ref/target/aarch64-linux-android/release/deps/libgif-02d23634ae9459e3.rmeta"
"D. generated build output that should remain uncommitted","native/radar-ref/target/aarch64-linux-android/release/deps/libhalf-8944a158486ef94d.rlib"
"D. generated build output that should remain uncommitted","native/radar-ref/target/aarch64-linux-android/release/deps/libhalf-8944a158486ef94d.rmeta"
"D. generated build output that should remain uncommitted","native/radar-ref/target/aarch64-linux-android/release/deps/libhex-0b1ef3c121f76269.rlib"
"D. generated build output that should remain uncommitted","native/radar-ref/target/aarch64-linux-android/release/deps/libhex-0b1ef3c121f76269.rmeta"
"D. generated build output that should remain uncommitted","native/radar-ref/target/aarch64-linux-android/release/deps/libiana_time_zone-2e2b8ea277325787.rlib"
"D. generated build output that should remain uncommitted","native/radar-ref/target/aarch64-linux-android/release/deps/libiana_time_zone-2e2b8ea277325787.rmeta"
"D. generated build output that should remain uncommitted","native/radar-ref/target/aarch64-linux-android/release/deps/libimage_webp-35291abdbf367197.rlib"
"D. generated build output that should remain uncommitted","native/radar-ref/target/aarch64-linux-android/release/deps/libimage_webp-35291abdbf367197.rmeta"
"D. generated build output that should remain uncommitted","native/radar-ref/target/aarch64-linux-android/release/deps/libimage-b9c26c2347c10a59.rlib"
"D. generated build output that should remain uncommitted","native/radar-ref/target/aarch64-linux-android/release/deps/libimage-b9c26c2347c10a59.rmeta"
"D. generated build output that should remain uncommitted","native/radar-ref/target/aarch64-linux-android/release/deps/libimgref-77e56694befade47.rlib"
"D. generated build output that should remain uncommitted","native/radar-ref/target/aarch64-linux-android/release/deps/libimgref-77e56694befade47.rmeta"
"D. generated build output that should remain uncommitted","native/radar-ref/target/aarch64-linux-android/release/deps/libitertools-2786d5a61a756103.rlib"
"D. generated build output that should remain uncommitted","native/radar-ref/target/aarch64-linux-android/release/deps/libitertools-2786d5a61a756103.rmeta"
"D. generated build output that should remain uncommitted","native/radar-ref/target/aarch64-linux-android/release/deps/libitoa-c7c8b88dc6f6edfb.rlib"
"D. generated build output that should remain uncommitted","native/radar-ref/target/aarch64-linux-android/release/deps/libitoa-c7c8b88dc6f6edfb.rmeta"
"D. generated build output that should remain uncommitted","native/radar-ref/target/aarch64-linux-android/release/deps/libjni_sys-0d0bc73a900ee673.rlib"
"D. generated build output that should remain uncommitted","native/radar-ref/target/aarch64-linux-android/release/deps/libjni_sys-0d0bc73a900ee673.rmeta"
"D. generated build output that should remain uncommitted","native/radar-ref/target/aarch64-linux-android/release/deps/libjni_sys-1ce0f96558917054.rlib"
"D. generated build output that should remain uncommitted","native/radar-ref/target/aarch64-linux-android/release/deps/libjni_sys-1ce0f96558917054.rmeta"
"D. generated build output that should remain uncommitted","native/radar-ref/target/aarch64-linux-android/release/deps/libjni-29f0844a0c7cd72e.rlib"
"D. generated build output that should remain uncommitted","native/radar-ref/target/aarch64-linux-android/release/deps/libjni-29f0844a0c7cd72e.rmeta"
"D. generated build output that should remain uncommitted","native/radar-ref/target/aarch64-linux-android/release/deps/liblebe-63535a6b11eab433.rlib"
"D. generated build output that should remain uncommitted","native/radar-ref/target/aarch64-linux-android/release/deps/liblebe-63535a6b11eab433.rmeta"
"D. generated build output that should remain uncommitted","native/radar-ref/target/aarch64-linux-android/release/deps/liblibbz2_rs_sys-2bb44f8decd10f78.rlib"
"D. generated build output that should remain uncommitted","native/radar-ref/target/aarch64-linux-android/release/deps/liblibbz2_rs_sys-2bb44f8decd10f78.rmeta"
"D. generated build output that should remain uncommitted","native/radar-ref/target/aarch64-linux-android/release/deps/liblibc-02f1cfe76b96f795.rlib"
"D. generated build output that should remain uncommitted","native/radar-ref/target/aarch64-linux-android/release/deps/liblibc-02f1cfe76b96f795.rmeta"
"D. generated build output that should remain uncommitted","native/radar-ref/target/aarch64-linux-android/release/deps/liblibm-ed6a3ac9b7b18545.rlib"
"D. generated build output that should remain uncommitted","native/radar-ref/target/aarch64-linux-android/release/deps/liblibm-ed6a3ac9b7b18545.rmeta"
"D. generated build output that should remain uncommitted","native/radar-ref/target/aarch64-linux-android/release/deps/liblog-1b0e1834806ec796.rlib"
"D. generated build output that should remain uncommitted","native/radar-ref/target/aarch64-linux-android/release/deps/liblog-1b0e1834806ec796.rmeta"
"D. generated build output that should remain uncommitted","native/radar-ref/target/aarch64-linux-android/release/deps/libloop9-18939fabec6cc2fc.rlib"
"D. generated build output that should remain uncommitted","native/radar-ref/target/aarch64-linux-android/release/deps/libloop9-18939fabec6cc2fc.rmeta"
"D. generated build output that should remain uncommitted","native/radar-ref/target/aarch64-linux-android/release/deps/libmaybe_rayon-6ccbaed6bc9b510a.rlib"
"D. generated build output that should remain uncommitted","native/radar-ref/target/aarch64-linux-android/release/deps/libmaybe_rayon-6ccbaed6bc9b510a.rmeta"
"D. generated build output that should remain uncommitted","native/radar-ref/target/aarch64-linux-android/release/deps/libm-ed6a3ac9b7b18545.d"
"D. generated build output that should remain uncommitted","native/radar-ref/target/aarch64-linux-android/release/deps/libmemchr-8a495a870d4cce03.rlib"
"D. generated build output that should remain uncommitted","native/radar-ref/target/aarch64-linux-android/release/deps/libmemchr-8a495a870d4cce03.rmeta"
"D. generated build output that should remain uncommitted","native/radar-ref/target/aarch64-linux-android/release/deps/libminiz_oxide-dc19ddfe86a02b39.rlib"
"D. generated build output that should remain uncommitted","native/radar-ref/target/aarch64-linux-android/release/deps/libminiz_oxide-dc19ddfe86a02b39.rmeta"
"D. generated build output that should remain uncommitted","native/radar-ref/target/aarch64-linux-android/release/deps/libmoxcms-8accce1d38f7c490.rlib"
"D. generated build output that should remain uncommitted","native/radar-ref/target/aarch64-linux-android/release/deps/libmoxcms-8accce1d38f7c490.rmeta"
"D. generated build output that should remain uncommitted","native/radar-ref/target/aarch64-linux-android/release/deps/libnexrad_data-c63116597aa0d195.rlib"
"D. generated build output that should remain uncommitted","native/radar-ref/target/aarch64-linux-android/release/deps/libnexrad_data-c63116597aa0d195.rmeta"
"D. generated build output that should remain uncommitted","native/radar-ref/target/aarch64-linux-android/release/deps/libnexrad_decode-684d2e37958ce78f.rlib"
"D. generated build output that should remain uncommitted","native/radar-ref/target/aarch64-linux-android/release/deps/libnexrad_decode-684d2e37958ce78f.rmeta"
"D. generated build output that should remain uncommitted","native/radar-ref/target/aarch64-linux-android/release/deps/libnexrad_model-060dafa698904a76.rlib"
"D. generated build output that should remain uncommitted","native/radar-ref/target/aarch64-linux-android/release/deps/libnexrad_model-060dafa698904a76.rmeta"
"D. generated build output that should remain uncommitted","native/radar-ref/target/aarch64-linux-android/release/deps/libnexrad_render-2f8e4a909009bd4e.rlib"
"D. generated build output that should remain uncommitted","native/radar-ref/target/aarch64-linux-android/release/deps/libnexrad_render-2f8e4a909009bd4e.rmeta"
"D. generated build output that should remain uncommitted","native/radar-ref/target/aarch64-linux-android/release/deps/libno_std_io2-67c42f510e27d859.rlib"
"D. generated build output that should remain uncommitted","native/radar-ref/target/aarch64-linux-android/release/deps/libno_std_io2-67c42f510e27d859.rmeta"
"D. generated build output that should remain uncommitted","native/radar-ref/target/aarch64-linux-android/release/deps/libnom-b469582f91de9a70.rlib"
"D. generated build output that should remain uncommitted","native/radar-ref/target/aarch64-linux-android/release/deps/libnom-b469582f91de9a70.rmeta"
"D. generated build output that should remain uncommitted","native/radar-ref/target/aarch64-linux-android/release/deps/libnum_bigint-7fae0b7bc5a8b8d7.rlib"
"D. generated build output that should remain uncommitted","native/radar-ref/target/aarch64-linux-android/release/deps/libnum_bigint-7fae0b7bc5a8b8d7.rmeta"
"D. generated build output that should remain uncommitted","native/radar-ref/target/aarch64-linux-android/release/deps/libnum_complex-3266590f27489b63.rlib"
"D. generated build output that should remain uncommitted","native/radar-ref/target/aarch64-linux-android/release/deps/libnum_complex-3266590f27489b63.rmeta"
"D. generated build output that should remain uncommitted","native/radar-ref/target/aarch64-linux-android/release/deps/libnum_integer-fcf602c48282cf6f.rlib"
"D. generated build output that should remain uncommitted","native/radar-ref/target/aarch64-linux-android/release/deps/libnum_integer-fcf602c48282cf6f.rmeta"
"D. generated build output that should remain uncommitted","native/radar-ref/target/aarch64-linux-android/release/deps/libnum_rational-44354bc51e5bd481.rlib"
"D. generated build output that should remain uncommitted","native/radar-ref/target/aarch64-linux-android/release/deps/libnum_rational-44354bc51e5bd481.rmeta"
"D. generated build output that should remain uncommitted","native/radar-ref/target/aarch64-linux-android/release/deps/libnum_traits-f9f32b858598ff9f.rlib"
"D. generated build output that should remain uncommitted","native/radar-ref/target/aarch64-linux-android/release/deps/libnum_traits-f9f32b858598ff9f.rmeta"
"D. generated build output that should remain uncommitted","native/radar-ref/target/aarch64-linux-android/release/deps/libpng-24112e0a317923f6.rlib"
"D. generated build output that should remain uncommitted","native/radar-ref/target/aarch64-linux-android/release/deps/libpng-24112e0a317923f6.rmeta"
"D. generated build output that should remain uncommitted","native/radar-ref/target/aarch64-linux-android/release/deps/libprofiling-ce0af2457f5ca07d.rlib"
"D. generated build output that should remain uncommitted","native/radar-ref/target/aarch64-linux-android/release/deps/libprofiling-ce0af2457f5ca07d.rmeta"
"D. generated build output that should remain uncommitted","native/radar-ref/target/aarch64-linux-android/release/deps/libpulp_wasm_simd_flag-89c3c67d2854c5e3.rlib"
"D. generated build output that should remain uncommitted","native/radar-ref/target/aarch64-linux-android/release/deps/libpulp_wasm_simd_flag-89c3c67d2854c5e3.rmeta"
"D. generated build output that should remain uncommitted","native/radar-ref/target/aarch64-linux-android/release/deps/libpulp-b612dca2c4d37ecd.rlib"
"D. generated build output that should remain uncommitted","native/radar-ref/target/aarch64-linux-android/release/deps/libpulp-b612dca2c4d37ecd.rmeta"
"D. generated build output that should remain uncommitted","native/radar-ref/target/aarch64-linux-android/release/deps/libpxfm-a6c127143c777fec.rlib"
"D. generated build output that should remain uncommitted","native/radar-ref/target/aarch64-linux-android/release/deps/libpxfm-a6c127143c777fec.rmeta"
"D. generated build output that should remain uncommitted","native/radar-ref/target/aarch64-linux-android/release/deps/libqoi-8bab91ba37b02dff.rlib"
"D. generated build output that should remain uncommitted","native/radar-ref/target/aarch64-linux-android/release/deps/libqoi-8bab91ba37b02dff.rmeta"
"D. generated build output that should remain uncommitted","native/radar-ref/target/aarch64-linux-android/release/deps/libquick_error-4727bd6313b1a6ff.rlib"
"D. generated build output that should remain uncommitted","native/radar-ref/target/aarch64-linux-android/release/deps/libquick_error-4727bd6313b1a6ff.rmeta"
"D. generated build output that should remain uncommitted","native/radar-ref/target/aarch64-linux-android/release/deps/librav1e-adb6df3760c755a4.rlib"
"D. generated build output that should remain uncommitted","native/radar-ref/target/aarch64-linux-android/release/deps/librav1e-adb6df3760c755a4.rmeta"
"D. generated build output that should remain uncommitted","native/radar-ref/target/aarch64-linux-android/release/deps/libravif-ac93a02a8cbca783.rlib"
"D. generated build output that should remain uncommitted","native/radar-ref/target/aarch64-linux-android/release/deps/libravif-ac93a02a8cbca783.rmeta"
"D. generated build output that should remain uncommitted","native/radar-ref/target/aarch64-linux-android/release/deps/librayon_core-0393dcc5d8855b9b.rlib"
"D. generated build output that should remain uncommitted","native/radar-ref/target/aarch64-linux-android/release/deps/librayon_core-0393dcc5d8855b9b.rmeta"
"D. generated build output that should remain uncommitted","native/radar-ref/target/aarch64-linux-android/release/deps/librayon-4b60cac08a310f94.rlib"
"D. generated build output that should remain uncommitted","native/radar-ref/target/aarch64-linux-android/release/deps/librayon-4b60cac08a310f94.rmeta"
"D. generated build output that should remain uncommitted","native/radar-ref/target/aarch64-linux-android/release/deps/libreborrow-16e6fed85b3efef7.rlib"
"D. generated build output that should remain uncommitted","native/radar-ref/target/aarch64-linux-android/release/deps/libreborrow-16e6fed85b3efef7.rmeta"
"D. generated build output that should remain uncommitted","native/radar-ref/target/aarch64-linux-android/release/deps/librgb-115244e7c43f319c.rlib"
"D. generated build output that should remain uncommitted","native/radar-ref/target/aarch64-linux-android/release/deps/librgb-115244e7c43f319c.rmeta"
"D. generated build output that should remain uncommitted","native/radar-ref/target/aarch64-linux-android/release/deps/libserde_core-a04d82c174d034cd.rlib"
"D. generated build output that should remain uncommitted","native/radar-ref/target/aarch64-linux-android/release/deps/libserde_core-a04d82c174d034cd.rmeta"
"D. generated build output that should remain uncommitted","native/radar-ref/target/aarch64-linux-android/release/deps/libserde_json-5f97d9a871b075b5.rlib"
"D. generated build output that should remain uncommitted","native/radar-ref/target/aarch64-linux-android/release/deps/libserde_json-5f97d9a871b075b5.rmeta"
"D. generated build output that should remain uncommitted","native/radar-ref/target/aarch64-linux-android/release/deps/libserde-1eaf23146480bbe3.rlib"
"D. generated build output that should remain uncommitted","native/radar-ref/target/aarch64-linux-android/release/deps/libserde-1eaf23146480bbe3.rmeta"
"D. generated build output that should remain uncommitted","native/radar-ref/target/aarch64-linux-android/release/deps/libsha2-ec0c29be62054b51.rlib"
"D. generated build output that should remain uncommitted","native/radar-ref/target/aarch64-linux-android/release/deps/libsha2-ec0c29be62054b51.rmeta"
"D. generated build output that should remain uncommitted","native/radar-ref/target/aarch64-linux-android/release/deps/libsimd_adler32-693d7d24244db034.rlib"
"D. generated build output that should remain uncommitted","native/radar-ref/target/aarch64-linux-android/release/deps/libsimd_adler32-693d7d24244db034.rmeta"
"D. generated build output that should remain uncommitted","native/radar-ref/target/aarch64-linux-android/release/deps/libsmallvec-1ca3a720d7894594.rlib"
"D. generated build output that should remain uncommitted","native/radar-ref/target/aarch64-linux-android/release/deps/libsmallvec-1ca3a720d7894594.rmeta"
"D. generated build output that should remain uncommitted","native/radar-ref/target/aarch64-linux-android/release/deps/libstable_deref_trait-bfe25a773b8c21b3.rlib"
"D. generated build output that should remain uncommitted","native/radar-ref/target/aarch64-linux-android/release/deps/libstable_deref_trait-bfe25a773b8c21b3.rmeta"
"D. generated build output that should remain uncommitted","native/radar-ref/target/aarch64-linux-android/release/deps/libthiserror-80ded2bc6ea1cbd3.rlib"
"D. generated build output that should remain uncommitted","native/radar-ref/target/aarch64-linux-android/release/deps/libthiserror-80ded2bc6ea1cbd3.rmeta"
"D. generated build output that should remain uncommitted","native/radar-ref/target/aarch64-linux-android/release/deps/libthiserror-ded8bd96f10ab565.rlib"
"D. generated build output that should remain uncommitted","native/radar-ref/target/aarch64-linux-android/release/deps/libthiserror-ded8bd96f10ab565.rmeta"
"D. generated build output that should remain uncommitted","native/radar-ref/target/aarch64-linux-android/release/deps/libtiff-139c553bf021631a.rlib"
"D. generated build output that should remain uncommitted","native/radar-ref/target/aarch64-linux-android/release/deps/libtiff-139c553bf021631a.rmeta"
"D. generated build output that should remain uncommitted","native/radar-ref/target/aarch64-linux-android/release/deps/libtypenum-4fba8fb9a3982725.rlib"
"D. generated build output that should remain uncommitted","native/radar-ref/target/aarch64-linux-android/release/deps/libtypenum-4fba8fb9a3982725.rmeta"
"D. generated build output that should remain uncommitted","native/radar-ref/target/aarch64-linux-android/release/deps/libuom-ff16aa520f4a648d.rlib"
"D. generated build output that should remain uncommitted","native/radar-ref/target/aarch64-linux-android/release/deps/libuom-ff16aa520f4a648d.rmeta"
"D. generated build output that should remain uncommitted","native/radar-ref/target/aarch64-linux-android/release/deps/libv_frame-fdbd6788320405bf.rlib"
"D. generated build output that should remain uncommitted","native/radar-ref/target/aarch64-linux-android/release/deps/libv_frame-fdbd6788320405bf.rmeta"
"D. generated build output that should remain uncommitted","native/radar-ref/target/aarch64-linux-android/release/deps/libweezl-1b72445162e8f2b8.rlib"
"D. generated build output that should remain uncommitted","native/radar-ref/target/aarch64-linux-android/release/deps/libweezl-1b72445162e8f2b8.rmeta"
"D. generated build output that should remain uncommitted","native/radar-ref/target/aarch64-linux-android/release/deps/liby4m-a145d372fca4b118.rlib"
"D. generated build output that should remain uncommitted","native/radar-ref/target/aarch64-linux-android/release/deps/liby4m-a145d372fca4b118.rmeta"
"D. generated build output that should remain uncommitted","native/radar-ref/target/aarch64-linux-android/release/deps/libzerocopy-7d439a6f76cb3446.rlib"
"D. generated build output that should remain uncommitted","native/radar-ref/target/aarch64-linux-android/release/deps/libzerocopy-7d439a6f76cb3446.rmeta"
"D. generated build output that should remain uncommitted","native/radar-ref/target/aarch64-linux-android/release/deps/libzmij-d06b0b87cb18bca8.rlib"
"D. generated build output that should remain uncommitted","native/radar-ref/target/aarch64-linux-android/release/deps/libzmij-d06b0b87cb18bca8.rmeta"
"D. generated build output that should remain uncommitted","native/radar-ref/target/aarch64-linux-android/release/deps/libzune_core-2e5f437bcd7b1de8.rlib"
"D. generated build output that should remain uncommitted","native/radar-ref/target/aarch64-linux-android/release/deps/libzune_core-2e5f437bcd7b1de8.rmeta"
"D. generated build output that should remain uncommitted","native/radar-ref/target/aarch64-linux-android/release/deps/libzune_inflate-e6b82a8c70bc38dc.rlib"
"D. generated build output that should remain uncommitted","native/radar-ref/target/aarch64-linux-android/release/deps/libzune_inflate-e6b82a8c70bc38dc.rmeta"
"D. generated build output that should remain uncommitted","native/radar-ref/target/aarch64-linux-android/release/deps/libzune_jpeg-702f0e76f776824d.rlib"
"D. generated build output that should remain uncommitted","native/radar-ref/target/aarch64-linux-android/release/deps/libzune_jpeg-702f0e76f776824d.rmeta"
"D. generated build output that should remain uncommitted","native/radar-ref/target/aarch64-linux-android/release/deps/log-1b0e1834806ec796.d"
"D. generated build output that should remain uncommitted","native/radar-ref/target/aarch64-linux-android/release/deps/loop9-18939fabec6cc2fc.d"
"D. generated build output that should remain uncommitted","native/radar-ref/target/aarch64-linux-android/release/deps/maybe_rayon-6ccbaed6bc9b510a.d"
"D. generated build output that should remain uncommitted","native/radar-ref/target/aarch64-linux-android/release/deps/memchr-8a495a870d4cce03.d"
"D. generated build output that should remain uncommitted","native/radar-ref/target/aarch64-linux-android/release/deps/miniz_oxide-dc19ddfe86a02b39.d"
"D. generated build output that should remain uncommitted","native/radar-ref/target/aarch64-linux-android/release/deps/moxcms-8accce1d38f7c490.d"
"D. generated build output that should remain uncommitted","native/radar-ref/target/aarch64-linux-android/release/deps/nexrad_data-c63116597aa0d195.d"
"D. generated build output that should remain uncommitted","native/radar-ref/target/aarch64-linux-android/release/deps/nexrad_decode-684d2e37958ce78f.d"
"D. generated build output that should remain uncommitted","native/radar-ref/target/aarch64-linux-android/release/deps/nexrad_model-060dafa698904a76.d"
"D. generated build output that should remain uncommitted","native/radar-ref/target/aarch64-linux-android/release/deps/nexrad_render-2f8e4a909009bd4e.d"
"D. generated build output that should remain uncommitted","native/radar-ref/target/aarch64-linux-android/release/deps/no_std_io2-67c42f510e27d859.d"
"D. generated build output that should remain uncommitted","native/radar-ref/target/aarch64-linux-android/release/deps/nom-b469582f91de9a70.d"
"D. generated build output that should remain uncommitted","native/radar-ref/target/aarch64-linux-android/release/deps/num_bigint-7fae0b7bc5a8b8d7.d"
"D. generated build output that should remain uncommitted","native/radar-ref/target/aarch64-linux-android/release/deps/num_complex-3266590f27489b63.d"
"D. generated build output that should remain uncommitted","native/radar-ref/target/aarch64-linux-android/release/deps/num_integer-fcf602c48282cf6f.d"
"D. generated build output that should remain uncommitted","native/radar-ref/target/aarch64-linux-android/release/deps/num_rational-44354bc51e5bd481.d"
"D. generated build output that should remain uncommitted","native/radar-ref/target/aarch64-linux-android/release/deps/num_traits-f9f32b858598ff9f.d"
"D. generated build output that should remain uncommitted","native/radar-ref/target/aarch64-linux-android/release/deps/png-24112e0a317923f6.d"
"D. generated build output that should remain uncommitted","native/radar-ref/target/aarch64-linux-android/release/deps/profiling-ce0af2457f5ca07d.d"
"D. generated build output that should remain uncommitted","native/radar-ref/target/aarch64-linux-android/release/deps/pulp_wasm_simd_flag-89c3c67d2854c5e3.d"
"D. generated build output that should remain uncommitted","native/radar-ref/target/aarch64-linux-android/release/deps/pulp-b612dca2c4d37ecd.d"
"D. generated build output that should remain uncommitted","native/radar-ref/target/aarch64-linux-android/release/deps/pxfm-a6c127143c777fec.d"
"D. generated build output that should remain uncommitted","native/radar-ref/target/aarch64-linux-android/release/deps/qoi-8bab91ba37b02dff.d"
"D. generated build output that should remain uncommitted","native/radar-ref/target/aarch64-linux-android/release/deps/quick_error-4727bd6313b1a6ff.d"
"D. generated build output that should remain uncommitted","native/radar-ref/target/aarch64-linux-android/release/deps/rav1e-adb6df3760c755a4.d"
"D. generated build output that should remain uncommitted","native/radar-ref/target/aarch64-linux-android/release/deps/ravif-ac93a02a8cbca783.d"
"D. generated build output that should remain uncommitted","native/radar-ref/target/aarch64-linux-android/release/deps/rayon_core-0393dcc5d8855b9b.d"
"D. generated build output that should remain uncommitted","native/radar-ref/target/aarch64-linux-android/release/deps/rayon-4b60cac08a310f94.d"
"D. generated build output that should remain uncommitted","native/radar-ref/target/aarch64-linux-android/release/deps/reborrow-16e6fed85b3efef7.d"
"D. generated build output that should remain uncommitted","native/radar-ref/target/aarch64-linux-android/release/deps/rgb-115244e7c43f319c.d"
"D. generated build output that should remain uncommitted","native/radar-ref/target/aarch64-linux-android/release/deps/serde_core-a04d82c174d034cd.d"
"D. generated build output that should remain uncommitted","native/radar-ref/target/aarch64-linux-android/release/deps/serde_json-5f97d9a871b075b5.d"
"D. generated build output that should remain uncommitted","native/radar-ref/target/aarch64-linux-android/release/deps/serde-1eaf23146480bbe3.d"
"D. generated build output that should remain uncommitted","native/radar-ref/target/aarch64-linux-android/release/deps/sha2-ec0c29be62054b51.d"
"D. generated build output that should remain uncommitted","native/radar-ref/target/aarch64-linux-android/release/deps/simd_adler32-693d7d24244db034.d"
"D. generated build output that should remain uncommitted","native/radar-ref/target/aarch64-linux-android/release/deps/smallvec-1ca3a720d7894594.d"
"D. generated build output that should remain uncommitted","native/radar-ref/target/aarch64-linux-android/release/deps/stable_deref_trait-bfe25a773b8c21b3.d"
"D. generated build output that should remain uncommitted","native/radar-ref/target/aarch64-linux-android/release/deps/thiserror-80ded2bc6ea1cbd3.d"
"D. generated build output that should remain uncommitted","native/radar-ref/target/aarch64-linux-android/release/deps/thiserror-ded8bd96f10ab565.d"
"D. generated build output that should remain uncommitted","native/radar-ref/target/aarch64-linux-android/release/deps/tiff-139c553bf021631a.d"
"D. generated build output that should remain uncommitted","native/radar-ref/target/aarch64-linux-android/release/deps/typenum-4fba8fb9a3982725.d"
"D. generated build output that should remain uncommitted","native/radar-ref/target/aarch64-linux-android/release/deps/uom-ff16aa520f4a648d.d"
"D. generated build output that should remain uncommitted","native/radar-ref/target/aarch64-linux-android/release/deps/v_frame-fdbd6788320405bf.d"
"D. generated build output that should remain uncommitted","native/radar-ref/target/aarch64-linux-android/release/deps/weezl-1b72445162e8f2b8.d"
"D. generated build output that should remain uncommitted","native/radar-ref/target/aarch64-linux-android/release/deps/y4m-a145d372fca4b118.d"
"D. generated build output that should remain uncommitted","native/radar-ref/target/aarch64-linux-android/release/deps/zerocopy-7d439a6f76cb3446.d"
"D. generated build output that should remain uncommitted","native/radar-ref/target/aarch64-linux-android/release/deps/zmij-d06b0b87cb18bca8.d"
"D. generated build output that should remain uncommitted","native/radar-ref/target/aarch64-linux-android/release/deps/zune_core-2e5f437bcd7b1de8.d"
"D. generated build output that should remain uncommitted","native/radar-ref/target/aarch64-linux-android/release/deps/zune_inflate-e6b82a8c70bc38dc.d"
"D. generated build output that should remain uncommitted","native/radar-ref/target/aarch64-linux-android/release/deps/zune_jpeg-702f0e76f776824d.d"
"D. generated build output that should remain uncommitted","native/radar-ref/target/aarch64-linux-android/release/libcodeblack_radar.d"
"D. generated build output that should remain uncommitted","native/radar-ref/target/aarch64-linux-android/release/libcodeblack_radar.so"
"D. generated build output that should remain uncommitted","native/radar-ref/target/aarch64-linux-android/release/libcodeblack_radar_ref.d"
"D. generated build output that should remain uncommitted","native/radar-ref/target/aarch64-linux-android/release/libcodeblack_radar_ref.so"
"D. generated build output that should remain uncommitted","native/radar-ref/target/CACHEDIR.TAG"
"D. generated build output that should remain uncommitted","native/radar-ref/target/release/.cargo-artifact-lock"
"D. generated build output that should remain uncommitted","native/radar-ref/target/release/.cargo-build-lock"
"D. generated build output that should remain uncommitted","native/radar-ref/target/release/.cargo-lock"
"D. generated build output that should remain uncommitted","native/radar-ref/target/release/.fingerprint/anyhow-83a0dcb5f59cfd31/build-script-build-script-build"
"D. generated build output that should remain uncommitted","native/radar-ref/target/release/.fingerprint/anyhow-83a0dcb5f59cfd31/build-script-build-script-build.json"
"D. generated build output that should remain uncommitted","native/radar-ref/target/release/.fingerprint/anyhow-83a0dcb5f59cfd31/dep-build-script-build-script-build"
"D. generated build output that should remain uncommitted","native/radar-ref/target/release/.fingerprint/anyhow-83a0dcb5f59cfd31/invoked.timestamp"
"D. generated build output that should remain uncommitted","native/radar-ref/target/release/.fingerprint/arg_enum_proc_macro-3092e26512eb053a/dep-lib-arg_enum_proc_macro"
"D. generated build output that should remain uncommitted","native/radar-ref/target/release/.fingerprint/arg_enum_proc_macro-3092e26512eb053a/invoked.timestamp"
"D. generated build output that should remain uncommitted","native/radar-ref/target/release/.fingerprint/arg_enum_proc_macro-3092e26512eb053a/lib-arg_enum_proc_macro"
"D. generated build output that should remain uncommitted","native/radar-ref/target/release/.fingerprint/arg_enum_proc_macro-3092e26512eb053a/lib-arg_enum_proc_macro.json"
"D. generated build output that should remain uncommitted","native/radar-ref/target/release/.fingerprint/autocfg-cd490c0cc3e0f0a0/dep-lib-autocfg"
"D. generated build output that should remain uncommitted","native/radar-ref/target/release/.fingerprint/autocfg-cd490c0cc3e0f0a0/invoked.timestamp"
"D. generated build output that should remain uncommitted","native/radar-ref/target/release/.fingerprint/autocfg-cd490c0cc3e0f0a0/lib-autocfg"
"D. generated build output that should remain uncommitted","native/radar-ref/target/release/.fingerprint/autocfg-cd490c0cc3e0f0a0/lib-autocfg.json"
"D. generated build output that should remain uncommitted","native/radar-ref/target/release/.fingerprint/av-scenechange-a0c215f4356db12e/build-script-build-script-build"
"D. generated build output that should remain uncommitted","native/radar-ref/target/release/.fingerprint/av-scenechange-a0c215f4356db12e/build-script-build-script-build.json"
"D. generated build output that should remain uncommitted","native/radar-ref/target/release/.fingerprint/av-scenechange-a0c215f4356db12e/dep-build-script-build-script-build"
"D. generated build output that should remain uncommitted","native/radar-ref/target/release/.fingerprint/av-scenechange-a0c215f4356db12e/invoked.timestamp"
"D. generated build output that should remain uncommitted","native/radar-ref/target/release/.fingerprint/built-678ace74d1623c7f/dep-lib-built"
"D. generated build output that should remain uncommitted","native/radar-ref/target/release/.fingerprint/built-678ace74d1623c7f/invoked.timestamp"
"D. generated build output that should remain uncommitted","native/radar-ref/target/release/.fingerprint/built-678ace74d1623c7f/lib-built"
"D. generated build output that should remain uncommitted","native/radar-ref/target/release/.fingerprint/built-678ace74d1623c7f/lib-built.json"
"D. generated build output that should remain uncommitted","native/radar-ref/target/release/.fingerprint/crc32fast-628658b17efc12f1/build-script-build-script-build"
"D. generated build output that should remain uncommitted","native/radar-ref/target/release/.fingerprint/crc32fast-628658b17efc12f1/build-script-build-script-build.json"
"D. generated build output that should remain uncommitted","native/radar-ref/target/release/.fingerprint/crc32fast-628658b17efc12f1/dep-build-script-build-script-build"
"D. generated build output that should remain uncommitted","native/radar-ref/target/release/.fingerprint/crc32fast-628658b17efc12f1/invoked.timestamp"
"D. generated build output that should remain uncommitted","native/radar-ref/target/release/.fingerprint/crossbeam-deque-5aead5ad910c2d00/build-script-build-script-build"
"D. generated build output that should remain uncommitted","native/radar-ref/target/release/.fingerprint/crossbeam-deque-5aead5ad910c2d00/build-script-build-script-build.json"
"D. generated build output that should remain uncommitted","native/radar-ref/target/release/.fingerprint/crossbeam-deque-5aead5ad910c2d00/dep-build-script-build-script-build"
"D. generated build output that should remain uncommitted","native/radar-ref/target/release/.fingerprint/crossbeam-deque-5aead5ad910c2d00/invoked.timestamp"
"D. generated build output that should remain uncommitted","native/radar-ref/target/release/.fingerprint/crossbeam-epoch-2e47d961246a7bd5/build-script-build-script-build"
"D. generated build output that should remain uncommitted","native/radar-ref/target/release/.fingerprint/crossbeam-epoch-2e47d961246a7bd5/build-script-build-script-build.json"
"D. generated build output that should remain uncommitted","native/radar-ref/target/release/.fingerprint/crossbeam-epoch-2e47d961246a7bd5/dep-build-script-build-script-build"
"D. generated build output that should remain uncommitted","native/radar-ref/target/release/.fingerprint/crossbeam-epoch-2e47d961246a7bd5/invoked.timestamp"
"D. generated build output that should remain uncommitted","native/radar-ref/target/release/.fingerprint/crossbeam-utils-181100076aa156f3/build-script-build-script-build"
"D. generated build output that should remain uncommitted","native/radar-ref/target/release/.fingerprint/crossbeam-utils-181100076aa156f3/build-script-build-script-build.json"
"D. generated build output that should remain uncommitted","native/radar-ref/target/release/.fingerprint/crossbeam-utils-181100076aa156f3/dep-build-script-build-script-build"
"D. generated build output that should remain uncommitted","native/radar-ref/target/release/.fingerprint/crossbeam-utils-181100076aa156f3/invoked.timestamp"
"D. generated build output that should remain uncommitted","native/radar-ref/target/release/.fingerprint/equator-macro-1c53a38a73e83ed5/dep-lib-equator_macro"
"D. generated build output that should remain uncommitted","native/radar-ref/target/release/.fingerprint/equator-macro-1c53a38a73e83ed5/invoked.timestamp"
"D. generated build output that should remain uncommitted","native/radar-ref/target/release/.fingerprint/equator-macro-1c53a38a73e83ed5/lib-equator_macro"
"D. generated build output that should remain uncommitted","native/radar-ref/target/release/.fingerprint/equator-macro-1c53a38a73e83ed5/lib-equator_macro.json"
"D. generated build output that should remain uncommitted","native/radar-ref/target/release/.fingerprint/generic-array-68de86ce7a7d1bc4/build-script-build-script-build"
"D. generated build output that should remain uncommitted","native/radar-ref/target/release/.fingerprint/generic-array-68de86ce7a7d1bc4/build-script-build-script-build.json"
"D. generated build output that should remain uncommitted","native/radar-ref/target/release/.fingerprint/generic-array-68de86ce7a7d1bc4/dep-build-script-build-script-build"
"D. generated build output that should remain uncommitted","native/radar-ref/target/release/.fingerprint/generic-array-68de86ce7a7d1bc4/invoked.timestamp"
"D. generated build output that should remain uncommitted","native/radar-ref/target/release/.fingerprint/jni-sys-569a4e533fc50f77/build-script-build-script-build"
"D. generated build output that should remain uncommitted","native/radar-ref/target/release/.fingerprint/jni-sys-569a4e533fc50f77/build-script-build-script-build.json"
"D. generated build output that should remain uncommitted","native/radar-ref/target/release/.fingerprint/jni-sys-569a4e533fc50f77/dep-build-script-build-script-build"
"D. generated build output that should remain uncommitted","native/radar-ref/target/release/.fingerprint/jni-sys-569a4e533fc50f77/invoked.timestamp"
"D. generated build output that should remain uncommitted","native/radar-ref/target/release/.fingerprint/jni-sys-macros-7a8cfa81e6f593f8/dep-lib-jni_sys_macros"
"D. generated build output that should remain uncommitted","native/radar-ref/target/release/.fingerprint/jni-sys-macros-7a8cfa81e6f593f8/invoked.timestamp"
"D. generated build output that should remain uncommitted","native/radar-ref/target/release/.fingerprint/jni-sys-macros-7a8cfa81e6f593f8/lib-jni_sys_macros"
"D. generated build output that should remain uncommitted","native/radar-ref/target/release/.fingerprint/jni-sys-macros-7a8cfa81e6f593f8/lib-jni_sys_macros.json"
"D. generated build output that should remain uncommitted","native/radar-ref/target/release/.fingerprint/libc-86cccd99386cc328/build-script-build-script-build"
"D. generated build output that should remain uncommitted","native/radar-ref/target/release/.fingerprint/libc-86cccd99386cc328/build-script-build-script-build.json"
"D. generated build output that should remain uncommitted","native/radar-ref/target/release/.fingerprint/libc-86cccd99386cc328/dep-build-script-build-script-build"
"D. generated build output that should remain uncommitted","native/radar-ref/target/release/.fingerprint/libc-86cccd99386cc328/invoked.timestamp"
"D. generated build output that should remain uncommitted","native/radar-ref/target/release/.fingerprint/libm-e5db7d186f33eeb2/build-script-build-script-build"
"D. generated build output that should remain uncommitted","native/radar-ref/target/release/.fingerprint/libm-e5db7d186f33eeb2/build-script-build-script-build.json"
"D. generated build output that should remain uncommitted","native/radar-ref/target/release/.fingerprint/libm-e5db7d186f33eeb2/dep-build-script-build-script-build"
"D. generated build output that should remain uncommitted","native/radar-ref/target/release/.fingerprint/libm-e5db7d186f33eeb2/invoked.timestamp"
"D. generated build output that should remain uncommitted","native/radar-ref/target/release/.fingerprint/noop_proc_macro-78c80edd2d049a92/dep-lib-noop_proc_macro"
"D. generated build output that should remain uncommitted","native/radar-ref/target/release/.fingerprint/noop_proc_macro-78c80edd2d049a92/invoked.timestamp"
"D. generated build output that should remain uncommitted","native/radar-ref/target/release/.fingerprint/noop_proc_macro-78c80edd2d049a92/lib-noop_proc_macro"
"D. generated build output that should remain uncommitted","native/radar-ref/target/release/.fingerprint/noop_proc_macro-78c80edd2d049a92/lib-noop_proc_macro.json"
"D. generated build output that should remain uncommitted","native/radar-ref/target/release/.fingerprint/num-derive-19ee2e29ac2a7353/dep-lib-num_derive"
"D. generated build output that should remain uncommitted","native/radar-ref/target/release/.fingerprint/num-derive-19ee2e29ac2a7353/invoked.timestamp"
"D. generated build output that should remain uncommitted","native/radar-ref/target/release/.fingerprint/num-derive-19ee2e29ac2a7353/lib-num_derive"
"D. generated build output that should remain uncommitted","native/radar-ref/target/release/.fingerprint/num-derive-19ee2e29ac2a7353/lib-num_derive.json"
"D. generated build output that should remain uncommitted","native/radar-ref/target/release/.fingerprint/num-traits-b0e074cc7db47925/build-script-build-script-build"
"D. generated build output that should remain uncommitted","native/radar-ref/target/release/.fingerprint/num-traits-b0e074cc7db47925/build-script-build-script-build.json"
"D. generated build output that should remain uncommitted","native/radar-ref/target/release/.fingerprint/num-traits-b0e074cc7db47925/dep-build-script-build-script-build"
"D. generated build output that should remain uncommitted","native/radar-ref/target/release/.fingerprint/num-traits-b0e074cc7db47925/invoked.timestamp"
"D. generated build output that should remain uncommitted","native/radar-ref/target/release/.fingerprint/paste-2e5f491153807f25/dep-lib-paste"
"D. generated build output that should remain uncommitted","native/radar-ref/target/release/.fingerprint/paste-2e5f491153807f25/invoked.timestamp"
"D. generated build output that should remain uncommitted","native/radar-ref/target/release/.fingerprint/paste-2e5f491153807f25/lib-paste"
"D. generated build output that should remain uncommitted","native/radar-ref/target/release/.fingerprint/paste-2e5f491153807f25/lib-paste.json"
"D. generated build output that should remain uncommitted","native/radar-ref/target/release/.fingerprint/paste-49744427390137dc/run-build-script-build-script-build"
"D. generated build output that should remain uncommitted","native/radar-ref/target/release/.fingerprint/paste-49744427390137dc/run-build-script-build-script-build.json"
"D. generated build output that should remain uncommitted","native/radar-ref/target/release/.fingerprint/paste-985dfc866dec0017/build-script-build-script-build"
"D. generated build output that should remain uncommitted","native/radar-ref/target/release/.fingerprint/paste-985dfc866dec0017/build-script-build-script-build.json"
"D. generated build output that should remain uncommitted","native/radar-ref/target/release/.fingerprint/paste-985dfc866dec0017/dep-build-script-build-script-build"
"D. generated build output that should remain uncommitted","native/radar-ref/target/release/.fingerprint/paste-985dfc866dec0017/invoked.timestamp"
"D. generated build output that should remain uncommitted","native/radar-ref/target/release/.fingerprint/pastey-d32cd66eae31a00f/dep-lib-pastey"
"D. generated build output that should remain uncommitted","native/radar-ref/target/release/.fingerprint/pastey-d32cd66eae31a00f/invoked.timestamp"
"D. generated build output that should remain uncommitted","native/radar-ref/target/release/.fingerprint/pastey-d32cd66eae31a00f/lib-pastey"
"D. generated build output that should remain uncommitted","native/radar-ref/target/release/.fingerprint/pastey-d32cd66eae31a00f/lib-pastey.json"
"D. generated build output that should remain uncommitted","native/radar-ref/target/release/.fingerprint/proc-macro2-0998db0882a08eda/dep-lib-proc_macro2"
"D. generated build output that should remain uncommitted","native/radar-ref/target/release/.fingerprint/proc-macro2-0998db0882a08eda/invoked.timestamp"
"D. generated build output that should remain uncommitted","native/radar-ref/target/release/.fingerprint/proc-macro2-0998db0882a08eda/lib-proc_macro2"
"D. generated build output that should remain uncommitted","native/radar-ref/target/release/.fingerprint/proc-macro2-0998db0882a08eda/lib-proc_macro2.json"
"D. generated build output that should remain uncommitted","native/radar-ref/target/release/.fingerprint/proc-macro2-361d56bb242a563b/run-build-script-build-script-build"
"D. generated build output that should remain uncommitted","native/radar-ref/target/release/.fingerprint/proc-macro2-361d56bb242a563b/run-build-script-build-script-build.json"
"D. generated build output that should remain uncommitted","native/radar-ref/target/release/.fingerprint/proc-macro2-b434ac223649143c/build-script-build-script-build"
"D. generated build output that should remain uncommitted","native/radar-ref/target/release/.fingerprint/proc-macro2-b434ac223649143c/build-script-build-script-build.json"
"D. generated build output that should remain uncommitted","native/radar-ref/target/release/.fingerprint/proc-macro2-b434ac223649143c/dep-build-script-build-script-build"
"D. generated build output that should remain uncommitted","native/radar-ref/target/release/.fingerprint/proc-macro2-b434ac223649143c/invoked.timestamp"
"D. generated build output that should remain uncommitted","native/radar-ref/target/release/.fingerprint/profiling-procmacros-b4669c2f9538e58a/dep-lib-profiling_procmacros"
"D. generated build output that should remain uncommitted","native/radar-ref/target/release/.fingerprint/profiling-procmacros-b4669c2f9538e58a/invoked.timestamp"
"D. generated build output that should remain uncommitted","native/radar-ref/target/release/.fingerprint/profiling-procmacros-b4669c2f9538e58a/lib-profiling_procmacros"
"D. generated build output that should remain uncommitted","native/radar-ref/target/release/.fingerprint/profiling-procmacros-b4669c2f9538e58a/lib-profiling_procmacros.json"
"D. generated build output that should remain uncommitted","native/radar-ref/target/release/.fingerprint/pulp-8256220f3a36292d/build-script-build-script-build"
"D. generated build output that should remain uncommitted","native/radar-ref/target/release/.fingerprint/pulp-8256220f3a36292d/build-script-build-script-build.json"
"D. generated build output that should remain uncommitted","native/radar-ref/target/release/.fingerprint/pulp-8256220f3a36292d/dep-build-script-build-script-build"
"D. generated build output that should remain uncommitted","native/radar-ref/target/release/.fingerprint/pulp-8256220f3a36292d/invoked.timestamp"
"D. generated build output that should remain uncommitted","native/radar-ref/target/release/.fingerprint/quote-3c190399b9a4f056/run-build-script-build-script-build"
"D. generated build output that should remain uncommitted","native/radar-ref/target/release/.fingerprint/quote-3c190399b9a4f056/run-build-script-build-script-build.json"
"D. generated build output that should remain uncommitted","native/radar-ref/target/release/.fingerprint/quote-66c935687517eb75/dep-lib-quote"
"D. generated build output that should remain uncommitted","native/radar-ref/target/release/.fingerprint/quote-66c935687517eb75/invoked.timestamp"
"D. generated build output that should remain uncommitted","native/radar-ref/target/release/.fingerprint/quote-66c935687517eb75/lib-quote"
"D. generated build output that should remain uncommitted","native/radar-ref/target/release/.fingerprint/quote-66c935687517eb75/lib-quote.json"
"D. generated build output that should remain uncommitted","native/radar-ref/target/release/.fingerprint/quote-6a674085dafc6fc4/build-script-build-script-build"
"D. generated build output that should remain uncommitted","native/radar-ref/target/release/.fingerprint/quote-6a674085dafc6fc4/build-script-build-script-build.json"
"D. generated build output that should remain uncommitted","native/radar-ref/target/release/.fingerprint/quote-6a674085dafc6fc4/dep-build-script-build-script-build"
"D. generated build output that should remain uncommitted","native/radar-ref/target/release/.fingerprint/quote-6a674085dafc6fc4/invoked.timestamp"
"D. generated build output that should remain uncommitted","native/radar-ref/target/release/.fingerprint/rav1e-875bdfa56d0cb1ba/build-script-build-script-build"
"D. generated build output that should remain uncommitted","native/radar-ref/target/release/.fingerprint/rav1e-875bdfa56d0cb1ba/build-script-build-script-build.json"
"D. generated build output that should remain uncommitted","native/radar-ref/target/release/.fingerprint/rav1e-875bdfa56d0cb1ba/dep-build-script-build-script-build"
"D. generated build output that should remain uncommitted","native/radar-ref/target/release/.fingerprint/rav1e-875bdfa56d0cb1ba/invoked.timestamp"
"D. generated build output that should remain uncommitted","native/radar-ref/target/release/.fingerprint/rayon-core-0f16d08216244af0/build-script-build-script-build"
"D. generated build output that should remain uncommitted","native/radar-ref/target/release/.fingerprint/rayon-core-0f16d08216244af0/build-script-build-script-build.json"
"D. generated build output that should remain uncommitted","native/radar-ref/target/release/.fingerprint/rayon-core-0f16d08216244af0/dep-build-script-build-script-build"
"D. generated build output that should remain uncommitted","native/radar-ref/target/release/.fingerprint/rayon-core-0f16d08216244af0/invoked.timestamp"
"D. generated build output that should remain uncommitted","native/radar-ref/target/release/.fingerprint/serde_core-991e47b94a7a5086/build-script-build-script-build"
"D. generated build output that should remain uncommitted","native/radar-ref/target/release/.fingerprint/serde_core-991e47b94a7a5086/build-script-build-script-build.json"
"D. generated build output that should remain uncommitted","native/radar-ref/target/release/.fingerprint/serde_core-991e47b94a7a5086/dep-build-script-build-script-build"
"D. generated build output that should remain uncommitted","native/radar-ref/target/release/.fingerprint/serde_core-991e47b94a7a5086/invoked.timestamp"
"D. generated build output that should remain uncommitted","native/radar-ref/target/release/.fingerprint/serde_derive-fd5669377a4675d3/dep-lib-serde_derive"
"D. generated build output that should remain uncommitted","native/radar-ref/target/release/.fingerprint/serde_derive-fd5669377a4675d3/invoked.timestamp"
"D. generated build output that should remain uncommitted","native/radar-ref/target/release/.fingerprint/serde_derive-fd5669377a4675d3/lib-serde_derive"
"D. generated build output that should remain uncommitted","native/radar-ref/target/release/.fingerprint/serde_derive-fd5669377a4675d3/lib-serde_derive.json"
"D. generated build output that should remain uncommitted","native/radar-ref/target/release/.fingerprint/serde_json-82a0e3ecd23b1092/build-script-build-script-build"
"D. generated build output that should remain uncommitted","native/radar-ref/target/release/.fingerprint/serde_json-82a0e3ecd23b1092/build-script-build-script-build.json"
"D. generated build output that should remain uncommitted","native/radar-ref/target/release/.fingerprint/serde_json-82a0e3ecd23b1092/dep-build-script-build-script-build"
"D. generated build output that should remain uncommitted","native/radar-ref/target/release/.fingerprint/serde_json-82a0e3ecd23b1092/invoked.timestamp"
"D. generated build output that should remain uncommitted","native/radar-ref/target/release/.fingerprint/serde-455fddb0de7ed8db/build-script-build-script-build"
"D. generated build output that should remain uncommitted","native/radar-ref/target/release/.fingerprint/serde-455fddb0de7ed8db/build-script-build-script-build.json"
"D. generated build output that should remain uncommitted","native/radar-ref/target/release/.fingerprint/serde-455fddb0de7ed8db/dep-build-script-build-script-build"
"D. generated build output that should remain uncommitted","native/radar-ref/target/release/.fingerprint/serde-455fddb0de7ed8db/invoked.timestamp"
"D. generated build output that should remain uncommitted","native/radar-ref/target/release/.fingerprint/simd_helpers-5bd855caafa7edfe/dep-lib-simd_helpers"
"D. generated build output that should remain uncommitted","native/radar-ref/target/release/.fingerprint/simd_helpers-5bd855caafa7edfe/invoked.timestamp"
"D. generated build output that should remain uncommitted","native/radar-ref/target/release/.fingerprint/simd_helpers-5bd855caafa7edfe/lib-simd_helpers"
"D. generated build output that should remain uncommitted","native/radar-ref/target/release/.fingerprint/simd_helpers-5bd855caafa7edfe/lib-simd_helpers.json"
"D. generated build output that should remain uncommitted","native/radar-ref/target/release/.fingerprint/syn-494ecbfe81afba62/dep-lib-syn"
"D. generated build output that should remain uncommitted","native/radar-ref/target/release/.fingerprint/syn-494ecbfe81afba62/invoked.timestamp"
"D. generated build output that should remain uncommitted","native/radar-ref/target/release/.fingerprint/syn-494ecbfe81afba62/lib-syn"
"D. generated build output that should remain uncommitted","native/radar-ref/target/release/.fingerprint/syn-494ecbfe81afba62/lib-syn.json"
"D. generated build output that should remain uncommitted","native/radar-ref/target/release/.fingerprint/syn-52685eaf22f81a60/dep-lib-syn"
"D. generated build output that should remain uncommitted","native/radar-ref/target/release/.fingerprint/syn-52685eaf22f81a60/invoked.timestamp"
"D. generated build output that should remain uncommitted","native/radar-ref/target/release/.fingerprint/syn-52685eaf22f81a60/lib-syn"
"D. generated build output that should remain uncommitted","native/radar-ref/target/release/.fingerprint/syn-52685eaf22f81a60/lib-syn.json"
"D. generated build output that should remain uncommitted","native/radar-ref/target/release/.fingerprint/thiserror-24b191117af04cfb/build-script-build-script-build"
"D. generated build output that should remain uncommitted","native/radar-ref/target/release/.fingerprint/thiserror-24b191117af04cfb/build-script-build-script-build.json"
"D. generated build output that should remain uncommitted","native/radar-ref/target/release/.fingerprint/thiserror-24b191117af04cfb/dep-build-script-build-script-build"
"D. generated build output that should remain uncommitted","native/radar-ref/target/release/.fingerprint/thiserror-24b191117af04cfb/invoked.timestamp"
"D. generated build output that should remain uncommitted","native/radar-ref/target/release/.fingerprint/thiserror-7d8d278c5ae66c9d/build-script-build-script-build"
"D. generated build output that should remain uncommitted","native/radar-ref/target/release/.fingerprint/thiserror-7d8d278c5ae66c9d/build-script-build-script-build.json"
"D. generated build output that should remain uncommitted","native/radar-ref/target/release/.fingerprint/thiserror-7d8d278c5ae66c9d/dep-build-script-build-script-build"
"D. generated build output that should remain uncommitted","native/radar-ref/target/release/.fingerprint/thiserror-7d8d278c5ae66c9d/invoked.timestamp"
"D. generated build output that should remain uncommitted","native/radar-ref/target/release/.fingerprint/thiserror-impl-ddabdd1184bbece7/dep-lib-thiserror_impl"
"D. generated build output that should remain uncommitted","native/radar-ref/target/release/.fingerprint/thiserror-impl-ddabdd1184bbece7/invoked.timestamp"
"D. generated build output that should remain uncommitted","native/radar-ref/target/release/.fingerprint/thiserror-impl-ddabdd1184bbece7/lib-thiserror_impl"
"D. generated build output that should remain uncommitted","native/radar-ref/target/release/.fingerprint/thiserror-impl-ddabdd1184bbece7/lib-thiserror_impl.json"
"D. generated build output that should remain uncommitted","native/radar-ref/target/release/.fingerprint/thiserror-impl-f2784637a031c891/dep-lib-thiserror_impl"
"D. generated build output that should remain uncommitted","native/radar-ref/target/release/.fingerprint/thiserror-impl-f2784637a031c891/invoked.timestamp"
"D. generated build output that should remain uncommitted","native/radar-ref/target/release/.fingerprint/thiserror-impl-f2784637a031c891/lib-thiserror_impl"
"D. generated build output that should remain uncommitted","native/radar-ref/target/release/.fingerprint/thiserror-impl-f2784637a031c891/lib-thiserror_impl.json"
"D. generated build output that should remain uncommitted","native/radar-ref/target/release/.fingerprint/unicode-ident-eb63e0f26c8cf3b2/dep-lib-unicode_ident"
"D. generated build output that should remain uncommitted","native/radar-ref/target/release/.fingerprint/unicode-ident-eb63e0f26c8cf3b2/invoked.timestamp"
"D. generated build output that should remain uncommitted","native/radar-ref/target/release/.fingerprint/unicode-ident-eb63e0f26c8cf3b2/lib-unicode_ident"
"D. generated build output that should remain uncommitted","native/radar-ref/target/release/.fingerprint/unicode-ident-eb63e0f26c8cf3b2/lib-unicode_ident.json"
"D. generated build output that should remain uncommitted","native/radar-ref/target/release/.fingerprint/version_check-b85d6df5f31495fb/dep-lib-version_check"
"D. generated build output that should remain uncommitted","native/radar-ref/target/release/.fingerprint/version_check-b85d6df5f31495fb/invoked.timestamp"
"D. generated build output that should remain uncommitted","native/radar-ref/target/release/.fingerprint/version_check-b85d6df5f31495fb/lib-version_check"
"D. generated build output that should remain uncommitted","native/radar-ref/target/release/.fingerprint/version_check-b85d6df5f31495fb/lib-version_check.json"
"D. generated build output that should remain uncommitted","native/radar-ref/target/release/.fingerprint/zerocopy-derive-fe9c6ca21c4168ee/dep-lib-zerocopy_derive"
"D. generated build output that should remain uncommitted","native/radar-ref/target/release/.fingerprint/zerocopy-derive-fe9c6ca21c4168ee/invoked.timestamp"
"D. generated build output that should remain uncommitted","native/radar-ref/target/release/.fingerprint/zerocopy-derive-fe9c6ca21c4168ee/lib-zerocopy_derive"
"D. generated build output that should remain uncommitted","native/radar-ref/target/release/.fingerprint/zerocopy-derive-fe9c6ca21c4168ee/lib-zerocopy_derive.json"
"D. generated build output that should remain uncommitted","native/radar-ref/target/release/.fingerprint/zerocopy-f6c5feb970dbfa0a/build-script-build-script-build"
"D. generated build output that should remain uncommitted","native/radar-ref/target/release/.fingerprint/zerocopy-f6c5feb970dbfa0a/build-script-build-script-build.json"
"D. generated build output that should remain uncommitted","native/radar-ref/target/release/.fingerprint/zerocopy-f6c5feb970dbfa0a/dep-build-script-build-script-build"
"D. generated build output that should remain uncommitted","native/radar-ref/target/release/.fingerprint/zerocopy-f6c5feb970dbfa0a/invoked.timestamp"
"D. generated build output that should remain uncommitted","native/radar-ref/target/release/.fingerprint/zmij-0ad1e4f91df8c19a/build-script-build-script-build"
"D. generated build output that should remain uncommitted","native/radar-ref/target/release/.fingerprint/zmij-0ad1e4f91df8c19a/build-script-build-script-build.json"
"D. generated build output that should remain uncommitted","native/radar-ref/target/release/.fingerprint/zmij-0ad1e4f91df8c19a/dep-build-script-build-script-build"
"D. generated build output that should remain uncommitted","native/radar-ref/target/release/.fingerprint/zmij-0ad1e4f91df8c19a/invoked.timestamp"
"D. generated build output that should remain uncommitted","native/radar-ref/target/release/build/anyhow-83a0dcb5f59cfd31/build_script_build-83a0dcb5f59cfd31.d"
"D. generated build output that should remain uncommitted","native/radar-ref/target/release/build/anyhow-83a0dcb5f59cfd31/build_script_build-83a0dcb5f59cfd31.exe"
"D. generated build output that should remain uncommitted","native/radar-ref/target/release/build/anyhow-83a0dcb5f59cfd31/build-script-build.exe"
"D. generated build output that should remain uncommitted","native/radar-ref/target/release/build/av-scenechange-a0c215f4356db12e/build_script_build-a0c215f4356db12e.d"
"D. generated build output that should remain uncommitted","native/radar-ref/target/release/build/av-scenechange-a0c215f4356db12e/build_script_build-a0c215f4356db12e.exe"
"D. generated build output that should remain uncommitted","native/radar-ref/target/release/build/av-scenechange-a0c215f4356db12e/build-script-build.exe"
"D. generated build output that should remain uncommitted","native/radar-ref/target/release/build/crc32fast-628658b17efc12f1/build_script_build-628658b17efc12f1.d"
"D. generated build output that should remain uncommitted","native/radar-ref/target/release/build/crc32fast-628658b17efc12f1/build_script_build-628658b17efc12f1.exe"
"D. generated build output that should remain uncommitted","native/radar-ref/target/release/build/crc32fast-628658b17efc12f1/build-script-build.exe"
"D. generated build output that should remain uncommitted","native/radar-ref/target/release/build/crossbeam-deque-5aead5ad910c2d00/build_script_build-5aead5ad910c2d00.d"
"D. generated build output that should remain uncommitted","native/radar-ref/target/release/build/crossbeam-deque-5aead5ad910c2d00/build_script_build-5aead5ad910c2d00.exe"
"D. generated build output that should remain uncommitted","native/radar-ref/target/release/build/crossbeam-deque-5aead5ad910c2d00/build-script-build.exe"
"D. generated build output that should remain uncommitted","native/radar-ref/target/release/build/crossbeam-epoch-2e47d961246a7bd5/build_script_build-2e47d961246a7bd5.d"
"D. generated build output that should remain uncommitted","native/radar-ref/target/release/build/crossbeam-epoch-2e47d961246a7bd5/build_script_build-2e47d961246a7bd5.exe"
"D. generated build output that should remain uncommitted","native/radar-ref/target/release/build/crossbeam-epoch-2e47d961246a7bd5/build-script-build.exe"
"D. generated build output that should remain uncommitted","native/radar-ref/target/release/build/crossbeam-utils-181100076aa156f3/build_script_build-181100076aa156f3.d"
"D. generated build output that should remain uncommitted","native/radar-ref/target/release/build/crossbeam-utils-181100076aa156f3/build_script_build-181100076aa156f3.exe"
"D. generated build output that should remain uncommitted","native/radar-ref/target/release/build/crossbeam-utils-181100076aa156f3/build-script-build.exe"
"D. generated build output that should remain uncommitted","native/radar-ref/target/release/build/generic-array-68de86ce7a7d1bc4/build_script_build-68de86ce7a7d1bc4.d"
"D. generated build output that should remain uncommitted","native/radar-ref/target/release/build/generic-array-68de86ce7a7d1bc4/build_script_build-68de86ce7a7d1bc4.exe"
"D. generated build output that should remain uncommitted","native/radar-ref/target/release/build/generic-array-68de86ce7a7d1bc4/build-script-build.exe"
"D. generated build output that should remain uncommitted","native/radar-ref/target/release/build/jni-sys-569a4e533fc50f77/build_script_build-569a4e533fc50f77.d"
"D. generated build output that should remain uncommitted","native/radar-ref/target/release/build/jni-sys-569a4e533fc50f77/build_script_build-569a4e533fc50f77.exe"
"D. generated build output that should remain uncommitted","native/radar-ref/target/release/build/jni-sys-569a4e533fc50f77/build-script-build.exe"
"D. generated build output that should remain uncommitted","native/radar-ref/target/release/build/libc-86cccd99386cc328/build_script_build-86cccd99386cc328.d"
"D. generated build output that should remain uncommitted","native/radar-ref/target/release/build/libc-86cccd99386cc328/build_script_build-86cccd99386cc328.exe"
"D. generated build output that should remain uncommitted","native/radar-ref/target/release/build/libc-86cccd99386cc328/build-script-build.exe"
"D. generated build output that should remain uncommitted","native/radar-ref/target/release/build/libm-e5db7d186f33eeb2/build_script_build-e5db7d186f33eeb2.d"
"D. generated build output that should remain uncommitted","native/radar-ref/target/release/build/libm-e5db7d186f33eeb2/build_script_build-e5db7d186f33eeb2.exe"
"D. generated build output that should remain uncommitted","native/radar-ref/target/release/build/libm-e5db7d186f33eeb2/build-script-build.exe"
"D. generated build output that should remain uncommitted","native/radar-ref/target/release/build/num-traits-b0e074cc7db47925/build_script_build-b0e074cc7db47925.d"
"D. generated build output that should remain uncommitted","native/radar-ref/target/release/build/num-traits-b0e074cc7db47925/build_script_build-b0e074cc7db47925.exe"
"D. generated build output that should remain uncommitted","native/radar-ref/target/release/build/num-traits-b0e074cc7db47925/build-script-build.exe"
"D. generated build output that should remain uncommitted","native/radar-ref/target/release/build/paste-49744427390137dc/invoked.timestamp"
"D. generated build output that should remain uncommitted","native/radar-ref/target/release/build/paste-49744427390137dc/output"
"D. generated build output that should remain uncommitted","native/radar-ref/target/release/build/paste-49744427390137dc/root-output"
"D. generated build output that should remain uncommitted","native/radar-ref/target/release/build/paste-49744427390137dc/stderr"
"D. generated build output that should remain uncommitted","native/radar-ref/target/release/build/paste-985dfc866dec0017/build_script_build-985dfc866dec0017.d"
"D. generated build output that should remain uncommitted","native/radar-ref/target/release/build/paste-985dfc866dec0017/build_script_build-985dfc866dec0017.exe"
"D. generated build output that should remain uncommitted","native/radar-ref/target/release/build/paste-985dfc866dec0017/build-script-build.exe"
"D. generated build output that should remain uncommitted","native/radar-ref/target/release/build/proc-macro2-361d56bb242a563b/invoked.timestamp"
"D. generated build output that should remain uncommitted","native/radar-ref/target/release/build/proc-macro2-361d56bb242a563b/output"
"D. generated build output that should remain uncommitted","native/radar-ref/target/release/build/proc-macro2-361d56bb242a563b/root-output"
"D. generated build output that should remain uncommitted","native/radar-ref/target/release/build/proc-macro2-361d56bb242a563b/stderr"
"D. generated build output that should remain uncommitted","native/radar-ref/target/release/build/proc-macro2-b434ac223649143c/build_script_build-b434ac223649143c.d"
"D. generated build output that should remain uncommitted","native/radar-ref/target/release/build/proc-macro2-b434ac223649143c/build_script_build-b434ac223649143c.exe"
"D. generated build output that should remain uncommitted","native/radar-ref/target/release/build/proc-macro2-b434ac223649143c/build-script-build.exe"
"D. generated build output that should remain uncommitted","native/radar-ref/target/release/build/pulp-8256220f3a36292d/build_script_build-8256220f3a36292d.d"
"D. generated build output that should remain uncommitted","native/radar-ref/target/release/build/pulp-8256220f3a36292d/build_script_build-8256220f3a36292d.exe"
"D. generated build output that should remain uncommitted","native/radar-ref/target/release/build/pulp-8256220f3a36292d/build-script-build.exe"
"D. generated build output that should remain uncommitted","native/radar-ref/target/release/build/quote-3c190399b9a4f056/invoked.timestamp"
"D. generated build output that should remain uncommitted","native/radar-ref/target/release/build/quote-3c190399b9a4f056/output"
"D. generated build output that should remain uncommitted","native/radar-ref/target/release/build/quote-3c190399b9a4f056/root-output"
"D. generated build output that should remain uncommitted","native/radar-ref/target/release/build/quote-3c190399b9a4f056/stderr"
"D. generated build output that should remain uncommitted","native/radar-ref/target/release/build/quote-6a674085dafc6fc4/build_script_build-6a674085dafc6fc4.d"
"D. generated build output that should remain uncommitted","native/radar-ref/target/release/build/quote-6a674085dafc6fc4/build_script_build-6a674085dafc6fc4.exe"
"D. generated build output that should remain uncommitted","native/radar-ref/target/release/build/quote-6a674085dafc6fc4/build-script-build.exe"
"D. generated build output that should remain uncommitted","native/radar-ref/target/release/build/rav1e-875bdfa56d0cb1ba/build_script_build-875bdfa56d0cb1ba.d"
"D. generated build output that should remain uncommitted","native/radar-ref/target/release/build/rav1e-875bdfa56d0cb1ba/build_script_build-875bdfa56d0cb1ba.exe"
"D. generated build output that should remain uncommitted","native/radar-ref/target/release/build/rav1e-875bdfa56d0cb1ba/build-script-build.exe"
"D. generated build output that should remain uncommitted","native/radar-ref/target/release/build/rayon-core-0f16d08216244af0/build_script_build-0f16d08216244af0.d"
"D. generated build output that should remain uncommitted","native/radar-ref/target/release/build/rayon-core-0f16d08216244af0/build_script_build-0f16d08216244af0.exe"
"D. generated build output that should remain uncommitted","native/radar-ref/target/release/build/rayon-core-0f16d08216244af0/build-script-build.exe"
"D. generated build output that should remain uncommitted","native/radar-ref/target/release/build/serde_core-991e47b94a7a5086/build_script_build-991e47b94a7a5086.d"
"D. generated build output that should remain uncommitted","native/radar-ref/target/release/build/serde_core-991e47b94a7a5086/build_script_build-991e47b94a7a5086.exe"
"D. generated build output that should remain uncommitted","native/radar-ref/target/release/build/serde_core-991e47b94a7a5086/build-script-build.exe"
"D. generated build output that should remain uncommitted","native/radar-ref/target/release/build/serde_json-82a0e3ecd23b1092/build_script_build-82a0e3ecd23b1092.d"
"D. generated build output that should remain uncommitted","native/radar-ref/target/release/build/serde_json-82a0e3ecd23b1092/build_script_build-82a0e3ecd23b1092.exe"
"D. generated build output that should remain uncommitted","native/radar-ref/target/release/build/serde_json-82a0e3ecd23b1092/build-script-build.exe"
"D. generated build output that should remain uncommitted","native/radar-ref/target/release/build/serde-455fddb0de7ed8db/build_script_build-455fddb0de7ed8db.d"
"D. generated build output that should remain uncommitted","native/radar-ref/target/release/build/serde-455fddb0de7ed8db/build_script_build-455fddb0de7ed8db.exe"
"D. generated build output that should remain uncommitted","native/radar-ref/target/release/build/serde-455fddb0de7ed8db/build-script-build.exe"
"D. generated build output that should remain uncommitted","native/radar-ref/target/release/build/thiserror-24b191117af04cfb/build_script_build-24b191117af04cfb.d"
"D. generated build output that should remain uncommitted","native/radar-ref/target/release/build/thiserror-24b191117af04cfb/build_script_build-24b191117af04cfb.exe"
"D. generated build output that should remain uncommitted","native/radar-ref/target/release/build/thiserror-24b191117af04cfb/build-script-build.exe"
"D. generated build output that should remain uncommitted","native/radar-ref/target/release/build/thiserror-7d8d278c5ae66c9d/build_script_build-7d8d278c5ae66c9d.d"
"D. generated build output that should remain uncommitted","native/radar-ref/target/release/build/thiserror-7d8d278c5ae66c9d/build_script_build-7d8d278c5ae66c9d.exe"
"D. generated build output that should remain uncommitted","native/radar-ref/target/release/build/thiserror-7d8d278c5ae66c9d/build-script-build.exe"
"D. generated build output that should remain uncommitted","native/radar-ref/target/release/build/zerocopy-f6c5feb970dbfa0a/build_script_build-f6c5feb970dbfa0a.d"
"D. generated build output that should remain uncommitted","native/radar-ref/target/release/build/zerocopy-f6c5feb970dbfa0a/build_script_build-f6c5feb970dbfa0a.exe"
"D. generated build output that should remain uncommitted","native/radar-ref/target/release/build/zerocopy-f6c5feb970dbfa0a/build-script-build.exe"
"D. generated build output that should remain uncommitted","native/radar-ref/target/release/build/zmij-0ad1e4f91df8c19a/build_script_build-0ad1e4f91df8c19a.d"
"D. generated build output that should remain uncommitted","native/radar-ref/target/release/build/zmij-0ad1e4f91df8c19a/build_script_build-0ad1e4f91df8c19a.exe"
"D. generated build output that should remain uncommitted","native/radar-ref/target/release/build/zmij-0ad1e4f91df8c19a/build-script-build.exe"
"D. generated build output that should remain uncommitted","native/radar-ref/target/release/deps/arg_enum_proc_macro-3092e26512eb053a.d"
"D. generated build output that should remain uncommitted","native/radar-ref/target/release/deps/arg_enum_proc_macro-3092e26512eb053a.dll"
"D. generated build output that should remain uncommitted","native/radar-ref/target/release/deps/autocfg-cd490c0cc3e0f0a0.d"
"D. generated build output that should remain uncommitted","native/radar-ref/target/release/deps/built-678ace74d1623c7f.d"
"D. generated build output that should remain uncommitted","native/radar-ref/target/release/deps/equator_macro-1c53a38a73e83ed5.d"
"D. generated build output that should remain uncommitted","native/radar-ref/target/release/deps/equator_macro-1c53a38a73e83ed5.dll"
"D. generated build output that should remain uncommitted","native/radar-ref/target/release/deps/jni_sys_macros-7a8cfa81e6f593f8.d"
"D. generated build output that should remain uncommitted","native/radar-ref/target/release/deps/jni_sys_macros-7a8cfa81e6f593f8.dll"
"D. generated build output that should remain uncommitted","native/radar-ref/target/release/deps/libarg_enum_proc_macro-3092e26512eb053a.dll.a"
"D. generated build output that should remain uncommitted","native/radar-ref/target/release/deps/libautocfg-cd490c0cc3e0f0a0.rlib"
"D. generated build output that should remain uncommitted","native/radar-ref/target/release/deps/libautocfg-cd490c0cc3e0f0a0.rmeta"
"D. generated build output that should remain uncommitted","native/radar-ref/target/release/deps/libbuilt-678ace74d1623c7f.rlib"
"D. generated build output that should remain uncommitted","native/radar-ref/target/release/deps/libbuilt-678ace74d1623c7f.rmeta"
"D. generated build output that should remain uncommitted","native/radar-ref/target/release/deps/libequator_macro-1c53a38a73e83ed5.dll.a"
"D. generated build output that should remain uncommitted","native/radar-ref/target/release/deps/libjni_sys_macros-7a8cfa81e6f593f8.dll.a"
"D. generated build output that should remain uncommitted","native/radar-ref/target/release/deps/libnoop_proc_macro-78c80edd2d049a92.dll.a"
"D. generated build output that should remain uncommitted","native/radar-ref/target/release/deps/libnum_derive-19ee2e29ac2a7353.dll.a"
"D. generated build output that should remain uncommitted","native/radar-ref/target/release/deps/libpaste-2e5f491153807f25.dll.a"
"D. generated build output that should remain uncommitted","native/radar-ref/target/release/deps/libpastey-d32cd66eae31a00f.dll.a"
"D. generated build output that should remain uncommitted","native/radar-ref/target/release/deps/libproc_macro2-0998db0882a08eda.rlib"
"D. generated build output that should remain uncommitted","native/radar-ref/target/release/deps/libproc_macro2-0998db0882a08eda.rmeta"
"D. generated build output that should remain uncommitted","native/radar-ref/target/release/deps/libprofiling_procmacros-b4669c2f9538e58a.dll.a"
"D. generated build output that should remain uncommitted","native/radar-ref/target/release/deps/libquote-66c935687517eb75.rlib"
"D. generated build output that should remain uncommitted","native/radar-ref/target/release/deps/libquote-66c935687517eb75.rmeta"
"D. generated build output that should remain uncommitted","native/radar-ref/target/release/deps/libserde_derive-fd5669377a4675d3.dll.a"
"D. generated build output that should remain uncommitted","native/radar-ref/target/release/deps/libsimd_helpers-5bd855caafa7edfe.dll.a"
"D. generated build output that should remain uncommitted","native/radar-ref/target/release/deps/libsyn-494ecbfe81afba62.rlib"
"D. generated build output that should remain uncommitted","native/radar-ref/target/release/deps/libsyn-494ecbfe81afba62.rmeta"
"D. generated build output that should remain uncommitted","native/radar-ref/target/release/deps/libsyn-52685eaf22f81a60.rlib"
"D. generated build output that should remain uncommitted","native/radar-ref/target/release/deps/libsyn-52685eaf22f81a60.rmeta"
"D. generated build output that should remain uncommitted","native/radar-ref/target/release/deps/libthiserror_impl-ddabdd1184bbece7.dll.a"
"D. generated build output that should remain uncommitted","native/radar-ref/target/release/deps/libthiserror_impl-f2784637a031c891.dll.a"
"D. generated build output that should remain uncommitted","native/radar-ref/target/release/deps/libunicode_ident-eb63e0f26c8cf3b2.rlib"
"D. generated build output that should remain uncommitted","native/radar-ref/target/release/deps/libunicode_ident-eb63e0f26c8cf3b2.rmeta"
"D. generated build output that should remain uncommitted","native/radar-ref/target/release/deps/libversion_check-b85d6df5f31495fb.rlib"
"D. generated build output that should remain uncommitted","native/radar-ref/target/release/deps/libversion_check-b85d6df5f31495fb.rmeta"
"D. generated build output that should remain uncommitted","native/radar-ref/target/release/deps/libzerocopy_derive-fe9c6ca21c4168ee.dll.a"
"D. generated build output that should remain uncommitted","native/radar-ref/target/release/deps/noop_proc_macro-78c80edd2d049a92.d"
"D. generated build output that should remain uncommitted","native/radar-ref/target/release/deps/noop_proc_macro-78c80edd2d049a92.dll"
"D. generated build output that should remain uncommitted","native/radar-ref/target/release/deps/num_derive-19ee2e29ac2a7353.d"
"D. generated build output that should remain uncommitted","native/radar-ref/target/release/deps/num_derive-19ee2e29ac2a7353.dll"
"D. generated build output that should remain uncommitted","native/radar-ref/target/release/deps/paste-2e5f491153807f25.d"
"D. generated build output that should remain uncommitted","native/radar-ref/target/release/deps/paste-2e5f491153807f25.dll"
"D. generated build output that should remain uncommitted","native/radar-ref/target/release/deps/pastey-d32cd66eae31a00f.d"
"D. generated build output that should remain uncommitted","native/radar-ref/target/release/deps/pastey-d32cd66eae31a00f.dll"
"D. generated build output that should remain uncommitted","native/radar-ref/target/release/deps/proc_macro2-0998db0882a08eda.d"
"D. generated build output that should remain uncommitted","native/radar-ref/target/release/deps/profiling_procmacros-b4669c2f9538e58a.d"
"D. generated build output that should remain uncommitted","native/radar-ref/target/release/deps/profiling_procmacros-b4669c2f9538e58a.dll"
"D. generated build output that should remain uncommitted","native/radar-ref/target/release/deps/quote-66c935687517eb75.d"
"D. generated build output that should remain uncommitted","native/radar-ref/target/release/deps/serde_derive-fd5669377a4675d3.d"
"D. generated build output that should remain uncommitted","native/radar-ref/target/release/deps/serde_derive-fd5669377a4675d3.dll"
"D. generated build output that should remain uncommitted","native/radar-ref/target/release/deps/simd_helpers-5bd855caafa7edfe.d"
"D. generated build output that should remain uncommitted","native/radar-ref/target/release/deps/simd_helpers-5bd855caafa7edfe.dll"
"D. generated build output that should remain uncommitted","native/radar-ref/target/release/deps/syn-494ecbfe81afba62.d"
"D. generated build output that should remain uncommitted","native/radar-ref/target/release/deps/syn-52685eaf22f81a60.d"
"D. generated build output that should remain uncommitted","native/radar-ref/target/release/deps/thiserror_impl-ddabdd1184bbece7.d"
"D. generated build output that should remain uncommitted","native/radar-ref/target/release/deps/thiserror_impl-ddabdd1184bbece7.dll"
"D. generated build output that should remain uncommitted","native/radar-ref/target/release/deps/thiserror_impl-f2784637a031c891.d"
"D. generated build output that should remain uncommitted","native/radar-ref/target/release/deps/thiserror_impl-f2784637a031c891.dll"
"D. generated build output that should remain uncommitted","native/radar-ref/target/release/deps/unicode_ident-eb63e0f26c8cf3b2.d"
"D. generated build output that should remain uncommitted","native/radar-ref/target/release/deps/version_check-b85d6df5f31495fb.d"
"D. generated build output that should remain uncommitted","native/radar-ref/target/release/deps/zerocopy_derive-fe9c6ca21c4168ee.d"
"D. generated build output that should remain uncommitted","native/radar-ref/target/release/deps/zerocopy_derive-fe9c6ca21c4168ee.dll"
"D. generated build output that should remain uncommitted","qa-screenshots/operation-atlas-lock-in/atlas-stress.pid"
"D. generated build output that should remain uncommitted","qa-screenshots/operation-atlas-lock-in/atlas-stress-expanded-corrected.pid"
"E. local secret/environment configuration","android/gradle.properties"
"F. unrelated or uncertain prior work","radar-worker/sites.cjs"
"F. unrelated or uncertain prior work","radar-worker/worker.cjs"
